date,window_id,source_url,source_file_sha256,source_file_bytes,parsed_rows,malformed_rows,malformed_row_rate,total_source_document_weight,active_security_count,unique_active_alias_count,status,manifest_sha256,config_sha256,script_version
2021-01-11,W2021,https://data.gdeltproject.org/gkg/20210111.gkg.csv.zip,47528f01cb16ecdc03696462830d769833ab2b476f8df70d310e88777ba1f3ba,29355779,74168,1,1.3482721891895535e-05,108480,505,500,DOWNLOADED_PARSED_RAW_DELETED,1924d4589afdf855fa03bc3637b273c6dd244a1827c48b620df29a1d6a157799,8184dbc3bfb147e1ba561b316c28e9b5c3a58c9e9d56951d1b6e4fe55a4b4533,2026-08-25-v1-h3-gdelt-alias-coverage-missingness-gate
2021-01-12,W2021,https://data.gdeltproject.org/gkg/20210112.gkg.csv.zip,cd379d543ba7ad7cb92f4a5cd9af68cb1bcddd8ac8a7d2095a75f801ae5caa32,33869711,85655,1,1.1674605398337537e-05,128241,505,500,DOWNLOADED_PARSED_RAW_DELETED,1924d4589afdf855fa03bc3637b273c6dd244a1827c48b620df29a1d6a157799,8184dbc3bfb147e1ba561b316c28e9b5c3a58c9e9d56951d1b6e4fe55a4b4533,2026-08-25-v1-h3-gdelt-alias-coverage-missingness-gate
2021-01-13,W2021,https://data.gdeltproject.org/gkg/20210113.gkg.csv.zip,a8b3ad0a309cf6793dbc3d8d53d8b5474395b64de3b91ba67e0f9dd6cf7f7a73,35310595,89187,1,1.1212270709064e-05,133593,505,500,DOWNLOADED_PARSED_RAW_DELETED,1924d4589afdf855fa03bc3637b273c6dd244a1827c48b620df29a1d6a157799,8184dbc3bfb147e1ba561b316c28e9b5c3a58c9e9d56951d1b6e4fe55a4b4533,2026-08-25-v1-h3-gdelt-alias-coverage-missingness-gate
2021-01-14,W2021,https://data.gdeltproject.org/gkg/20210114.gkg.csv.zip,9bc5c653b1777f6e2631c58ea13bfce7896a5a9776a10be2aefc0b516f18cafd,34311172,86832,1,1.1516358987942372e-05,130817,505,500,DOWNLOADED_PARSED_RAW_DELETED,1924d4589afdf855fa03bc3637b273c6dd244a1827c48b620df29a1d6a157799,8184dbc3bfb147e1ba561b316c28e9b5c3a58c9e9d56951d1b6e4fe55a4b4533,2026-08-25-v1-h3-gdelt-alias-coverage-missingness-gate
2021-01-15,W2021,https://data.gdeltproject.org/gkg/20210115.gkg.csv.zip,7a567a0d3ba02991f905b6cd5dd54969a9fe903c590953534f69fdbedf9b5709,32472453,81481,1,1.2272649174050711e-05,126280,505,500,DOWNLOADED_PARSED_RAW_DELETED,1924d4589afdf855fa03bc3637b273c6dd244a1827c48b620df29a1d6a157799,8184dbc3bfb147e1ba561b316c28e9b5c3a58c9e9d56951d1b6e4fe55a4b4533,2026-08-25-v1-h3-gdelt-alias-coverage-missingness-gate
2021-01-16,W2021,https://data.gdeltproject.org/gkg/20210116.gkg.csv.zip,1e0d62ea887f8373f741fd2446a77905d90e2639b1eb3d8008de7191f2d614c3,19589138,48347,1,2.0683378836766775e-05,76429,505,500,DOWNLOADED_PARSED_RAW_DELETED,1924d4589afdf855fa03bc3637b273c6dd244a1827c48b620df29a1d6a157799,8184dbc3bfb147e1ba561b316c28e9b5c3a58c9e9d56951d1b6e4fe55a4b4533,2026-08-25-v1-h3-gdelt-alias-coverage-missingness-gate
2021-01-17,W2021,https://data.gdeltproject.org/gkg/20210117.gkg.csv.zip,843a972795f4463fb4d0bdf665a4d4a12fcb79be001eb677c9304f6c45c40b84,17145708,41235,1,2.425065476767873e-05,65027,505,500,DOWNLOADED_PARSED_RAW_DELETED,1924d4589afdf855fa03bc3637b273c6dd244a1827c48b620df29a1d6a157799,8184dbc3bfb147e1ba561b316c28e9b5c3a58c9e9d56951d1b6e4fe55a4b4533,2026-08-25-v1-h3-gdelt-alias-coverage-missingness-gate
2022-04-11,W2022,https://data.gdeltproject.org/gkg/20220411.gkg.csv.zip,c24364e54e9d0091d6a2c6c3e810056ecc7f35a474795afee315ba53e33bb0e1,25058571,62694,1,1.5950235265970173e-05,92410,504,500,DOWNLOADED_PARSED_RAW_DELETED,1924d4589afdf855fa03bc3637b273c6dd244a1827c48b620df29a1d6a157799,8184dbc3bfb147e1ba561b316c28e9b5c3a58c9e9d56951d1b6e4fe55a4b4533,2026-08-25-v1-h3-gdelt-alias-coverage-missingness-gate
2022-04-12,W2022,https://data.gdeltproject.org/gkg/20220412.gkg.csv.zip,303b76f5f86356db2475e1fcd172ccd4ad9c919abab870e67a0e769b0454f1c0,27767300,70039,1,1.4277555682467162e-05,104748,504,500,DOWNLOADED_PARSED_RAW_DELETED,1924d4589afdf855fa03bc3637b273c6dd244a1827c48b620df29a1d6a157799,8184dbc3bfb147e1ba561b316c28e9b5c3a58c9e9d56951d1b6e4fe55a4b4533,2026-08-25-v1-h3-gdelt-alias-coverage-missingness-gate
2022-04-13,W2022,https://data.gdeltproject.org/gkg/20220413.gkg.csv.zip,ee71728a2379dcd74d17e1adcf6b1ae94e7429306d670077ada7c1d751097464,28779672,71820,1,1.3923504267554058e-05,104597,504,500,DOWNLOADED_PARSED_RAW_DELETED,1924d4589afdf855fa03bc3637b273c6dd244a1827c48b620df29a1d6a157799,8184dbc3bfb147e1ba561b316c28e9b5c3a58c9e9d56951d1b6e4fe55a4b4533,2026-08-25-v1-h3-gdelt-alias-coverage-missingness-gate
2022-04-14,W2022,https://data.gdeltproject.org/gkg/20220414.gkg.csv.zip,846f32f1a7951143c2d58cdbdc6bcdc232d5343edab7f232c77e0ae1391d20d7,27916390,69578,1,1.4372152517282514e-05,101187,504,500,DOWNLOADED_PARSED_RAW_DELETED,1924d4589afdf855fa03bc3637b273c6dd244a1827c48b620df29a1d6a157799,8184dbc3bfb147e1ba561b316c28e9b5c3a58c9e9d56951d1b6e4fe55a4b4533,2026-08-25-v1-h3-gdelt-alias-coverage-missingness-gate
2022-04-15,W2022,https://data.gdeltproject.org/gkg/20220415.gkg.csv.zip,8895bc7d2dc903318b960d5fbd1da475d36e84713c96194d21ec1e2979871000,22131781,54622,1,1.83073064460026e-05,83390,504,500,DOWNLOADED_PARSED_RAW_DELETED,1924d4589afdf855fa03bc3637b273c6dd244a1827c48b620df29a1d6a157799,8184dbc3bfb147e1ba561b316c28e9b5c3a58c9e9d56951d1b6e4fe55a4b4533,2026-08-25-v1-h3-gdelt-alias-coverage-missingness-gate
2022-04-16,W2022,https://data.gdeltproject.org/gkg/20220416.gkg.csv.zip,5fee27d6f96b2921f14a6b39f2fdf41cc32ebecb0712eb8e895c470e6a5fa88a,14410522,35130,1,2.8464888559961287e-05,55414,504,500,DOWNLOADED_PARSED_RAW_DELETED,1924d4589afdf855fa03bc3637b273c6dd244a1827c48b620df29a1d6a157799,8184dbc3bfb147e1ba561b316c28e9b5c3a58c9e9d56951d1b6e4fe55a4b4533,2026-08-25-v1-h3-gdelt-alias-coverage-missingness-gate
2022-04-17,W2022,https://data.gdeltproject.org/gkg/20220417.gkg.csv.zip,360f125f5acf3a9a921589a1100b18c05b79c89014b18ca26b89defaed5fec17,12846537,31425,1,3.1820785336982115e-05,47870,504,500,DOWNLOADED_PARSED_RAW_DELETED,1924d4589afdf855fa03bc3637b273c6dd244a1827c48b620df29a1d6a157799,8184dbc3bfb147e1ba561b316c28e9b5c3a58c9e9d56951d1b6e4fe55a4b4533,2026-08-25-v1-h3-gdelt-alias-coverage-missingness-gate
2023-07-10,W2023,https://data.gdeltproject.org/gkg/20230710.gkg.csv.zip,3122f99c13d980c088d4a66dccfd780bdcc891faee182d73804527c1281e23a4,43318776,109152,1,9.161452273414382e-06,122328,503,500,DOWNLOADED_PARSED_RAW_DELETED,1924d4589afdf855fa03bc3637b273c6dd244a1827c48b620df29a1d6a157799,8184dbc3bfb147e1ba561b316c28e9b5c3a58c9e9d56951d1b6e4fe55a4b4533,2026-08-25-v1-h3-gdelt-alias-coverage-missingness-gate
2023-07-11,W2023,https://data.gdeltproject.org/gkg/20230711.gkg.csv.zip,1771f128aee027b63a070f96fb7bc7ceecfb3a5f09d1fe456876741d136f58f8,49402606,123669,1,8.086035416835126e-06,138665,503,500,DOWNLOADED_PARSED_RAW_DELETED,1924d4589afdf855fa03bc3637b273c6dd244a1827c48b620df29a1d6a157799,8184dbc3bfb147e1ba561b316c28e9b5c3a58c9e9d56951d1b6e4fe55a4b4533,2026-08-25-v1-h3-gdelt-alias-coverage-missingness-gate
2023-07-12,W2023,https://data.gdeltproject.org/gkg/20230712.gkg.csv.zip,b2a562108775600ac58758778736059f90e70ce24c4f9db52aa2df011662d7b7,50241083,126930,1,7.878296082123359e-06,141201,503,500,DOWNLOADED_PARSED_RAW_DELETED,1924d4589afdf855fa03bc3637b273c6dd244a1827c48b620df29a1d6a157799,8184dbc3bfb147e1ba561b316c28e9b5c3a58c9e9d56951d1b6e4fe55a4b4533,2026-08-25-v1-h3-gdelt-alias-coverage-missingness-gate
2023-07-13,W2023,https://data.gdeltproject.org/gkg/20230713.gkg.csv.zip,d1fce6cfeb698e48a66be59b2e33e618ca5b245e040c362870e3a8c86f804a75,49718439,125176,1,7.988688017766842e-06,138610,503,500,DOWNLOADED_PARSED_RAW_DELETED,1924d4589afdf855fa03bc3637b273c6dd244a1827c48b620df29a1d6a157799,8184dbc3bfb147e1ba561b316c28e9b5c3a58c9e9d56951d1b6e4fe55a4b4533,2026-08-25-v1-h3-gdelt-alias-coverage-missingness-gate
2023-07-14,W2023,https://data.gdeltproject.org/gkg/20230714.gkg.csv.zip,21638fc91c509357761d09f622c837be401b0f05011d39c268bd3afe9e9fd9f6,46881063,118343,1,8.449942540390725e-06,132395,503,500,DOWNLOADED_PARSED_RAW_DELETED,1924d4589afdf855fa03bc3637b273c6dd244a1827c48b620df29a1d6a157799,8184dbc3bfb147e1ba561b316c28e9b5c3a58c9e9d56951d1b6e4fe55a4b4533,2026-08-25-v1-h3-gdelt-alias-coverage-missingness-gate
2023-07-15,W2023,https://data.gdeltproject.org/gkg/20230715.gkg.csv.zip,0ef6d50b0241f84a19a47657542a679ed35330dc0eaaaa1b3c9b77c0636fcbb8,28048027,69996,1,1.4286326556852436e-05,78053,503,500,DOWNLOADED_PARSED_RAW_DELETED,1924d4589afdf855fa03bc3637b273c6dd244a1827c48b620df29a1d6a157799,8184dbc3bfb147e1ba561b316c28e9b5c3a58c9e9d56951d1b6e4fe55a4b4533,2026-08-25-v1-h3-gdelt-alias-coverage-missingness-gate
2023-07-16,W2023,https://data.gdeltproject.org/gkg/20230716.gkg.csv.zip,369efd38572b77ca40fcdc382f5bae95f6f5fa1546d5ce09cdddfe0f69bd9b2d,24081745,59759,1,1.673360107095047e-05,67093,503,500,DOWNLOADED_PARSED_RAW_DELETED,1924d4589afdf855fa03bc3637b273c6dd244a1827c48b620df29a1d6a157799,8184dbc3bfb147e1ba561b316c28e9b5c3a58c9e9d56951d1b6e4fe55a4b4533,2026-08-25-v1-h3-gdelt-alias-coverage-missingness-gate
2024-10-07,W2024,https://data.gdeltproject.org/gkg/20241007.gkg.csv.zip,0065dda18034727a0cf387e0dd19f54511a7d119ae89d6e50d206563970c820f,38493978,95287,1,1.0494500881538074e-05,105360,503,500,DOWNLOADED_PARSED_RAW_DELETED,1924d4589afdf855fa03bc3637b273c6dd244a1827c48b620df29a1d6a157799,8184dbc3bfb147e1ba561b316c28e9b5c3a58c9e9d56951d1b6e4fe55a4b4533,2026-08-25-v1-h3-gdelt-alias-coverage-missingness-gate
2024-10-08,W2024,https://data.gdeltproject.org/gkg/20241008.gkg.csv.zip,e8eee2d87efab3e71b3f2cc12b3b083e9356f49a2b3873095bd7ae0a551122dc,42375165,108284,1,9.234889412199289e-06,120581,503,500,DOWNLOADED_PARSED_RAW_DELETED,1924d4589afdf855fa03bc3637b273c6dd244a1827c48b620df29a1d6a157799,8184dbc3bfb147e1ba561b316c28e9b5c3a58c9e9d56951d1b6e4fe55a4b4533,2026-08-25-v1-h3-gdelt-alias-coverage-missingness-gate
2024-10-09,W2024,https://data.gdeltproject.org/gkg/20241009.gkg.csv.zip,33866611c5e937458fc9b9e7cef85b4134c59d4eca0a4851237fb1e905693260,42841932,108974,1,9.176416609314063e-06,119764,503,500,DOWNLOADED_PARSED_RAW_DELETED,1924d4589afdf855fa03bc3637b273c6dd244a1827c48b620df29a1d6a157799,8184dbc3bfb147e1ba561b316c28e9b5c3a58c9e9d56951d1b6e4fe55a4b4533,2026-08-25-v1-h3-gdelt-alias-coverage-missingness-gate
2024-10-10,W2024,https://data.gdeltproject.org/gkg/20241010.gkg.csv.zip,edde2f07fd8143edf2341e9d49c8cd912ba97ca43631f7943f11c883cde818b6,42481793,106783,1,9.364698831285586e-06,118509,503,500,DOWNLOADED_PARSED_RAW_DELETED,1924d4589afdf855fa03bc3637b273c6dd244a1827c48b620df29a1d6a157799,8184dbc3bfb147e1ba561b316c28e9b5c3a58c9e9d56951d1b6e4fe55a4b4533,2026-08-25-v1-h3-gdelt-alias-coverage-missingness-gate
2024-10-11,W2024,https://data.gdeltproject.org/gkg/20241011.gkg.csv.zip,385e38ad89c43ee0060f876b600e979b7aadeb5eb5a33a224f8362406efac6ab,39699943,100077,1,9.99220607925818e-06,112517,503,500,DOWNLOADED_PARSED_RAW_DELETED,1924d4589afdf855fa03bc3637b273c6dd244a1827c48b620df29a1d6a157799,8184dbc3bfb147e1ba561b316c28e9b5c3a58c9e9d56951d1b6e4fe55a4b4533,2026-08-25-v1-h3-gdelt-alias-coverage-missingness-gate
2024-10-12,W2024,https://data.gdeltproject.org/gkg/20241012.gkg.csv.zip,73444e88ae9e1aef6630a80c3f7f277663b0479061db01cdc66d0d2faf6e0204,22500122,56576,1,1.7675026954416105e-05,62304,503,500,DOWNLOADED_PARSED_RAW_DELETED,1924d4589afdf855fa03bc3637b273c6dd244a1827c48b620df29a1d6a157799,8184dbc3bfb147e1ba561b316c28e9b5c3a58c9e9d56951d1b6e4fe55a4b4533,2026-08-25-v1-h3-gdelt-alias-coverage-missingness-gate
2024-10-13,W2024,https://data.gdeltproject.org/gkg/20241013.gkg.csv.zip,ff2c523416cec6b3cc996b5655b272bec28a95754f3605662ba5c18a5c3a0ceb,20966741,52652,1,1.8992270146050556e-05,57270,503,500,DOWNLOADED_PARSED_RAW_DELETED,1924d4589afdf855fa03bc3637b273c6dd244a1827c48b620df29a1d6a157799,8184dbc3bfb147e1ba561b316c28e9b5c3a58c9e9d56951d1b6e4fe55a4b4533,2026-08-25-v1-h3-gdelt-alias-coverage-missingness-gate
2025-12-08,W2025,https://data.gdeltproject.org/gkg/20251208.gkg.csv.zip,cb96e18727590e87514a72c53983db26d685791f7dca242c78c02deba0dc093e,30676303,79280,1,1.2613362596334557e-05,87099,503,500,DOWNLOADED_PARSED_RAW_DELETED,1924d4589afdf855fa03bc3637b273c6dd244a1827c48b620df29a1d6a157799,8184dbc3bfb147e1ba561b316c28e9b5c3a58c9e9d56951d1b6e4fe55a4b4533,2026-08-25-v1-h3-gdelt-alias-coverage-missingness-gate
2025-12-09,W2025,https://data.gdeltproject.org/gkg/20251209.gkg.csv.zip,f05fb2f7d41c7f4c6f1dbea89cd5f3fbd70e0b746d43a82e80d492583a4a5db9,35307628,91337,1,1.094834570496398e-05,101403,503,500,DOWNLOADED_PARSED_RAW_DELETED,1924d4589afdf855fa03bc3637b273c6dd244a1827c48b620df29a1d6a157799,8184dbc3bfb147e1ba561b316c28e9b5c3a58c9e9d56951d1b6e4fe55a4b4533,2026-08-25-v1-h3-gdelt-alias-coverage-missingness-gate
2025-12-10,W2025,https://data.gdeltproject.org/gkg/20251210.gkg.csv.zip,2cb340c0bb1374382fad7da4044dbc07563653e70eb33adde5895533ab98b5d3,35419553,92355,1,1.0827666854346225e-05,103038,503,500,DOWNLOADED_PARSED_RAW_DELETED,1924d4589afdf855fa03bc3637b273c6dd244a1827c48b620df29a1d6a157799,8184dbc3bfb147e1ba561b316c28e9b5c3a58c9e9d56951d1b6e4fe55a4b4533,2026-08-25-v1-h3-gdelt-alias-coverage-missingness-gate
2025-12-11,W2025,https://data.gdeltproject.org/gkg/20251211.gkg.csv.zip,48140bf9b397ca5f5f6fd3d78fc02af7f0666502609946a15a37ab122d271672,36345424,92914,1,1.0762524888338805e-05,103418,503,500,DOWNLOADED_PARSED_RAW_DELETED,1924d4589afdf855fa03bc3637b273c6dd244a1827c48b620df29a1d6a157799,8184dbc3bfb147e1ba561b316c28e9b5c3a58c9e9d56951d1b6e4fe55a4b4533,2026-08-25-v1-h3-gdelt-alias-coverage-missingness-gate
2025-12-12,W2025,https://data.gdeltproject.org/gkg/20251212.gkg.csv.zip,4476a21fbabe886c97444343cc5587fe0759e597bb685d8f363cef74b4aa52bc,33222311,85894,1,1.1642121194481635e-05,96355,503,500,DOWNLOADED_PARSED_RAW_DELETED,1924d4589afdf855fa03bc3637b273c6dd244a1827c48b620df29a1d6a157799,8184dbc3bfb147e1ba561b316c28e9b5c3a58c9e9d56951d1b6e4fe55a4b4533,2026-08-25-v1-h3-gdelt-alias-coverage-missingness-gate
2025-12-13,W2025,https://data.gdeltproject.org/gkg/20251213.gkg.csv.zip,de810d7deb0e387a502a49d2db131ef07bef3694690d10d262d398b0015889cb,19600113,51333,1,1.9480266490045583e-05,57998,503,500,DOWNLOADED_PARSED_RAW_DELETED,1924d4589afdf855fa03bc3637b273c6dd244a1827c48b620df29a1d6a157799,8184dbc3bfb147e1ba561b316c28e9b5c3a58c9e9d56951d1b6e4fe55a4b4533,2026-08-25-v1-h3-gdelt-alias-coverage-missingness-gate
2025-12-14,W2025,https://data.gdeltproject.org/gkg/20251214.gkg.csv.zip,0ba539479aed3d428ff664fb8c2a40f805057758dd7fc278a2d5c4194afef613,17742733,44220,1,2.2613690328124646e-05,48170,503,500,DOWNLOADED_PARSED_RAW_DELETED,1924d4589afdf855fa03bc3637b273c6dd244a1827c48b620df29a1d6a157799,8184dbc3bfb147e1ba561b316c28e9b5c3a58c9e9d56951d1b6e4fe55a4b4533,2026-08-25-v1-h3-gdelt-alias-coverage-missingness-gate
