anchor_id,date,ticker,canonical_company_name,ambiguity_tier,matched_source_documents,matched_namesets,total_source_documents,total_namesets,malformed_rows,configured_csv_field_limit,news_attention_share,mentions_per_100k_source_documents
A2021,2021-01-11,NVDA,NVIDIA Corporation,LOW,72,64,108480,74168,1,922337203,0.000663716814159292,66.3716814159292
A2021,2021-01-11,NFLX,"Netflix, Inc.",LOW,719,550,108480,74168,1,922337203,0.006627949852507375,662.7949852507375
A2021,2021-01-11,NUE,Nucor Corporation,LOW,3,3,108480,74168,1,922337203,2.7654867256637168e-05,2.765486725663717
A2021,2021-01-11,ALB,Albemarle Corporation,LOW,4,4,108480,74168,1,922337203,3.687315634218289e-05,3.687315634218289
A2021,2021-01-11,WMT,Walmart Inc.,LOW,185,162,108480,74168,1,922337203,0.0017053834808259587,170.53834808259586
A2021,2021-01-11,META,"Meta Platforms, Inc.",MEDIUM,5593,3872,108480,74168,1,922337203,0.05155789085545723,5155.789085545723
A2021,2021-01-11,CEG,Constellation Energy Corporation,MEDIUM,0,0,108480,74168,1,922337203,0.0,0.0
A2021,2021-01-11,LLY,Eli Lilly and Company,MEDIUM,120,79,108480,74168,1,922337203,0.0011061946902654867,110.61946902654867
A2021,2021-01-11,TSLA,"Tesla, Inc.",MEDIUM,128,104,108480,74168,1,922337203,0.0011799410029498525,117.99410029498524
A2021,2021-01-11,MPC,Marathon Petroleum Corporation,MEDIUM,3,3,108480,74168,1,922337203,2.7654867256637168e-05,2.765486725663717
A2021,2021-01-11,NRG,"NRG Energy, Inc.",MEDIUM,0,0,108480,74168,1,922337203,0.0,0.0
A2021,2021-01-11,WMB,"The Williams Companies, Inc.",MEDIUM,0,0,108480,74168,1,922337203,0.0,0.0
A2021,2021-01-11,IRM,Iron Mountain Incorporated,HIGH,0,0,108480,74168,1,922337203,0.0,0.0
A2021,2021-01-11,MOS,The Mosaic Company,HIGH,2,2,108480,74168,1,922337203,1.8436578171091445e-05,1.8436578171091444
A2021,2021-01-11,TPL,Texas Pacific Land Corporation,MEDIUM,0,0,108480,74168,1,922337203,0.0,0.0
A2021,2021-01-12,NVDA,NVIDIA Corporation,LOW,126,111,128241,85655,1,922337203,0.0009825250894799635,98.25250894799635
A2021,2021-01-12,NFLX,"Netflix, Inc.",LOW,1376,665,128241,85655,1,922337203,0.01072979780257484,1072.979780257484
A2021,2021-01-12,NUE,Nucor Corporation,LOW,0,0,128241,85655,1,922337203,0.0,0.0
A2021,2021-01-12,ALB,Albemarle Corporation,LOW,3,3,128241,85655,1,922337203,2.3393454511427702e-05,2.33934545114277
A2021,2021-01-12,WMT,Walmart Inc.,LOW,321,244,128241,85655,1,922337203,0.0025030996327227643,250.3099632722764
A2021,2021-01-12,META,"Meta Platforms, Inc.",MEDIUM,6117,4398,128241,85655,1,922337203,0.04769925374880109,4769.925374880108
A2021,2021-01-12,CEG,Constellation Energy Corporation,MEDIUM,0,0,128241,85655,1,922337203,0.0,0.0
A2021,2021-01-12,LLY,Eli Lilly and Company,MEDIUM,359,160,128241,85655,1,922337203,0.0027994167232008485,279.9416723200848
A2021,2021-01-12,TSLA,"Tesla, Inc.",MEDIUM,95,63,128241,85655,1,922337203,0.0007407927261952106,74.07927261952106
A2021,2021-01-12,MPC,Marathon Petroleum Corporation,MEDIUM,9,7,128241,85655,1,922337203,7.01803635342831e-05,7.018036353428311
A2021,2021-01-12,NRG,"NRG Energy, Inc.",MEDIUM,0,0,128241,85655,1,922337203,0.0,0.0
A2021,2021-01-12,WMB,"The Williams Companies, Inc.",MEDIUM,0,0,128241,85655,1,922337203,0.0,0.0
A2021,2021-01-12,IRM,Iron Mountain Incorporated,HIGH,0,0,128241,85655,1,922337203,0.0,0.0
A2021,2021-01-12,MOS,The Mosaic Company,HIGH,4,2,128241,85655,1,922337203,3.11912726819036e-05,3.1191272681903603
A2021,2021-01-12,TPL,Texas Pacific Land Corporation,MEDIUM,0,0,128241,85655,1,922337203,0.0,0.0
A2021,2021-01-13,NVDA,NVIDIA Corporation,LOW,140,108,133593,89187,1,922337203,0.001047959099653425,104.79590996534249
A2021,2021-01-13,NFLX,"Netflix, Inc.",LOW,1098,742,133593,89187,1,922337203,0.008218993510139005,821.8993510139004
A2021,2021-01-13,NUE,Nucor Corporation,LOW,2,2,133593,89187,1,922337203,1.4970844280763214e-05,1.4970844280763214
A2021,2021-01-13,ALB,Albemarle Corporation,LOW,4,2,133593,89187,1,922337203,2.9941688561526427e-05,2.9941688561526427
A2021,2021-01-13,WMT,Walmart Inc.,LOW,667,381,133593,89187,1,922337203,0.004992776567634531,499.2776567634532
A2021,2021-01-13,META,"Meta Platforms, Inc.",MEDIUM,6306,4381,133593,89187,1,922337203,0.04720307201724641,4720.307201724641
A2021,2021-01-13,CEG,Constellation Energy Corporation,MEDIUM,0,0,133593,89187,1,922337203,0.0,0.0
A2021,2021-01-13,LLY,Eli Lilly and Company,MEDIUM,61,48,133593,89187,1,922337203,0.000456610750563278,45.6610750563278
A2021,2021-01-13,TSLA,"Tesla, Inc.",MEDIUM,61,54,133593,89187,1,922337203,0.000456610750563278,45.6610750563278
A2021,2021-01-13,MPC,Marathon Petroleum Corporation,MEDIUM,22,12,133593,89187,1,922337203,0.00016467928708839536,16.467928708839533
A2021,2021-01-13,NRG,"NRG Energy, Inc.",MEDIUM,0,0,133593,89187,1,922337203,0.0,0.0
A2021,2021-01-13,WMB,"The Williams Companies, Inc.",MEDIUM,0,0,133593,89187,1,922337203,0.0,0.0
A2021,2021-01-13,IRM,Iron Mountain Incorporated,HIGH,0,0,133593,89187,1,922337203,0.0,0.0
A2021,2021-01-13,MOS,The Mosaic Company,HIGH,5,4,133593,89187,1,922337203,3.7427110701908035e-05,3.7427110701908033
A2021,2021-01-13,TPL,Texas Pacific Land Corporation,MEDIUM,0,0,133593,89187,1,922337203,0.0,0.0
A2021,2021-01-14,NVDA,NVIDIA Corporation,LOW,107,84,130817,86832,1,922337203,0.0008179365067231323,81.79365067231323
A2021,2021-01-14,NFLX,"Netflix, Inc.",LOW,1070,626,130817,86832,1,922337203,0.008179365067231324,817.9365067231323
A2021,2021-01-14,NUE,Nucor Corporation,LOW,3,3,130817,86832,1,922337203,2.29327992539196e-05,2.2932799253919596
A2021,2021-01-14,ALB,Albemarle Corporation,LOW,5,5,130817,86832,1,922337203,3.8221332089865995e-05,3.8221332089865996
A2021,2021-01-14,WMT,Walmart Inc.,LOW,329,265,130817,86832,1,922337203,0.0025149636515131826,251.49636515131826
A2021,2021-01-14,META,"Meta Platforms, Inc.",MEDIUM,5369,4088,130817,86832,1,922337203,0.041042066398098105,4104.20663980981
A2021,2021-01-14,CEG,Constellation Energy Corporation,MEDIUM,0,0,130817,86832,1,922337203,0.0,0.0
A2021,2021-01-14,LLY,Eli Lilly and Company,MEDIUM,48,40,130817,86832,1,922337203,0.0003669247880627136,36.69247880627135
A2021,2021-01-14,TSLA,"Tesla, Inc.",MEDIUM,96,58,130817,86832,1,922337203,0.0007338495761254272,73.3849576125427
A2021,2021-01-14,MPC,Marathon Petroleum Corporation,MEDIUM,18,12,130817,86832,1,922337203,0.0001375967955235176,13.75967955235176
A2021,2021-01-14,NRG,"NRG Energy, Inc.",MEDIUM,0,0,130817,86832,1,922337203,0.0,0.0
A2021,2021-01-14,WMB,"The Williams Companies, Inc.",MEDIUM,0,0,130817,86832,1,922337203,0.0,0.0
A2021,2021-01-14,IRM,Iron Mountain Incorporated,HIGH,3,3,130817,86832,1,922337203,2.29327992539196e-05,2.2932799253919596
A2021,2021-01-14,MOS,The Mosaic Company,HIGH,4,2,130817,86832,1,922337203,3.05770656718928e-05,3.0577065671892796
A2021,2021-01-14,TPL,Texas Pacific Land Corporation,MEDIUM,0,0,130817,86832,1,922337203,0.0,0.0
A2021,2021-01-15,NVDA,NVIDIA Corporation,LOW,75,63,126280,81481,1,922337203,0.0005939182768451061,59.39182768451061
A2021,2021-01-15,NFLX,"Netflix, Inc.",LOW,970,691,126280,81481,1,922337203,0.007681343047196706,768.1343047196706
A2021,2021-01-15,NUE,Nucor Corporation,LOW,3,3,126280,81481,1,922337203,2.3756731073804245e-05,2.3756731073804245
A2021,2021-01-15,ALB,Albemarle Corporation,LOW,4,2,126280,81481,1,922337203,3.167564143173899e-05,3.1675641431738994
A2021,2021-01-15,WMT,Walmart Inc.,LOW,304,244,126280,81481,1,922337203,0.0024073487488121634,240.73487488121634
A2021,2021-01-15,META,"Meta Platforms, Inc.",MEDIUM,5339,3707,126280,81481,1,922337203,0.04227906240101362,4227.906240101362
A2021,2021-01-15,CEG,Constellation Energy Corporation,MEDIUM,0,0,126280,81481,1,922337203,0.0,0.0
A2021,2021-01-15,LLY,Eli Lilly and Company,MEDIUM,61,40,126280,81481,1,922337203,0.00048305353183401964,48.30535318340196
A2021,2021-01-15,TSLA,"Tesla, Inc.",MEDIUM,36,33,126280,81481,1,922337203,0.00028508077288565093,28.508077288565094
A2021,2021-01-15,MPC,Marathon Petroleum Corporation,MEDIUM,5,5,126280,81481,1,922337203,3.959455178967374e-05,3.959455178967374
A2021,2021-01-15,NRG,"NRG Energy, Inc.",MEDIUM,0,0,126280,81481,1,922337203,0.0,0.0
A2021,2021-01-15,WMB,"The Williams Companies, Inc.",MEDIUM,0,0,126280,81481,1,922337203,0.0,0.0
A2021,2021-01-15,IRM,Iron Mountain Incorporated,HIGH,4,2,126280,81481,1,922337203,3.167564143173899e-05,3.1675641431738994
A2021,2021-01-15,MOS,The Mosaic Company,HIGH,9,3,126280,81481,1,922337203,7.127019322141273e-05,7.127019322141273
A2021,2021-01-15,TPL,Texas Pacific Land Corporation,MEDIUM,1,1,126280,81481,1,922337203,7.918910357934748e-06,0.7918910357934749
A2021,2021-01-16,NVDA,NVIDIA Corporation,LOW,19,19,76429,48347,1,922337203,0.000248596736840728,24.8596736840728
A2021,2021-01-16,NFLX,"Netflix, Inc.",LOW,617,388,76429,48347,1,922337203,0.008072851927933115,807.2851927933115
A2021,2021-01-16,NUE,Nucor Corporation,LOW,0,0,76429,48347,1,922337203,0.0,0.0
A2021,2021-01-16,ALB,Albemarle Corporation,LOW,3,3,76429,48347,1,922337203,3.925211634327284e-05,3.925211634327284
A2021,2021-01-16,WMT,Walmart Inc.,LOW,259,157,76429,48347,1,922337203,0.003388766044302555,338.87660443025555
A2021,2021-01-16,META,"Meta Platforms, Inc.",MEDIUM,3654,2377,76429,48347,1,922337203,0.04780907770610632,4780.907770610632
A2021,2021-01-16,CEG,Constellation Energy Corporation,MEDIUM,0,0,76429,48347,1,922337203,0.0,0.0
A2021,2021-01-16,LLY,Eli Lilly and Company,MEDIUM,25,22,76429,48347,1,922337203,0.00032710096952727366,32.71009695272737
A2021,2021-01-16,TSLA,"Tesla, Inc.",MEDIUM,16,16,76429,48347,1,922337203,0.00020934462049745515,20.934462049745516
A2021,2021-01-16,MPC,Marathon Petroleum Corporation,MEDIUM,2,2,76429,48347,1,922337203,2.6168077562181894e-05,2.6168077562181895
A2021,2021-01-16,NRG,"NRG Energy, Inc.",MEDIUM,0,0,76429,48347,1,922337203,0.0,0.0
A2021,2021-01-16,WMB,"The Williams Companies, Inc.",MEDIUM,0,0,76429,48347,1,922337203,0.0,0.0
A2021,2021-01-16,IRM,Iron Mountain Incorporated,HIGH,1,1,76429,48347,1,922337203,1.3084038781090947e-05,1.3084038781090948
A2021,2021-01-16,MOS,The Mosaic Company,HIGH,1,1,76429,48347,1,922337203,1.3084038781090947e-05,1.3084038781090948
A2021,2021-01-16,TPL,Texas Pacific Land Corporation,MEDIUM,0,0,76429,48347,1,922337203,0.0,0.0
A2021,2021-01-17,NVDA,NVIDIA Corporation,LOW,13,9,65027,41235,1,922337203,0.00019991695757147032,19.99169575714703
A2021,2021-01-17,NFLX,"Netflix, Inc.",LOW,393,331,65027,41235,1,922337203,0.006043643409660603,604.3643409660602
A2021,2021-01-17,NUE,Nucor Corporation,LOW,0,0,65027,41235,1,922337203,0.0,0.0
A2021,2021-01-17,ALB,Albemarle Corporation,LOW,1,1,65027,41235,1,922337203,1.5378227505497718e-05,1.5378227505497717
A2021,2021-01-17,WMT,Walmart Inc.,LOW,134,93,65027,41235,1,922337203,0.002060682485736694,206.0682485736694
A2021,2021-01-17,META,"Meta Platforms, Inc.",MEDIUM,3009,2036,65027,41235,1,922337203,0.04627308656404263,4627.308656404263
A2021,2021-01-17,CEG,Constellation Energy Corporation,MEDIUM,0,0,65027,41235,1,922337203,0.0,0.0
A2021,2021-01-17,LLY,Eli Lilly and Company,MEDIUM,22,18,65027,41235,1,922337203,0.00033832100512094977,33.832100512094975
A2021,2021-01-17,TSLA,"Tesla, Inc.",MEDIUM,12,12,65027,41235,1,922337203,0.0001845387300659726,18.45387300659726
A2021,2021-01-17,MPC,Marathon Petroleum Corporation,MEDIUM,0,0,65027,41235,1,922337203,0.0,0.0
A2021,2021-01-17,NRG,"NRG Energy, Inc.",MEDIUM,0,0,65027,41235,1,922337203,0.0,0.0
A2021,2021-01-17,WMB,"The Williams Companies, Inc.",MEDIUM,0,0,65027,41235,1,922337203,0.0,0.0
A2021,2021-01-17,IRM,Iron Mountain Incorporated,HIGH,1,1,65027,41235,1,922337203,1.5378227505497718e-05,1.5378227505497717
A2021,2021-01-17,MOS,The Mosaic Company,HIGH,0,0,65027,41235,1,922337203,0.0,0.0
A2021,2021-01-17,TPL,Texas Pacific Land Corporation,MEDIUM,1,1,65027,41235,1,922337203,1.5378227505497718e-05,1.5378227505497717
A2022,2022-04-11,NVDA,NVIDIA Corporation,LOW,73,63,92410,62694,1,922337203,0.0007899577967752408,78.99577967752408
A2022,2022-04-11,NFLX,"Netflix, Inc.",LOW,599,439,92410,62694,1,922337203,0.006481982469429715,648.1982469429715
A2022,2022-04-11,NUE,Nucor Corporation,LOW,0,0,92410,62694,1,922337203,0.0,0.0
A2022,2022-04-11,ALB,Albemarle Corporation,LOW,4,2,92410,62694,1,922337203,4.328535872741045e-05,4.328535872741045
A2022,2022-04-11,WMT,Walmart Inc.,LOW,641,330,92410,62694,1,922337203,0.006936478736067525,693.6478736067526
A2022,2022-04-11,META,"Meta Platforms, Inc.",MEDIUM,2486,1874,92410,62694,1,922337203,0.026901850449085597,2690.1850449085596
A2022,2022-04-11,CEG,Constellation Energy Corporation,MEDIUM,1,1,92410,62694,1,922337203,1.0821339681852613e-05,1.0821339681852613
A2022,2022-04-11,LLY,Eli Lilly and Company,MEDIUM,43,36,92410,62694,1,922337203,0.00046531760631966237,46.531760631966236
A2022,2022-04-11,TSLA,"Tesla, Inc.",MEDIUM,97,85,92410,62694,1,922337203,0.0010496699491397035,104.96699491397035
A2022,2022-04-11,MPC,Marathon Petroleum Corporation,MEDIUM,4,3,92410,62694,1,922337203,4.328535872741045e-05,4.328535872741045
A2022,2022-04-11,NRG,"NRG Energy, Inc.",MEDIUM,0,0,92410,62694,1,922337203,0.0,0.0
A2022,2022-04-11,WMB,"The Williams Companies, Inc.",MEDIUM,2,2,92410,62694,1,922337203,2.1642679363705225e-05,2.1642679363705226
A2022,2022-04-11,IRM,Iron Mountain Incorporated,HIGH,3,3,92410,62694,1,922337203,3.246401904555784e-05,3.246401904555784
A2022,2022-04-11,MOS,The Mosaic Company,HIGH,8,5,92410,62694,1,922337203,8.65707174548209e-05,8.65707174548209
A2022,2022-04-11,TPL,Texas Pacific Land Corporation,MEDIUM,0,0,92410,62694,1,922337203,0.0,0.0
A2022,2022-04-12,NVDA,NVIDIA Corporation,LOW,91,67,104748,70039,1,922337203,0.0008687516706762898,86.87516706762898
A2022,2022-04-12,NFLX,"Netflix, Inc.",LOW,663,502,104748,70039,1,922337203,0.006329476457784397,632.9476457784397
A2022,2022-04-12,NUE,Nucor Corporation,LOW,4,4,104748,70039,1,922337203,3.818688662313362e-05,3.818688662313362
A2022,2022-04-12,ALB,Albemarle Corporation,LOW,2,1,104748,70039,1,922337203,1.909344331156681e-05,1.909344331156681
A2022,2022-04-12,WMT,Walmart Inc.,LOW,301,228,104748,70039,1,922337203,0.0028735632183908046,287.35632183908046
A2022,2022-04-12,META,"Meta Platforms, Inc.",MEDIUM,2794,2111,104748,70039,1,922337203,0.02667354030625883,2667.3540306258833
A2022,2022-04-12,CEG,Constellation Energy Corporation,MEDIUM,21,14,104748,70039,1,922337203,0.00020048115477145148,20.04811547714515
A2022,2022-04-12,LLY,Eli Lilly and Company,MEDIUM,23,18,104748,70039,1,922337203,0.0002195745980830183,21.95745980830183
A2022,2022-04-12,TSLA,"Tesla, Inc.",MEDIUM,49,47,104748,70039,1,922337203,0.0004677893611333868,46.77893611333868
A2022,2022-04-12,MPC,Marathon Petroleum Corporation,MEDIUM,1,1,104748,70039,1,922337203,9.546721655783405e-06,0.9546721655783404
A2022,2022-04-12,NRG,"NRG Energy, Inc.",MEDIUM,0,0,104748,70039,1,922337203,0.0,0.0
A2022,2022-04-12,WMB,"The Williams Companies, Inc.",MEDIUM,1,1,104748,70039,1,922337203,9.546721655783405e-06,0.9546721655783404
A2022,2022-04-12,IRM,Iron Mountain Incorporated,HIGH,2,1,104748,70039,1,922337203,1.909344331156681e-05,1.909344331156681
A2022,2022-04-12,MOS,The Mosaic Company,HIGH,4,2,104748,70039,1,922337203,3.818688662313362e-05,3.818688662313362
A2022,2022-04-12,TPL,Texas Pacific Land Corporation,MEDIUM,0,0,104748,70039,1,922337203,0.0,0.0
A2022,2022-04-13,NVDA,NVIDIA Corporation,LOW,54,49,104597,71820,1,922337203,0.0005162671969559357,51.626719695593565
A2022,2022-04-13,NFLX,"Netflix, Inc.",LOW,935,571,104597,71820,1,922337203,0.008939070910255552,893.9070910255552
A2022,2022-04-13,NUE,Nucor Corporation,LOW,1,1,104597,71820,1,922337203,9.56050364733214e-06,0.9560503647332141
A2022,2022-04-13,ALB,Albemarle Corporation,LOW,3,3,104597,71820,1,922337203,2.8681510941996424e-05,2.8681510941996424
A2022,2022-04-13,WMT,Walmart Inc.,LOW,324,214,104597,71820,1,922337203,0.003097603181735614,309.76031817356136
A2022,2022-04-13,META,"Meta Platforms, Inc.",MEDIUM,2804,2089,104597,71820,1,922337203,0.026807652227119325,2680.7652227119324
A2022,2022-04-13,CEG,Constellation Energy Corporation,MEDIUM,2,2,104597,71820,1,922337203,1.912100729466428e-05,1.9121007294664283
A2022,2022-04-13,LLY,Eli Lilly and Company,MEDIUM,24,24,104597,71820,1,922337203,0.0002294520875359714,22.94520875359714
A2022,2022-04-13,TSLA,"Tesla, Inc.",MEDIUM,74,55,104597,71820,1,922337203,0.0007074772699025785,70.74772699025785
A2022,2022-04-13,MPC,Marathon Petroleum Corporation,MEDIUM,3,1,104597,71820,1,922337203,2.8681510941996424e-05,2.8681510941996424
A2022,2022-04-13,NRG,"NRG Energy, Inc.",MEDIUM,0,0,104597,71820,1,922337203,0.0,0.0
A2022,2022-04-13,WMB,"The Williams Companies, Inc.",MEDIUM,0,0,104597,71820,1,922337203,0.0,0.0
A2022,2022-04-13,IRM,Iron Mountain Incorporated,HIGH,1,1,104597,71820,1,922337203,9.56050364733214e-06,0.9560503647332141
A2022,2022-04-13,MOS,The Mosaic Company,HIGH,4,4,104597,71820,1,922337203,3.824201458932856e-05,3.8242014589328566
A2022,2022-04-13,TPL,Texas Pacific Land Corporation,MEDIUM,0,0,104597,71820,1,922337203,0.0,0.0
A2022,2022-04-14,NVDA,NVIDIA Corporation,LOW,43,39,101187,69578,1,922337203,0.00042495577495132774,42.49557749513277
A2022,2022-04-14,NFLX,"Netflix, Inc.",LOW,871,504,101187,69578,1,922337203,0.008607825115874568,860.7825115874568
A2022,2022-04-14,NUE,Nucor Corporation,LOW,0,0,101187,69578,1,922337203,0.0,0.0
A2022,2022-04-14,ALB,Albemarle Corporation,LOW,4,4,101187,69578,1,922337203,3.9530769762914206e-05,3.953076976291421
A2022,2022-04-14,WMT,Walmart Inc.,LOW,252,188,101187,69578,1,922337203,0.002490438495063595,249.04384950635952
A2022,2022-04-14,META,"Meta Platforms, Inc.",MEDIUM,2962,2124,101187,69578,1,922337203,0.02927253500943797,2927.253500943797
A2022,2022-04-14,CEG,Constellation Energy Corporation,MEDIUM,1,1,101187,69578,1,922337203,9.882692440728552e-06,0.9882692440728552
A2022,2022-04-14,LLY,Eli Lilly and Company,MEDIUM,40,28,101187,69578,1,922337203,0.0003953076976291421,39.53076976291421
A2022,2022-04-14,TSLA,"Tesla, Inc.",MEDIUM,103,87,101187,69578,1,922337203,0.001017917321395041,101.79173213950409
A2022,2022-04-14,MPC,Marathon Petroleum Corporation,MEDIUM,0,0,101187,69578,1,922337203,0.0,0.0
A2022,2022-04-14,NRG,"NRG Energy, Inc.",MEDIUM,0,0,101187,69578,1,922337203,0.0,0.0
A2022,2022-04-14,WMB,"The Williams Companies, Inc.",MEDIUM,0,0,101187,69578,1,922337203,0.0,0.0
A2022,2022-04-14,IRM,Iron Mountain Incorporated,HIGH,1,1,101187,69578,1,922337203,9.882692440728552e-06,0.9882692440728552
A2022,2022-04-14,MOS,The Mosaic Company,HIGH,2,2,101187,69578,1,922337203,1.9765384881457103e-05,1.9765384881457104
A2022,2022-04-14,TPL,Texas Pacific Land Corporation,MEDIUM,2,2,101187,69578,1,922337203,1.9765384881457103e-05,1.9765384881457104
A2022,2022-04-15,NVDA,NVIDIA Corporation,LOW,25,19,83390,54622,1,922337203,0.0002997961386257345,29.97961386257345
A2022,2022-04-15,NFLX,"Netflix, Inc.",LOW,935,465,83390,54622,1,922337203,0.01121237558460247,1121.237558460247
A2022,2022-04-15,NUE,Nucor Corporation,LOW,3,3,83390,54622,1,922337203,3.597553663508814e-05,3.597553663508814
A2022,2022-04-15,ALB,Albemarle Corporation,LOW,3,1,83390,54622,1,922337203,3.597553663508814e-05,3.597553663508814
A2022,2022-04-15,WMT,Walmart Inc.,LOW,307,182,83390,54622,1,922337203,0.0036814965823240195,368.149658232402
A2022,2022-04-15,META,"Meta Platforms, Inc.",MEDIUM,2620,1768,83390,54622,1,922337203,0.03141863532797697,3141.8635327976976
A2022,2022-04-15,CEG,Constellation Energy Corporation,MEDIUM,0,0,83390,54622,1,922337203,0.0,0.0
A2022,2022-04-15,LLY,Eli Lilly and Company,MEDIUM,19,15,83390,54622,1,922337203,0.00022784506535555822,22.78450653555582
A2022,2022-04-15,TSLA,"Tesla, Inc.",MEDIUM,51,48,83390,54622,1,922337203,0.0006115841227964984,61.15841227964984
A2022,2022-04-15,MPC,Marathon Petroleum Corporation,MEDIUM,0,0,83390,54622,1,922337203,0.0,0.0
A2022,2022-04-15,NRG,"NRG Energy, Inc.",MEDIUM,0,0,83390,54622,1,922337203,0.0,0.0
A2022,2022-04-15,WMB,"The Williams Companies, Inc.",MEDIUM,1,1,83390,54622,1,922337203,1.199184554502938e-05,1.199184554502938
A2022,2022-04-15,IRM,Iron Mountain Incorporated,HIGH,1,1,83390,54622,1,922337203,1.199184554502938e-05,1.199184554502938
A2022,2022-04-15,MOS,The Mosaic Company,HIGH,0,0,83390,54622,1,922337203,0.0,0.0
A2022,2022-04-15,TPL,Texas Pacific Land Corporation,MEDIUM,0,0,83390,54622,1,922337203,0.0,0.0
A2022,2022-04-16,NVDA,NVIDIA Corporation,LOW,11,11,55414,35130,1,922337203,0.00019850579275995235,19.850579275995237
A2022,2022-04-16,NFLX,"Netflix, Inc.",LOW,676,296,55414,35130,1,922337203,0.012199083264157072,1219.9083264157073
A2022,2022-04-16,NUE,Nucor Corporation,LOW,0,0,55414,35130,1,922337203,0.0,0.0
A2022,2022-04-16,ALB,Albemarle Corporation,LOW,1,1,55414,35130,1,922337203,1.8045981159995668e-05,1.804598115999567
A2022,2022-04-16,WMT,Walmart Inc.,LOW,227,119,55414,35130,1,922337203,0.004096437723319017,409.6437723319017
A2022,2022-04-16,META,"Meta Platforms, Inc.",MEDIUM,1741,1222,55414,35130,1,922337203,0.03141805319955246,3141.805319955246
A2022,2022-04-16,CEG,Constellation Energy Corporation,MEDIUM,0,0,55414,35130,1,922337203,0.0,0.0
A2022,2022-04-16,LLY,Eli Lilly and Company,MEDIUM,1,1,55414,35130,1,922337203,1.8045981159995668e-05,1.804598115999567
A2022,2022-04-16,TSLA,"Tesla, Inc.",MEDIUM,38,36,55414,35130,1,922337203,0.0006857472840798354,68.57472840798354
A2022,2022-04-16,MPC,Marathon Petroleum Corporation,MEDIUM,1,1,55414,35130,1,922337203,1.8045981159995668e-05,1.804598115999567
A2022,2022-04-16,NRG,"NRG Energy, Inc.",MEDIUM,0,0,55414,35130,1,922337203,0.0,0.0
A2022,2022-04-16,WMB,"The Williams Companies, Inc.",MEDIUM,0,0,55414,35130,1,922337203,0.0,0.0
A2022,2022-04-16,IRM,Iron Mountain Incorporated,HIGH,2,2,55414,35130,1,922337203,3.6091962319991336e-05,3.609196231999134
A2022,2022-04-16,MOS,The Mosaic Company,HIGH,0,0,55414,35130,1,922337203,0.0,0.0
A2022,2022-04-16,TPL,Texas Pacific Land Corporation,MEDIUM,0,0,55414,35130,1,922337203,0.0,0.0
A2022,2022-04-17,NVDA,NVIDIA Corporation,LOW,8,8,47870,31425,1,922337203,0.00016711928138709003,16.711928138709002
A2022,2022-04-17,NFLX,"Netflix, Inc.",LOW,419,260,47870,31425,1,922337203,0.00875287236264884,875.2872362648841
A2022,2022-04-17,NUE,Nucor Corporation,LOW,0,0,47870,31425,1,922337203,0.0,0.0
A2022,2022-04-17,ALB,Albemarle Corporation,LOW,0,0,47870,31425,1,922337203,0.0,0.0
A2022,2022-04-17,WMT,Walmart Inc.,LOW,92,80,47870,31425,1,922337203,0.0019218717359515355,192.18717359515355
A2022,2022-04-17,META,"Meta Platforms, Inc.",MEDIUM,1341,942,47870,31425,1,922337203,0.028013369542510966,2801.336954251097
A2022,2022-04-17,CEG,Constellation Energy Corporation,MEDIUM,0,0,47870,31425,1,922337203,0.0,0.0
A2022,2022-04-17,LLY,Eli Lilly and Company,MEDIUM,4,2,47870,31425,1,922337203,8.355964069354502e-05,8.355964069354501
A2022,2022-04-17,TSLA,"Tesla, Inc.",MEDIUM,22,22,47870,31425,1,922337203,0.0004595780238144976,45.95780238144976
A2022,2022-04-17,MPC,Marathon Petroleum Corporation,MEDIUM,0,0,47870,31425,1,922337203,0.0,0.0
A2022,2022-04-17,NRG,"NRG Energy, Inc.",MEDIUM,0,0,47870,31425,1,922337203,0.0,0.0
A2022,2022-04-17,WMB,"The Williams Companies, Inc.",MEDIUM,0,0,47870,31425,1,922337203,0.0,0.0
A2022,2022-04-17,IRM,Iron Mountain Incorporated,HIGH,0,0,47870,31425,1,922337203,0.0,0.0
A2022,2022-04-17,MOS,The Mosaic Company,HIGH,0,0,47870,31425,1,922337203,0.0,0.0
A2022,2022-04-17,TPL,Texas Pacific Land Corporation,MEDIUM,0,0,47870,31425,1,922337203,0.0,0.0
A2023,2023-07-10,NVDA,NVIDIA Corporation,LOW,79,79,122328,109152,1,922337203,0.0006458047217317377,64.58047217317376
A2023,2023-07-10,NFLX,"Netflix, Inc.",LOW,790,772,122328,109152,1,922337203,0.0064580472173173765,645.8047217317376
A2023,2023-07-10,NUE,Nucor Corporation,LOW,0,0,122328,109152,1,922337203,0.0,0.0
A2023,2023-07-10,ALB,Albemarle Corporation,LOW,2,2,122328,109152,1,922337203,1.634948662611994e-05,1.634948662611994
A2023,2023-07-10,WMT,Walmart Inc.,LOW,283,278,122328,109152,1,922337203,0.0023134523575959716,231.34523575959716
A2023,2023-07-10,META,"Meta Platforms, Inc.",MEDIUM,3335,3220,122328,109152,1,922337203,0.027262768949055,2726.2768949055
A2023,2023-07-10,CEG,Constellation Energy Corporation,MEDIUM,0,0,122328,109152,1,922337203,0.0,0.0
A2023,2023-07-10,LLY,Eli Lilly and Company,MEDIUM,44,44,122328,109152,1,922337203,0.0003596887057746387,35.96887057746387
A2023,2023-07-10,TSLA,"Tesla, Inc.",MEDIUM,45,45,122328,109152,1,922337203,0.0003678634490876986,36.78634490876986
A2023,2023-07-10,MPC,Marathon Petroleum Corporation,MEDIUM,10,10,122328,109152,1,922337203,8.17474331305997e-05,8.17474331305997
A2023,2023-07-10,NRG,"NRG Energy, Inc.",MEDIUM,0,0,122328,109152,1,922337203,0.0,0.0
A2023,2023-07-10,WMB,"The Williams Companies, Inc.",MEDIUM,1,1,122328,109152,1,922337203,8.17474331305997e-06,0.817474331305997
A2023,2023-07-10,IRM,Iron Mountain Incorporated,HIGH,1,1,122328,109152,1,922337203,8.17474331305997e-06,0.817474331305997
A2023,2023-07-10,MOS,The Mosaic Company,HIGH,2,2,122328,109152,1,922337203,1.634948662611994e-05,1.634948662611994
A2023,2023-07-10,TPL,Texas Pacific Land Corporation,MEDIUM,0,0,122328,109152,1,922337203,0.0,0.0
A2023,2023-07-11,NVDA,NVIDIA Corporation,LOW,342,341,138665,123669,1,922337203,0.002466375797786031,246.6375797786031
A2023,2023-07-11,NFLX,"Netflix, Inc.",LOW,1116,882,138665,123669,1,922337203,0.008048173655933365,804.8173655933365
A2023,2023-07-11,NUE,Nucor Corporation,LOW,2,2,138665,123669,1,922337203,1.4423250279450473e-05,1.4423250279450475
A2023,2023-07-11,ALB,Albemarle Corporation,LOW,9,9,138665,123669,1,922337203,6.490462625752713e-05,6.490462625752714
A2023,2023-07-11,WMT,Walmart Inc.,LOW,487,407,138665,123669,1,922337203,0.0035120614430461904,351.20614430461904
A2023,2023-07-11,META,"Meta Platforms, Inc.",MEDIUM,4353,4084,138665,123669,1,922337203,0.031392204233223954,3139.2204233223956
A2023,2023-07-11,CEG,Constellation Energy Corporation,MEDIUM,0,0,138665,123669,1,922337203,0.0,0.0
A2023,2023-07-11,LLY,Eli Lilly and Company,MEDIUM,45,45,138665,123669,1,922337203,0.00032452313128763567,32.452313128763564
A2023,2023-07-11,TSLA,"Tesla, Inc.",MEDIUM,41,41,138665,123669,1,922337203,0.00029567663072873474,29.567663072873472
A2023,2023-07-11,MPC,Marathon Petroleum Corporation,MEDIUM,4,4,138665,123669,1,922337203,2.8846500558900947e-05,2.884650055890095
A2023,2023-07-11,NRG,"NRG Energy, Inc.",MEDIUM,0,0,138665,123669,1,922337203,0.0,0.0
A2023,2023-07-11,WMB,"The Williams Companies, Inc.",MEDIUM,1,1,138665,123669,1,922337203,7.211625139725237e-06,0.7211625139725237
A2023,2023-07-11,IRM,Iron Mountain Incorporated,HIGH,0,0,138665,123669,1,922337203,0.0,0.0
A2023,2023-07-11,MOS,The Mosaic Company,HIGH,2,2,138665,123669,1,922337203,1.4423250279450473e-05,1.4423250279450475
A2023,2023-07-11,TPL,Texas Pacific Land Corporation,MEDIUM,2,2,138665,123669,1,922337203,1.4423250279450473e-05,1.4423250279450475
A2023,2023-07-12,NVDA,NVIDIA Corporation,LOW,378,373,141201,126930,1,922337203,0.0026770348651921727,267.7034865192173
A2023,2023-07-12,NFLX,"Netflix, Inc.",LOW,1266,1263,141201,126930,1,922337203,0.008965942167548388,896.5942167548388
A2023,2023-07-12,NUE,Nucor Corporation,LOW,5,5,141201,126930,1,922337203,3.541051408984356e-05,3.5410514089843557
A2023,2023-07-12,ALB,Albemarle Corporation,LOW,3,3,141201,126930,1,922337203,2.1246308453906134e-05,2.1246308453906133
A2023,2023-07-12,WMT,Walmart Inc.,LOW,328,327,141201,126930,1,922337203,0.0023229297242937375,232.29297242937372
A2023,2023-07-12,META,"Meta Platforms, Inc.",MEDIUM,4322,4146,141201,126930,1,922337203,0.03060884837926077,3060.884837926077
A2023,2023-07-12,CEG,Constellation Energy Corporation,MEDIUM,4,4,141201,126930,1,922337203,2.8328411271874847e-05,2.8328411271874847
A2023,2023-07-12,LLY,Eli Lilly and Company,MEDIUM,24,24,141201,126930,1,922337203,0.00016997046763124907,16.997046763124906
A2023,2023-07-12,TSLA,"Tesla, Inc.",MEDIUM,54,54,141201,126930,1,922337203,0.0003824335521703104,38.24335521703104
A2023,2023-07-12,MPC,Marathon Petroleum Corporation,MEDIUM,11,11,141201,126930,1,922337203,7.790313099765583e-05,7.790313099765583
A2023,2023-07-12,NRG,"NRG Energy, Inc.",MEDIUM,0,0,141201,126930,1,922337203,0.0,0.0
A2023,2023-07-12,WMB,"The Williams Companies, Inc.",MEDIUM,2,2,141201,126930,1,922337203,1.4164205635937423e-05,1.4164205635937424
A2023,2023-07-12,IRM,Iron Mountain Incorporated,HIGH,0,0,141201,126930,1,922337203,0.0,0.0
A2023,2023-07-12,MOS,The Mosaic Company,HIGH,6,6,141201,126930,1,922337203,4.249261690781227e-05,4.249261690781227
A2023,2023-07-12,TPL,Texas Pacific Land Corporation,MEDIUM,0,0,141201,126930,1,922337203,0.0,0.0
A2023,2023-07-13,NVDA,NVIDIA Corporation,LOW,250,250,138610,125176,1,922337203,0.0018036216723180147,180.36216723180146
A2023,2023-07-13,NFLX,"Netflix, Inc.",LOW,1961,1936,138610,125176,1,922337203,0.014147608397662506,1414.7608397662507
A2023,2023-07-13,NUE,Nucor Corporation,LOW,2,2,138610,125176,1,922337203,1.4428973378544116e-05,1.4428973378544117
A2023,2023-07-13,ALB,Albemarle Corporation,LOW,1,1,138610,125176,1,922337203,7.214486689272058e-06,0.7214486689272058
A2023,2023-07-13,WMT,Walmart Inc.,LOW,406,391,138610,125176,1,922337203,0.002929081595844456,292.90815958444557
A2023,2023-07-13,META,"Meta Platforms, Inc.",MEDIUM,4024,3804,138610,125176,1,922337203,0.029031094437630762,2903.1094437630763
A2023,2023-07-13,CEG,Constellation Energy Corporation,MEDIUM,0,0,138610,125176,1,922337203,0.0,0.0
A2023,2023-07-13,LLY,Eli Lilly and Company,MEDIUM,69,69,138610,125176,1,922337203,0.0004977995815597721,49.779958155977205
A2023,2023-07-13,TSLA,"Tesla, Inc.",MEDIUM,70,70,138610,125176,1,922337203,0.000505014068249044,50.50140682490441
A2023,2023-07-13,MPC,Marathon Petroleum Corporation,MEDIUM,3,3,138610,125176,1,922337203,2.1643460067816176e-05,2.1643460067816176
A2023,2023-07-13,NRG,"NRG Energy, Inc.",MEDIUM,0,0,138610,125176,1,922337203,0.0,0.0
A2023,2023-07-13,WMB,"The Williams Companies, Inc.",MEDIUM,2,2,138610,125176,1,922337203,1.4428973378544116e-05,1.4428973378544117
A2023,2023-07-13,IRM,Iron Mountain Incorporated,HIGH,0,0,138610,125176,1,922337203,0.0,0.0
A2023,2023-07-13,MOS,The Mosaic Company,HIGH,4,4,138610,125176,1,922337203,2.8857946757088232e-05,2.8857946757088233
A2023,2023-07-13,TPL,Texas Pacific Land Corporation,MEDIUM,0,0,138610,125176,1,922337203,0.0,0.0
A2023,2023-07-14,NVDA,NVIDIA Corporation,LOW,182,182,132395,118343,1,922337203,0.001374674270176366,137.46742701763662
A2023,2023-07-14,NFLX,"Netflix, Inc.",LOW,3361,3266,132395,118343,1,922337203,0.025386155066278938,2538.615506627894
A2023,2023-07-14,NUE,Nucor Corporation,LOW,1,1,132395,118343,1,922337203,7.553155330639375e-06,0.7553155330639375
A2023,2023-07-14,ALB,Albemarle Corporation,LOW,0,0,132395,118343,1,922337203,0.0,0.0
A2023,2023-07-14,WMT,Walmart Inc.,LOW,732,723,132395,118343,1,922337203,0.005528909702028022,552.8909702028022
A2023,2023-07-14,META,"Meta Platforms, Inc.",MEDIUM,3603,3388,132395,118343,1,922337203,0.027214018656293668,2721.4018656293665
A2023,2023-07-14,CEG,Constellation Energy Corporation,MEDIUM,0,0,132395,118343,1,922337203,0.0,0.0
A2023,2023-07-14,LLY,Eli Lilly and Company,MEDIUM,62,61,132395,118343,1,922337203,0.00046829563049964124,46.82956304996412
A2023,2023-07-14,TSLA,"Tesla, Inc.",MEDIUM,50,50,132395,118343,1,922337203,0.00037765776653196875,37.76577665319687
A2023,2023-07-14,MPC,Marathon Petroleum Corporation,MEDIUM,3,3,132395,118343,1,922337203,2.2659465991918122e-05,2.265946599191812
A2023,2023-07-14,NRG,"NRG Energy, Inc.",MEDIUM,1,1,132395,118343,1,922337203,7.553155330639375e-06,0.7553155330639375
A2023,2023-07-14,WMB,"The Williams Companies, Inc.",MEDIUM,0,0,132395,118343,1,922337203,0.0,0.0
A2023,2023-07-14,IRM,Iron Mountain Incorporated,HIGH,0,0,132395,118343,1,922337203,0.0,0.0
A2023,2023-07-14,MOS,The Mosaic Company,HIGH,1,1,132395,118343,1,922337203,7.553155330639375e-06,0.7553155330639375
A2023,2023-07-14,TPL,Texas Pacific Land Corporation,MEDIUM,1,1,132395,118343,1,922337203,7.553155330639375e-06,0.7553155330639375
A2023,2023-07-15,NVDA,NVIDIA Corporation,LOW,74,74,78053,69996,1,922337203,0.0009480737447631738,94.80737447631738
A2023,2023-07-15,NFLX,"Netflix, Inc.",LOW,1205,1178,78053,69996,1,922337203,0.015438227870805735,1543.8227870805736
A2023,2023-07-15,NUE,Nucor Corporation,LOW,1,1,78053,69996,1,922337203,1.281180736166451e-05,1.281180736166451
A2023,2023-07-15,ALB,Albemarle Corporation,LOW,2,2,78053,69996,1,922337203,2.562361472332902e-05,2.562361472332902
A2023,2023-07-15,WMT,Walmart Inc.,LOW,168,168,78053,69996,1,922337203,0.0021523836367596375,215.23836367596377
A2023,2023-07-15,META,"Meta Platforms, Inc.",MEDIUM,2564,2483,78053,69996,1,922337203,0.032849474075307805,3284.9474075307803
A2023,2023-07-15,CEG,Constellation Energy Corporation,MEDIUM,0,0,78053,69996,1,922337203,0.0,0.0
A2023,2023-07-15,LLY,Eli Lilly and Company,MEDIUM,9,9,78053,69996,1,922337203,0.00011530626625498058,11.530626625498059
A2023,2023-07-15,TSLA,"Tesla, Inc.",MEDIUM,24,24,78053,69996,1,922337203,0.00030748337667994824,30.748337667994825
A2023,2023-07-15,MPC,Marathon Petroleum Corporation,MEDIUM,2,2,78053,69996,1,922337203,2.562361472332902e-05,2.562361472332902
A2023,2023-07-15,NRG,"NRG Energy, Inc.",MEDIUM,0,0,78053,69996,1,922337203,0.0,0.0
A2023,2023-07-15,WMB,"The Williams Companies, Inc.",MEDIUM,2,2,78053,69996,1,922337203,2.562361472332902e-05,2.562361472332902
A2023,2023-07-15,IRM,Iron Mountain Incorporated,HIGH,0,0,78053,69996,1,922337203,0.0,0.0
A2023,2023-07-15,MOS,The Mosaic Company,HIGH,1,1,78053,69996,1,922337203,1.281180736166451e-05,1.281180736166451
A2023,2023-07-15,TPL,Texas Pacific Land Corporation,MEDIUM,1,1,78053,69996,1,922337203,1.281180736166451e-05,1.281180736166451
A2023,2023-07-16,NVDA,NVIDIA Corporation,LOW,53,53,67093,59759,1,922337203,0.000789948280744638,78.9948280744638
A2023,2023-07-16,NFLX,"Netflix, Inc.",LOW,497,447,67093,59759,1,922337203,0.007407628217548775,740.7628217548776
A2023,2023-07-16,NUE,Nucor Corporation,LOW,1,1,67093,59759,1,922337203,1.4904684542351662e-05,1.490468454235166
A2023,2023-07-16,ALB,Albemarle Corporation,LOW,3,3,67093,59759,1,922337203,4.4714053627054985e-05,4.471405362705498
A2023,2023-07-16,WMT,Walmart Inc.,LOW,166,165,67093,59759,1,922337203,0.0024741776340303757,247.41776340303758
A2023,2023-07-16,META,"Meta Platforms, Inc.",MEDIUM,2254,2158,67093,59759,1,922337203,0.033595158958460644,3359.5158958460643
A2023,2023-07-16,CEG,Constellation Energy Corporation,MEDIUM,0,0,67093,59759,1,922337203,0.0,0.0
A2023,2023-07-16,LLY,Eli Lilly and Company,MEDIUM,22,22,67093,59759,1,922337203,0.00032790305993173654,32.790305993173654
A2023,2023-07-16,TSLA,"Tesla, Inc.",MEDIUM,15,15,67093,59759,1,922337203,0.00022357026813527492,22.35702681352749
A2023,2023-07-16,MPC,Marathon Petroleum Corporation,MEDIUM,3,3,67093,59759,1,922337203,4.4714053627054985e-05,4.471405362705498
A2023,2023-07-16,NRG,"NRG Energy, Inc.",MEDIUM,0,0,67093,59759,1,922337203,0.0,0.0
A2023,2023-07-16,WMB,"The Williams Companies, Inc.",MEDIUM,0,0,67093,59759,1,922337203,0.0,0.0
A2023,2023-07-16,IRM,Iron Mountain Incorporated,HIGH,0,0,67093,59759,1,922337203,0.0,0.0
A2023,2023-07-16,MOS,The Mosaic Company,HIGH,0,0,67093,59759,1,922337203,0.0,0.0
A2023,2023-07-16,TPL,Texas Pacific Land Corporation,MEDIUM,0,0,67093,59759,1,922337203,0.0,0.0
A2024,2024-10-07,NVDA,NVIDIA Corporation,LOW,256,256,105360,95287,1,922337203,0.0024297646165527716,242.97646165527715
A2024,2024-10-07,NFLX,"Netflix, Inc.",LOW,926,898,105360,95287,1,922337203,0.008788914198936978,878.8914198936978
A2024,2024-10-07,NUE,Nucor Corporation,LOW,0,0,105360,95287,1,922337203,0.0,0.0
A2024,2024-10-07,ALB,Albemarle Corporation,LOW,3,3,105360,95287,1,922337203,2.8473804100227792e-05,2.847380410022779
A2024,2024-10-07,WMT,Walmart Inc.,LOW,425,421,105360,95287,1,922337203,0.004033788914198937,403.3788914198937
A2024,2024-10-07,META,"Meta Platforms, Inc.",MEDIUM,2154,2104,105360,95287,1,922337203,0.020444191343963553,2044.4191343963553
A2024,2024-10-07,CEG,Constellation Energy Corporation,MEDIUM,7,7,105360,95287,1,922337203,6.643887623386485e-05,6.643887623386484
A2024,2024-10-07,LLY,Eli Lilly and Company,MEDIUM,48,48,105360,95287,1,922337203,0.00045558086560364467,45.558086560364465
A2024,2024-10-07,TSLA,"Tesla, Inc.",MEDIUM,28,28,105360,95287,1,922337203,0.0002657555049354594,26.575550493545936
A2024,2024-10-07,MPC,Marathon Petroleum Corporation,MEDIUM,4,4,105360,95287,1,922337203,3.7965072133637056e-05,3.7965072133637054
A2024,2024-10-07,NRG,"NRG Energy, Inc.",MEDIUM,0,0,105360,95287,1,922337203,0.0,0.0
A2024,2024-10-07,WMB,"The Williams Companies, Inc.",MEDIUM,1,1,105360,95287,1,922337203,9.491268033409264e-06,0.9491268033409264
A2024,2024-10-07,IRM,Iron Mountain Incorporated,HIGH,0,0,105360,95287,1,922337203,0.0,0.0
A2024,2024-10-07,MOS,The Mosaic Company,HIGH,2,2,105360,95287,1,922337203,1.8982536066818528e-05,1.8982536066818527
A2024,2024-10-07,TPL,Texas Pacific Land Corporation,MEDIUM,0,0,105360,95287,1,922337203,0.0,0.0
A2024,2024-10-08,NVDA,NVIDIA Corporation,LOW,483,483,120581,108284,1,922337203,0.004005606190029938,400.56061900299386
A2024,2024-10-08,NFLX,"Netflix, Inc.",LOW,921,831,120581,108284,1,922337203,0.007638019256765162,763.8019256765162
A2024,2024-10-08,NUE,Nucor Corporation,LOW,2,2,120581,108284,1,922337203,1.6586361035320655e-05,1.6586361035320656
A2024,2024-10-08,ALB,Albemarle Corporation,LOW,5,5,120581,108284,1,922337203,4.146590258830164e-05,4.146590258830164
A2024,2024-10-08,WMT,Walmart Inc.,LOW,395,373,120581,108284,1,922337203,0.0032758063044758296,327.58063044758296
A2024,2024-10-08,META,"Meta Platforms, Inc.",MEDIUM,3525,3330,120581,108284,1,922337203,0.029233461324752658,2923.3461324752657
A2024,2024-10-08,CEG,Constellation Energy Corporation,MEDIUM,9,9,120581,108284,1,922337203,7.463862465894295e-05,7.463862465894295
A2024,2024-10-08,LLY,Eli Lilly and Company,MEDIUM,50,50,120581,108284,1,922337203,0.0004146590258830164,41.46590258830164
A2024,2024-10-08,TSLA,"Tesla, Inc.",MEDIUM,37,37,120581,108284,1,922337203,0.0003068476791534321,30.684767915343212
A2024,2024-10-08,MPC,Marathon Petroleum Corporation,MEDIUM,9,9,120581,108284,1,922337203,7.463862465894295e-05,7.463862465894295
A2024,2024-10-08,NRG,"NRG Energy, Inc.",MEDIUM,1,1,120581,108284,1,922337203,8.293180517660327e-06,0.8293180517660328
A2024,2024-10-08,WMB,"The Williams Companies, Inc.",MEDIUM,1,1,120581,108284,1,922337203,8.293180517660327e-06,0.8293180517660328
A2024,2024-10-08,IRM,Iron Mountain Incorporated,HIGH,1,1,120581,108284,1,922337203,8.293180517660327e-06,0.8293180517660328
A2024,2024-10-08,MOS,The Mosaic Company,HIGH,2,2,120581,108284,1,922337203,1.6586361035320655e-05,1.6586361035320656
A2024,2024-10-08,TPL,Texas Pacific Land Corporation,MEDIUM,0,0,120581,108284,1,922337203,0.0,0.0
A2024,2024-10-09,NVDA,NVIDIA Corporation,LOW,296,295,119764,108974,1,922337203,0.0024715273370962895,247.15273370962893
A2024,2024-10-09,NFLX,"Netflix, Inc.",LOW,863,855,119764,108974,1,922337203,0.007205838148358438,720.5838148358438
A2024,2024-10-09,NUE,Nucor Corporation,LOW,0,0,119764,108974,1,922337203,0.0,0.0
A2024,2024-10-09,ALB,Albemarle Corporation,LOW,2,2,119764,108974,1,922337203,1.669950903443439e-05,1.6699509034434388
A2024,2024-10-09,WMT,Walmart Inc.,LOW,282,282,119764,108974,1,922337203,0.0023546307738552485,235.46307738552485
A2024,2024-10-09,META,"Meta Platforms, Inc.",MEDIUM,3187,3012,119764,108974,1,922337203,0.026610667646371197,2661.06676463712
A2024,2024-10-09,CEG,Constellation Energy Corporation,MEDIUM,16,16,119764,108974,1,922337203,0.00013359607227547511,13.35960722754751
A2024,2024-10-09,LLY,Eli Lilly and Company,MEDIUM,120,106,119764,108974,1,922337203,0.0010019705420660633,100.19705420660632
A2024,2024-10-09,TSLA,"Tesla, Inc.",MEDIUM,36,36,119764,108974,1,922337203,0.000300591162619819,30.0591162619819
A2024,2024-10-09,MPC,Marathon Petroleum Corporation,MEDIUM,4,4,119764,108974,1,922337203,3.339901806886878e-05,3.3399018068868775
A2024,2024-10-09,NRG,"NRG Energy, Inc.",MEDIUM,0,0,119764,108974,1,922337203,0.0,0.0
A2024,2024-10-09,WMB,"The Williams Companies, Inc.",MEDIUM,2,2,119764,108974,1,922337203,1.669950903443439e-05,1.6699509034434388
A2024,2024-10-09,IRM,Iron Mountain Incorporated,HIGH,0,0,119764,108974,1,922337203,0.0,0.0
A2024,2024-10-09,MOS,The Mosaic Company,HIGH,21,21,119764,108974,1,922337203,0.00017534484486156108,17.534484486156106
A2024,2024-10-09,TPL,Texas Pacific Land Corporation,MEDIUM,2,2,119764,108974,1,922337203,1.669950903443439e-05,1.6699509034434388
A2024,2024-10-10,NVDA,NVIDIA Corporation,LOW,274,274,118509,106783,1,922337203,0.0023120606873739545,231.20606873739547
A2024,2024-10-10,NFLX,"Netflix, Inc.",LOW,987,984,118509,106783,1,922337203,0.008328481381160924,832.8481381160924
A2024,2024-10-10,NUE,Nucor Corporation,LOW,1,1,118509,106783,1,922337203,8.43817769114582e-06,0.8438177691145821
A2024,2024-10-10,ALB,Albemarle Corporation,LOW,3,3,118509,106783,1,922337203,2.531453307343746e-05,2.531453307343746
A2024,2024-10-10,WMT,Walmart Inc.,LOW,588,582,118509,106783,1,922337203,0.004961648482393742,496.16484823937424
A2024,2024-10-10,META,"Meta Platforms, Inc.",MEDIUM,3190,3090,118509,106783,1,922337203,0.026917786834755167,2691.7786834755166
A2024,2024-10-10,CEG,Constellation Energy Corporation,MEDIUM,11,11,118509,106783,1,922337203,9.281995460260402e-05,9.281995460260402
A2024,2024-10-10,LLY,Eli Lilly and Company,MEDIUM,112,101,118509,106783,1,922337203,0.0009450759014083318,94.50759014083319
A2024,2024-10-10,TSLA,"Tesla, Inc.",MEDIUM,39,39,118509,106783,1,922337203,0.000329088929954687,32.9088929954687
A2024,2024-10-10,MPC,Marathon Petroleum Corporation,MEDIUM,4,4,118509,106783,1,922337203,3.375271076458328e-05,3.3752710764583282
A2024,2024-10-10,NRG,"NRG Energy, Inc.",MEDIUM,0,0,118509,106783,1,922337203,0.0,0.0
A2024,2024-10-10,WMB,"The Williams Companies, Inc.",MEDIUM,0,0,118509,106783,1,922337203,0.0,0.0
A2024,2024-10-10,IRM,Iron Mountain Incorporated,HIGH,1,1,118509,106783,1,922337203,8.43817769114582e-06,0.8438177691145821
A2024,2024-10-10,MOS,The Mosaic Company,HIGH,60,60,118509,106783,1,922337203,0.0005062906614687492,50.62906614687492
A2024,2024-10-10,TPL,Texas Pacific Land Corporation,MEDIUM,0,0,118509,106783,1,922337203,0.0,0.0
A2024,2024-10-11,NVDA,NVIDIA Corporation,LOW,240,238,112517,100077,1,922337203,0.0021330110116693475,213.30110116693479
A2024,2024-10-11,NFLX,"Netflix, Inc.",LOW,937,906,112517,100077,1,922337203,0.008327630491392412,832.7630491392412
A2024,2024-10-11,NUE,Nucor Corporation,LOW,3,3,112517,100077,1,922337203,2.6662637645866846e-05,2.6662637645866845
A2024,2024-10-11,ALB,Albemarle Corporation,LOW,3,3,112517,100077,1,922337203,2.6662637645866846e-05,2.6662637645866845
A2024,2024-10-11,WMT,Walmart Inc.,LOW,629,538,112517,100077,1,922337203,0.005590266359750082,559.0266359750083
A2024,2024-10-11,META,"Meta Platforms, Inc.",MEDIUM,2424,2296,112517,100077,1,922337203,0.021543411217860412,2154.341121786041
A2024,2024-10-11,CEG,Constellation Energy Corporation,MEDIUM,7,7,112517,100077,1,922337203,6.221282117368932e-05,6.221282117368931
A2024,2024-10-11,LLY,Eli Lilly and Company,MEDIUM,79,79,112517,100077,1,922337203,0.0007021161246744936,70.21161246744936
A2024,2024-10-11,TSLA,"Tesla, Inc.",MEDIUM,134,133,112517,100077,1,922337203,0.0011909311481820525,119.09311481820525
A2024,2024-10-11,MPC,Marathon Petroleum Corporation,MEDIUM,8,8,112517,100077,1,922337203,7.110036705564492e-05,7.110036705564492
A2024,2024-10-11,NRG,"NRG Energy, Inc.",MEDIUM,2,2,112517,100077,1,922337203,1.777509176391123e-05,1.777509176391123
A2024,2024-10-11,WMB,"The Williams Companies, Inc.",MEDIUM,5,5,112517,100077,1,922337203,4.4437729409778076e-05,4.443772940977808
A2024,2024-10-11,IRM,Iron Mountain Incorporated,HIGH,1,1,112517,100077,1,922337203,8.887545881955615e-06,0.8887545881955615
A2024,2024-10-11,MOS,The Mosaic Company,HIGH,5,5,112517,100077,1,922337203,4.4437729409778076e-05,4.443772940977808
A2024,2024-10-11,TPL,Texas Pacific Land Corporation,MEDIUM,2,2,112517,100077,1,922337203,1.777509176391123e-05,1.777509176391123
A2024,2024-10-12,NVDA,NVIDIA Corporation,LOW,78,78,62304,56576,1,922337203,0.0012519260400616333,125.19260400616332
A2024,2024-10-12,NFLX,"Netflix, Inc.",LOW,567,562,62304,56576,1,922337203,0.009100539291217258,910.0539291217258
A2024,2024-10-12,NUE,Nucor Corporation,LOW,0,0,62304,56576,1,922337203,0.0,0.0
A2024,2024-10-12,ALB,Albemarle Corporation,LOW,1,1,62304,56576,1,922337203,1.6050333846944017e-05,1.6050333846944016
A2024,2024-10-12,WMT,Walmart Inc.,LOW,344,320,62304,56576,1,922337203,0.005521314843348742,552.1314843348741
A2024,2024-10-12,META,"Meta Platforms, Inc.",MEDIUM,1583,1419,62304,56576,1,922337203,0.025407678479712377,2540.7678479712376
A2024,2024-10-12,CEG,Constellation Energy Corporation,MEDIUM,5,5,62304,56576,1,922337203,8.025166923472008e-05,8.025166923472009
A2024,2024-10-12,LLY,Eli Lilly and Company,MEDIUM,14,14,62304,56576,1,922337203,0.00022470467385721622,22.470467385721623
A2024,2024-10-12,TSLA,"Tesla, Inc.",MEDIUM,26,26,62304,56576,1,922337203,0.0004173086800205444,41.73086800205444
A2024,2024-10-12,MPC,Marathon Petroleum Corporation,MEDIUM,2,2,62304,56576,1,922337203,3.2100667693888034e-05,3.210066769388803
A2024,2024-10-12,NRG,"NRG Energy, Inc.",MEDIUM,0,0,62304,56576,1,922337203,0.0,0.0
A2024,2024-10-12,WMB,"The Williams Companies, Inc.",MEDIUM,0,0,62304,56576,1,922337203,0.0,0.0
A2024,2024-10-12,IRM,Iron Mountain Incorporated,HIGH,0,0,62304,56576,1,922337203,0.0,0.0
A2024,2024-10-12,MOS,The Mosaic Company,HIGH,181,181,62304,56576,1,922337203,0.002905110426296867,290.5110426296867
A2024,2024-10-12,TPL,Texas Pacific Land Corporation,MEDIUM,0,0,62304,56576,1,922337203,0.0,0.0
A2024,2024-10-13,NVDA,NVIDIA Corporation,LOW,98,98,57270,52652,1,922337203,0.001711192596472848,171.1192596472848
A2024,2024-10-13,NFLX,"Netflix, Inc.",LOW,329,327,57270,52652,1,922337203,0.005744718002444561,574.4718002444561
A2024,2024-10-13,NUE,Nucor Corporation,LOW,0,0,57270,52652,1,922337203,0.0,0.0
A2024,2024-10-13,ALB,Albemarle Corporation,LOW,0,0,57270,52652,1,922337203,0.0,0.0
A2024,2024-10-13,WMT,Walmart Inc.,LOW,137,136,57270,52652,1,922337203,0.002392177405273267,239.2177405273267
A2024,2024-10-13,META,"Meta Platforms, Inc.",MEDIUM,1562,1384,57270,52652,1,922337203,0.027274314649903965,2727.4314649903963
A2024,2024-10-13,CEG,Constellation Energy Corporation,MEDIUM,8,8,57270,52652,1,922337203,0.00013968919154880391,13.96891915488039
A2024,2024-10-13,LLY,Eli Lilly and Company,MEDIUM,15,15,57270,52652,1,922337203,0.00026191723415400735,26.191723415400734
A2024,2024-10-13,TSLA,"Tesla, Inc.",MEDIUM,25,25,57270,52652,1,922337203,0.00043652872359001223,43.65287235900122
A2024,2024-10-13,MPC,Marathon Petroleum Corporation,MEDIUM,1,1,57270,52652,1,922337203,1.746114894360049e-05,1.7461148943600489
A2024,2024-10-13,NRG,"NRG Energy, Inc.",MEDIUM,0,0,57270,52652,1,922337203,0.0,0.0
A2024,2024-10-13,WMB,"The Williams Companies, Inc.",MEDIUM,0,0,57270,52652,1,922337203,0.0,0.0
A2024,2024-10-13,IRM,Iron Mountain Incorporated,HIGH,2,2,57270,52652,1,922337203,3.492229788720098e-05,3.4922297887200977
A2024,2024-10-13,MOS,The Mosaic Company,HIGH,2,2,57270,52652,1,922337203,3.492229788720098e-05,3.4922297887200977
A2024,2024-10-13,TPL,Texas Pacific Land Corporation,MEDIUM,1,1,57270,52652,1,922337203,1.746114894360049e-05,1.7461148943600489
A2025,2025-12-08,NVDA,NVIDIA Corporation,LOW,232,231,87099,79280,1,922337203,0.0026636356330153044,266.36356330153046
A2025,2025-12-08,NFLX,"Netflix, Inc.",LOW,3237,2838,87099,79280,1,922337203,0.0371646057934075,3716.46057934075
A2025,2025-12-08,NUE,Nucor Corporation,LOW,0,0,87099,79280,1,922337203,0.0,0.0
A2025,2025-12-08,ALB,Albemarle Corporation,LOW,0,0,87099,79280,1,922337203,0.0,0.0
A2025,2025-12-08,WMT,Walmart Inc.,LOW,219,218,87099,79280,1,922337203,0.0025143801880618604,251.43801880618605
A2025,2025-12-08,META,"Meta Platforms, Inc.",MEDIUM,1647,1622,87099,79280,1,922337203,0.018909516756793993,1890.9516756793994
A2025,2025-12-08,CEG,Constellation Energy Corporation,MEDIUM,7,7,87099,79280,1,922337203,8.03683165133928e-05,8.03683165133928
A2025,2025-12-08,LLY,Eli Lilly and Company,MEDIUM,34,34,87099,79280,1,922337203,0.0003903603944936222,39.03603944936222
A2025,2025-12-08,TSLA,"Tesla, Inc.",MEDIUM,26,26,87099,79280,1,922337203,0.0002985108899068876,29.851088990688755
A2025,2025-12-08,MPC,Marathon Petroleum Corporation,MEDIUM,0,0,87099,79280,1,922337203,0.0,0.0
A2025,2025-12-08,NRG,"NRG Energy, Inc.",MEDIUM,0,0,87099,79280,1,922337203,0.0,0.0
A2025,2025-12-08,WMB,"The Williams Companies, Inc.",MEDIUM,1,1,87099,79280,1,922337203,1.148118807334183e-05,1.148118807334183
A2025,2025-12-08,IRM,Iron Mountain Incorporated,HIGH,0,0,87099,79280,1,922337203,0.0,0.0
A2025,2025-12-08,MOS,The Mosaic Company,HIGH,4,4,87099,79280,1,922337203,4.592475229336732e-05,4.592475229336732
A2025,2025-12-08,TPL,Texas Pacific Land Corporation,MEDIUM,1,1,87099,79280,1,922337203,1.148118807334183e-05,1.148118807334183
A2025,2025-12-09,NVDA,NVIDIA Corporation,LOW,900,895,101403,91337,1,922337203,0.008875477056891809,887.5477056891808
A2025,2025-12-09,NFLX,"Netflix, Inc.",LOW,1546,1532,101403,91337,1,922337203,0.015246097255505261,1524.609725550526
A2025,2025-12-09,NUE,Nucor Corporation,LOW,0,0,101403,91337,1,922337203,0.0,0.0
A2025,2025-12-09,ALB,Albemarle Corporation,LOW,0,0,101403,91337,1,922337203,0.0,0.0
A2025,2025-12-09,WMT,Walmart Inc.,LOW,203,196,101403,91337,1,922337203,0.002001913158387819,200.1913158387819
A2025,2025-12-09,META,"Meta Platforms, Inc.",MEDIUM,3274,2699,101403,91337,1,922337203,0.032287013204737536,3228.701320473753
A2025,2025-12-09,CEG,Constellation Energy Corporation,MEDIUM,5,5,101403,91337,1,922337203,4.930820587162115e-05,4.930820587162115
A2025,2025-12-09,LLY,Eli Lilly and Company,MEDIUM,50,50,101403,91337,1,922337203,0.0004930820587162115,49.308205871621155
A2025,2025-12-09,TSLA,"Tesla, Inc.",MEDIUM,37,37,101403,91337,1,922337203,0.00036488072344999657,36.48807234499966
A2025,2025-12-09,MPC,Marathon Petroleum Corporation,MEDIUM,1,1,101403,91337,1,922337203,9.861641174324232e-06,0.986164117432423
A2025,2025-12-09,NRG,"NRG Energy, Inc.",MEDIUM,0,0,101403,91337,1,922337203,0.0,0.0
A2025,2025-12-09,WMB,"The Williams Companies, Inc.",MEDIUM,1,1,101403,91337,1,922337203,9.861641174324232e-06,0.986164117432423
A2025,2025-12-09,IRM,Iron Mountain Incorporated,HIGH,0,0,101403,91337,1,922337203,0.0,0.0
A2025,2025-12-09,MOS,The Mosaic Company,HIGH,5,5,101403,91337,1,922337203,4.930820587162115e-05,4.930820587162115
A2025,2025-12-09,TPL,Texas Pacific Land Corporation,MEDIUM,0,0,101403,91337,1,922337203,0.0,0.0
A2025,2025-12-10,NVDA,NVIDIA Corporation,LOW,459,456,103038,92355,1,922337203,0.004454667210155477,445.46672101554765
A2025,2025-12-10,NFLX,"Netflix, Inc.",LOW,1652,1467,103038,92355,1,922337203,0.016032919893631477,1603.2919893631476
A2025,2025-12-10,NUE,Nucor Corporation,LOW,0,0,103038,92355,1,922337203,0.0,0.0
A2025,2025-12-10,ALB,Albemarle Corporation,LOW,1,1,103038,92355,1,922337203,9.705157320600167e-06,0.9705157320600167
A2025,2025-12-10,WMT,Walmart Inc.,LOW,203,200,103038,92355,1,922337203,0.001970146936081834,197.0146936081834
A2025,2025-12-10,META,"Meta Platforms, Inc.",MEDIUM,2909,2817,103038,92355,1,922337203,0.028232302645625887,2823.2302645625887
A2025,2025-12-10,CEG,Constellation Energy Corporation,MEDIUM,8,8,103038,92355,1,922337203,7.764125856480134e-05,7.764125856480134
A2025,2025-12-10,LLY,Eli Lilly and Company,MEDIUM,151,151,103038,92355,1,922337203,0.0014654787554106252,146.54787554106252
A2025,2025-12-10,TSLA,"Tesla, Inc.",MEDIUM,18,18,103038,92355,1,922337203,0.000174692831770803,17.4692831770803
A2025,2025-12-10,MPC,Marathon Petroleum Corporation,MEDIUM,2,2,103038,92355,1,922337203,1.9410314641200334e-05,1.9410314641200335
A2025,2025-12-10,NRG,"NRG Energy, Inc.",MEDIUM,0,0,103038,92355,1,922337203,0.0,0.0
A2025,2025-12-10,WMB,"The Williams Companies, Inc.",MEDIUM,1,1,103038,92355,1,922337203,9.705157320600167e-06,0.9705157320600167
A2025,2025-12-10,IRM,Iron Mountain Incorporated,HIGH,1,1,103038,92355,1,922337203,9.705157320600167e-06,0.9705157320600167
A2025,2025-12-10,MOS,The Mosaic Company,HIGH,3,3,103038,92355,1,922337203,2.91154719618005e-05,2.91154719618005
A2025,2025-12-10,TPL,Texas Pacific Land Corporation,MEDIUM,0,0,103038,92355,1,922337203,0.0,0.0
A2025,2025-12-11,NVDA,NVIDIA Corporation,LOW,708,706,103418,92914,1,922337203,0.006846003597052738,684.6003597052737
A2025,2025-12-11,NFLX,"Netflix, Inc.",LOW,1370,1292,103418,92914,1,922337203,0.013247210350229167,1324.7210350229168
A2025,2025-12-11,NUE,Nucor Corporation,LOW,4,4,103418,92914,1,922337203,3.867798642402677e-05,3.8677986424026765
A2025,2025-12-11,ALB,Albemarle Corporation,LOW,2,2,103418,92914,1,922337203,1.9338993212013383e-05,1.9338993212013382
A2025,2025-12-11,WMT,Walmart Inc.,LOW,241,220,103418,92914,1,922337203,0.0023303486820476127,233.03486820476127
A2025,2025-12-11,META,"Meta Platforms, Inc.",MEDIUM,2027,1961,103418,92914,1,922337203,0.019600069620375565,1960.0069620375564
A2025,2025-12-11,CEG,Constellation Energy Corporation,MEDIUM,5,5,103418,92914,1,922337203,4.8347483030033455e-05,4.834748303003345
A2025,2025-12-11,LLY,Eli Lilly and Company,MEDIUM,62,62,103418,92914,1,922337203,0.0005995087895724148,59.950878957241486
A2025,2025-12-11,TSLA,"Tesla, Inc.",MEDIUM,14,14,103418,92914,1,922337203,0.0001353729524840937,13.537295248409368
A2025,2025-12-11,MPC,Marathon Petroleum Corporation,MEDIUM,3,3,103418,92914,1,922337203,2.9008489818020075e-05,2.9008489818020076
A2025,2025-12-11,NRG,"NRG Energy, Inc.",MEDIUM,0,0,103418,92914,1,922337203,0.0,0.0
A2025,2025-12-11,WMB,"The Williams Companies, Inc.",MEDIUM,4,4,103418,92914,1,922337203,3.867798642402677e-05,3.8677986424026765
A2025,2025-12-11,IRM,Iron Mountain Incorporated,HIGH,0,0,103418,92914,1,922337203,0.0,0.0
A2025,2025-12-11,MOS,The Mosaic Company,HIGH,6,6,103418,92914,1,922337203,5.801697963604015e-05,5.801697963604015
A2025,2025-12-11,TPL,Texas Pacific Land Corporation,MEDIUM,1,1,103418,92914,1,922337203,9.669496606006692e-06,0.9669496606006691
A2025,2025-12-12,NVDA,NVIDIA Corporation,LOW,682,682,96355,85894,1,922337203,0.007077992838980852,707.7992838980852
A2025,2025-12-12,NFLX,"Netflix, Inc.",LOW,1401,1316,96355,85894,1,922337203,0.014539982356909346,1453.9982356909345
A2025,2025-12-12,NUE,Nucor Corporation,LOW,1,1,96355,85894,1,922337203,1.0378288620206529e-05,1.0378288620206528
A2025,2025-12-12,ALB,Albemarle Corporation,LOW,7,7,96355,85894,1,922337203,7.264802034144569e-05,7.264802034144569
A2025,2025-12-12,WMT,Walmart Inc.,LOW,223,181,96355,85894,1,922337203,0.0023143583623060557,231.43583623060556
A2025,2025-12-12,META,"Meta Platforms, Inc.",MEDIUM,2400,2197,96355,85894,1,922337203,0.024907892688495668,2490.7892688495667
A2025,2025-12-12,CEG,Constellation Energy Corporation,MEDIUM,8,8,96355,85894,1,922337203,8.302630896165223e-05,8.302630896165223
A2025,2025-12-12,LLY,Eli Lilly and Company,MEDIUM,52,52,96355,85894,1,922337203,0.0005396710082507394,53.96710082507394
A2025,2025-12-12,TSLA,"Tesla, Inc.",MEDIUM,34,34,96355,85894,1,922337203,0.00035286181308702197,35.2861813087022
A2025,2025-12-12,MPC,Marathon Petroleum Corporation,MEDIUM,3,3,96355,85894,1,922337203,3.113486586061958e-05,3.1134865860619585
A2025,2025-12-12,NRG,"NRG Energy, Inc.",MEDIUM,0,0,96355,85894,1,922337203,0.0,0.0
A2025,2025-12-12,WMB,"The Williams Companies, Inc.",MEDIUM,1,1,96355,85894,1,922337203,1.0378288620206529e-05,1.0378288620206528
A2025,2025-12-12,IRM,Iron Mountain Incorporated,HIGH,0,0,96355,85894,1,922337203,0.0,0.0
A2025,2025-12-12,MOS,The Mosaic Company,HIGH,5,5,96355,85894,1,922337203,5.189144310103264e-05,5.189144310103264
A2025,2025-12-12,TPL,Texas Pacific Land Corporation,MEDIUM,0,0,96355,85894,1,922337203,0.0,0.0
A2025,2025-12-13,NVDA,NVIDIA Corporation,LOW,170,170,57998,51333,1,922337203,0.0029311355563984964,293.11355563984966
A2025,2025-12-13,NFLX,"Netflix, Inc.",LOW,519,517,57998,51333,1,922337203,0.008948584433945998,894.8584433945998
A2025,2025-12-13,NUE,Nucor Corporation,LOW,0,0,57998,51333,1,922337203,0.0,0.0
A2025,2025-12-13,ALB,Albemarle Corporation,LOW,1,1,57998,51333,1,922337203,1.7241973861167628e-05,1.7241973861167625
A2025,2025-12-13,WMT,Walmart Inc.,LOW,138,115,57998,51333,1,922337203,0.0023793923928411326,237.93923928411326
A2025,2025-12-13,META,"Meta Platforms, Inc.",MEDIUM,1092,1045,57998,51333,1,922337203,0.01882823545639505,1882.8235456395048
A2025,2025-12-13,CEG,Constellation Energy Corporation,MEDIUM,1,1,57998,51333,1,922337203,1.7241973861167628e-05,1.7241973861167625
A2025,2025-12-13,LLY,Eli Lilly and Company,MEDIUM,17,17,57998,51333,1,922337203,0.0002931135556398496,29.311355563984964
A2025,2025-12-13,TSLA,"Tesla, Inc.",MEDIUM,9,9,57998,51333,1,922337203,0.00015517776475050863,15.517776475050864
A2025,2025-12-13,MPC,Marathon Petroleum Corporation,MEDIUM,0,0,57998,51333,1,922337203,0.0,0.0
A2025,2025-12-13,NRG,"NRG Energy, Inc.",MEDIUM,0,0,57998,51333,1,922337203,0.0,0.0
A2025,2025-12-13,WMB,"The Williams Companies, Inc.",MEDIUM,2,2,57998,51333,1,922337203,3.4483947722335256e-05,3.448394772233525
A2025,2025-12-13,IRM,Iron Mountain Incorporated,HIGH,0,0,57998,51333,1,922337203,0.0,0.0
A2025,2025-12-13,MOS,The Mosaic Company,HIGH,1,1,57998,51333,1,922337203,1.7241973861167628e-05,1.7241973861167625
A2025,2025-12-13,TPL,Texas Pacific Land Corporation,MEDIUM,0,0,57998,51333,1,922337203,0.0,0.0
A2025,2025-12-14,NVDA,NVIDIA Corporation,LOW,197,192,48170,44220,1,922337203,0.0040896823749221505,408.96823749221505
A2025,2025-12-14,NFLX,"Netflix, Inc.",LOW,321,321,48170,44220,1,922337203,0.006663898692132033,666.3898692132033
A2025,2025-12-14,NUE,Nucor Corporation,LOW,0,0,48170,44220,1,922337203,0.0,0.0
A2025,2025-12-14,ALB,Albemarle Corporation,LOW,0,0,48170,44220,1,922337203,0.0,0.0
A2025,2025-12-14,WMT,Walmart Inc.,LOW,102,67,48170,44220,1,922337203,0.0021175005189952253,211.75005189952253
A2025,2025-12-14,META,"Meta Platforms, Inc.",MEDIUM,802,795,48170,44220,1,922337203,0.016649366825825202,1664.9366825825202
A2025,2025-12-14,CEG,Constellation Energy Corporation,MEDIUM,5,5,48170,44220,1,922337203,0.00010379904504878556,10.379904504878555
A2025,2025-12-14,LLY,Eli Lilly and Company,MEDIUM,11,11,48170,44220,1,922337203,0.00022835789910732822,22.83578991073282
A2025,2025-12-14,TSLA,"Tesla, Inc.",MEDIUM,15,15,48170,44220,1,922337203,0.00031139713514635666,31.139713514635666
A2025,2025-12-14,MPC,Marathon Petroleum Corporation,MEDIUM,0,0,48170,44220,1,922337203,0.0,0.0
A2025,2025-12-14,NRG,"NRG Energy, Inc.",MEDIUM,0,0,48170,44220,1,922337203,0.0,0.0
A2025,2025-12-14,WMB,"The Williams Companies, Inc.",MEDIUM,2,2,48170,44220,1,922337203,4.151961801951422e-05,4.151961801951422
A2025,2025-12-14,IRM,Iron Mountain Incorporated,HIGH,0,0,48170,44220,1,922337203,0.0,0.0
A2025,2025-12-14,MOS,The Mosaic Company,HIGH,2,2,48170,44220,1,922337203,4.151961801951422e-05,4.151961801951422
A2025,2025-12-14,TPL,Texas Pacific Land Corporation,MEDIUM,0,0,48170,44220,1,922337203,0.0,0.0
