security_key,latest_project_ticker,canonical_company_name,candidate_sec_cik,project_name_exact,project_name_legal_core,sec_current_name,sec_current_name_exact,sec_current_name_legal_core,nport_raw_names_pipe,nport_exact_names_pipe,nport_legal_cores_pipe,nport_legal_core_count,true_transition_count,false_transition_count,all_nport_states_explained_by_transition_flag,project_period_sec_former_name_count,reconciliation_status,reconciliation_rationale,research_priority,required_source_standard,research_question
STX,STX,SEAGATE TECHNOLOGY HOLDINGS,0001137789,SEAGATE TECHNOLOGY HOLDINGS,SEAGATE TECHNOLOGY HOLDINGS,Seagate Technology Holdings plc,SEAGATE TECHNOLOGY HOLDINGS PLC,SEAGATE TECHNOLOGY HOLDINGS,Seagate Technology Holdings PLC|Seagate Technology PLC,SEAGATE TECHNOLOGY HOLDINGS PLC|SEAGATE TECHNOLOGY PLC,SEAGATE TECHNOLOGY|SEAGATE TECHNOLOGY HOLDINGS,2,0,0,0,1,RESEARCH_MULTIPLE_UNEXPLAINED_NPORT_STATES,Multiple historical NPORT name states remain after applying all already resolved transition evidence.,1,"SEC filing, SEC exhibit, official company investor-relations announcement, or equivalent primary corporate source",Resolve the issuer's valid public/company name state(s) and any project-period effective date(s) needed for a high-precision GDELT company-attention alias.
ABNB,ABNB,Airbnb,0001559720,AIRBNB,AIRBNB,"Airbnb, Inc.",AIRBNB INC,AIRBNB,Airbnb Inc,AIRBNB INC,AIRBNB,1,0,0,0,1,RESEARCH_PROJECT_PERIOD_SEC_FORMER_NAME_EVIDENCE,SEC former-name metadata overlaps the project window and has not yet been tied to an exact authoritative transition or rejected as irrelevant.,1,"SEC filing, SEC exhibit, official company investor-relations announcement, or equivalent primary corporate source",Resolve the issuer's valid public/company name state(s) and any project-period effective date(s) needed for a high-precision GDELT company-attention alias.
ACN,ACN,ACCENTURE PLC CL A,0001467373,ACCENTURE PLC CL A,ACCENTURE,Accenture plc,ACCENTURE PLC,ACCENTURE,Accenture PLC,ACCENTURE PLC,ACCENTURE,1,0,0,0,1,RESEARCH_PROJECT_PERIOD_SEC_FORMER_NAME_EVIDENCE,SEC former-name metadata overlaps the project window and has not yet been tied to an exact authoritative transition or rejected as irrelevant.,1,"SEC filing, SEC exhibit, official company investor-relations announcement, or equivalent primary corporate source",Resolve the issuer's valid public/company name state(s) and any project-period effective date(s) needed for a high-precision GDELT company-attention alias.
ADM,ADM,ARCHER DANIELS MIDLAND CO,0000007084,ARCHER DANIELS MIDLAND CO,ARCHER DANIELS MIDLAND,Archer-Daniels-Midland Co,ARCHER DANIELS MIDLAND CO,ARCHER DANIELS MIDLAND,Archer-Daniels-Midland Co,ARCHER DANIELS MIDLAND CO,ARCHER DANIELS MIDLAND,1,0,0,0,1,RESEARCH_PROJECT_PERIOD_SEC_FORMER_NAME_EVIDENCE,SEC former-name metadata overlaps the project window and has not yet been tied to an exact authoritative transition or rejected as irrelevant.,1,"SEC filing, SEC exhibit, official company investor-relations announcement, or equivalent primary corporate source",Resolve the issuer's valid public/company name state(s) and any project-period effective date(s) needed for a high-precision GDELT company-attention alias.
AIG,AIG,AMERICAN INTERNATIONAL GROUP,0000005272,AMERICAN INTERNATIONAL GROUP,AMERICAN INTERNATIONAL GROUP,"AMERICAN INTERNATIONAL GROUP, INC.",AMERICAN INTERNATIONAL GROUP INC,AMERICAN INTERNATIONAL GROUP,American International Group Inc,AMERICAN INTERNATIONAL GROUP INC,AMERICAN INTERNATIONAL GROUP,1,0,0,0,1,RESEARCH_PROJECT_PERIOD_SEC_FORMER_NAME_EVIDENCE,SEC former-name metadata overlaps the project window and has not yet been tied to an exact authoritative transition or rejected as irrelevant.,1,"SEC filing, SEC exhibit, official company investor-relations announcement, or equivalent primary corporate source",Resolve the issuer's valid public/company name state(s) and any project-period effective date(s) needed for a high-precision GDELT company-attention alias.
APD,APD,AIR PRODUCTS + CHEMICALS INC,0000002969,AIR PRODUCTS CHEMICALS INC,AIR PRODUCTS CHEMICALS,"Air Products & Chemicals, Inc.",AIR PRODUCTS AND CHEMICALS INC,AIR PRODUCTS AND CHEMICALS,Air Products and Chemicals Inc,AIR PRODUCTS AND CHEMICALS INC,AIR PRODUCTS AND CHEMICALS,1,0,0,0,1,RESEARCH_PROJECT_PERIOD_SEC_FORMER_NAME_EVIDENCE,SEC former-name metadata overlaps the project window and has not yet been tied to an exact authoritative transition or rejected as irrelevant.,1,"SEC filing, SEC exhibit, official company investor-relations announcement, or equivalent primary corporate source",Resolve the issuer's valid public/company name state(s) and any project-period effective date(s) needed for a high-precision GDELT company-attention alias.
APO,APO,Apollo Global Mgt,0001858681,APOLLO GLOBAL MGT,APOLLO GLOBAL MGT,"Apollo Global Management, Inc.",APOLLO GLOBAL MANAGEMENT INC,APOLLO GLOBAL MANAGEMENT,Apollo Global Management Inc,APOLLO GLOBAL MANAGEMENT INC,APOLLO GLOBAL MANAGEMENT,1,0,0,0,1,RESEARCH_PROJECT_PERIOD_SEC_FORMER_NAME_EVIDENCE,SEC former-name metadata overlaps the project window and has not yet been tied to an exact authoritative transition or rejected as irrelevant.,1,"SEC filing, SEC exhibit, official company investor-relations announcement, or equivalent primary corporate source",Resolve the issuer's valid public/company name state(s) and any project-period effective date(s) needed for a high-precision GDELT company-attention alias.
ARE,ARE,ALEXANDRIA REAL ESTATE EQUIT,0001035443,ALEXANDRIA REAL ESTATE EQUIT,ALEXANDRIA REAL ESTATE EQUIT,"ALEXANDRIA REAL ESTATE EQUITIES, INC.",ALEXANDRIA REAL ESTATE EQUITIES INC,ALEXANDRIA REAL ESTATE EQUITIES,Alexandria Real Estate Equities Inc,ALEXANDRIA REAL ESTATE EQUITIES INC,ALEXANDRIA REAL ESTATE EQUITIES,1,0,0,0,1,RESEARCH_PROJECT_PERIOD_SEC_FORMER_NAME_EVIDENCE,SEC former-name metadata overlaps the project window and has not yet been tied to an exact authoritative transition or rejected as irrelevant.,1,"SEC filing, SEC exhibit, official company investor-relations announcement, or equivalent primary corporate source",Resolve the issuer's valid public/company name state(s) and any project-period effective date(s) needed for a high-precision GDELT company-attention alias.
AZO,AZO,AUTOZONE INC,0000866787,AUTOZONE INC,AUTOZONE,AUTOZONE INC,AUTOZONE INC,AUTOZONE,AutoZone Inc,AUTOZONE INC,AUTOZONE,1,0,0,0,1,RESEARCH_PROJECT_PERIOD_SEC_FORMER_NAME_EVIDENCE,SEC former-name metadata overlaps the project window and has not yet been tied to an exact authoritative transition or rejected as irrelevant.,1,"SEC filing, SEC exhibit, official company investor-relations announcement, or equivalent primary corporate source",Resolve the issuer's valid public/company name state(s) and any project-period effective date(s) needed for a high-precision GDELT company-attention alias.
BLK,BLK,BLACKROCK INC,0002012383,BLACKROCK INC,BLACKROCK,"BlackRock, Inc.",BLACKROCK INC,BLACKROCK,BlackRock Inc|Blackrock Inc,BLACKROCK INC,BLACKROCK,1,0,0,0,2,RESEARCH_PROJECT_PERIOD_SEC_FORMER_NAME_EVIDENCE,SEC former-name metadata overlaps the project window and has not yet been tied to an exact authoritative transition or rejected as irrelevant.,1,"SEC filing, SEC exhibit, official company investor-relations announcement, or equivalent primary corporate source",Resolve the issuer's valid public/company name state(s) and any project-period effective date(s) needed for a high-precision GDELT company-attention alias.
BR,BR,BROADRIDGE FINANCIAL SOLUTIO,0001383312,BROADRIDGE FINANCIAL SOLUTIO,BROADRIDGE FINANCIAL SOLUTIO,"BROADRIDGE FINANCIAL SOLUTIONS, INC.",BROADRIDGE FINANCIAL SOLUTIONS INC,BROADRIDGE FINANCIAL SOLUTIONS,Broadridge Financial Solutions Inc,BROADRIDGE FINANCIAL SOLUTIONS INC,BROADRIDGE FINANCIAL SOLUTIONS,1,0,0,0,1,RESEARCH_PROJECT_PERIOD_SEC_FORMER_NAME_EVIDENCE,SEC former-name metadata overlaps the project window and has not yet been tied to an exact authoritative transition or rejected as irrelevant.,1,"SEC filing, SEC exhibit, official company investor-relations announcement, or equivalent primary corporate source",Resolve the issuer's valid public/company name state(s) and any project-period effective date(s) needed for a high-precision GDELT company-attention alias.
BX,BX,Blackstone,0001393818,BLACKSTONE,BLACKSTONE,Blackstone Inc.,BLACKSTONE INC,BLACKSTONE,Blackstone Inc,BLACKSTONE INC,BLACKSTONE,1,0,0,0,2,RESEARCH_PROJECT_PERIOD_SEC_FORMER_NAME_EVIDENCE,SEC former-name metadata overlaps the project window and has not yet been tied to an exact authoritative transition or rejected as irrelevant.,1,"SEC filing, SEC exhibit, official company investor-relations announcement, or equivalent primary corporate source",Resolve the issuer's valid public/company name state(s) and any project-period effective date(s) needed for a high-precision GDELT company-attention alias.
C,C,CITIGROUP INC,0000831001,CITIGROUP INC,CITIGROUP,CITIGROUP INC,CITIGROUP INC,CITIGROUP,Citigroup Inc,CITIGROUP INC,CITIGROUP,1,0,0,0,1,RESEARCH_PROJECT_PERIOD_SEC_FORMER_NAME_EVIDENCE,SEC former-name metadata overlaps the project window and has not yet been tied to an exact authoritative transition or rejected as irrelevant.,1,"SEC filing, SEC exhibit, official company investor-relations announcement, or equivalent primary corporate source",Resolve the issuer's valid public/company name state(s) and any project-period effective date(s) needed for a high-precision GDELT company-attention alias.
CAH,CAH,CARDINAL HEALTH INC,0000721371,CARDINAL HEALTH INC,CARDINAL HEALTH,CARDINAL HEALTH INC,CARDINAL HEALTH INC,CARDINAL HEALTH,Cardinal Health Inc,CARDINAL HEALTH INC,CARDINAL HEALTH,1,0,0,0,1,RESEARCH_PROJECT_PERIOD_SEC_FORMER_NAME_EVIDENCE,SEC former-name metadata overlaps the project window and has not yet been tied to an exact authoritative transition or rejected as irrelevant.,1,"SEC filing, SEC exhibit, official company investor-relations announcement, or equivalent primary corporate source",Resolve the issuer's valid public/company name state(s) and any project-period effective date(s) needed for a high-precision GDELT company-attention alias.
CCL,CCL,CARNIVAL CORP LTD,0000815097,CARNIVAL CORP LTD,CARNIVAL,Carnival Corp Ltd.,CARNIVAL CORP LTD,CARNIVAL,Carnival Corp,CARNIVAL CORP,CARNIVAL,1,0,0,0,1,RESEARCH_PROJECT_PERIOD_SEC_FORMER_NAME_EVIDENCE,SEC former-name metadata overlaps the project window and has not yet been tied to an exact authoritative transition or rejected as irrelevant.,1,"SEC filing, SEC exhibit, official company investor-relations announcement, or equivalent primary corporate source",Resolve the issuer's valid public/company name state(s) and any project-period effective date(s) needed for a high-precision GDELT company-attention alias.
CEG,CEG,Constellation Energy,0001868275,CONSTELLATION ENERGY,CONSTELLATION ENERGY,Constellation Energy Corp,CONSTELLATION ENERGY CORP,CONSTELLATION ENERGY,Constellation Energy Corp,CONSTELLATION ENERGY CORP,CONSTELLATION ENERGY,1,0,0,0,1,RESEARCH_PROJECT_PERIOD_SEC_FORMER_NAME_EVIDENCE,SEC former-name metadata overlaps the project window and has not yet been tied to an exact authoritative transition or rejected as irrelevant.,1,"SEC filing, SEC exhibit, official company investor-relations announcement, or equivalent primary corporate source",Resolve the issuer's valid public/company name state(s) and any project-period effective date(s) needed for a high-precision GDELT company-attention alias.
CL,CL,COLGATE PALMOLIVE CO,0000021665,COLGATE PALMOLIVE CO,COLGATE PALMOLIVE,COLGATE PALMOLIVE CO,COLGATE PALMOLIVE CO,COLGATE PALMOLIVE,Colgate-Palmolive Co,COLGATE PALMOLIVE CO,COLGATE PALMOLIVE,1,0,0,0,1,RESEARCH_PROJECT_PERIOD_SEC_FORMER_NAME_EVIDENCE,SEC former-name metadata overlaps the project window and has not yet been tied to an exact authoritative transition or rejected as irrelevant.,1,"SEC filing, SEC exhibit, official company investor-relations announcement, or equivalent primary corporate source",Resolve the issuer's valid public/company name state(s) and any project-period effective date(s) needed for a high-precision GDELT company-attention alias.
CLX,CLX,CLOROX COMPANY,0000021076,CLOROX COMPANY,CLOROX,CLOROX CO /DE/,CLOROX CO DE,CLOROX CO DE,Clorox Co/The,CLOROX CO THE,CLOROX CO THE,1,0,0,0,1,RESEARCH_PROJECT_PERIOD_SEC_FORMER_NAME_EVIDENCE,SEC former-name metadata overlaps the project window and has not yet been tied to an exact authoritative transition or rejected as irrelevant.,1,"SEC filing, SEC exhibit, official company investor-relations announcement, or equivalent primary corporate source",Resolve the issuer's valid public/company name state(s) and any project-period effective date(s) needed for a high-precision GDELT company-attention alias.
CNP,CNP,CENTERPOINT ENERGY INC,0001130310,CENTERPOINT ENERGY INC,CENTERPOINT ENERGY,CENTERPOINT ENERGY INC,CENTERPOINT ENERGY INC,CENTERPOINT ENERGY,CenterPoint Energy Inc,CENTERPOINT ENERGY INC,CENTERPOINT ENERGY,1,0,0,0,1,RESEARCH_PROJECT_PERIOD_SEC_FORMER_NAME_EVIDENCE,SEC former-name metadata overlaps the project window and has not yet been tied to an exact authoritative transition or rejected as irrelevant.,1,"SEC filing, SEC exhibit, official company investor-relations announcement, or equivalent primary corporate source",Resolve the issuer's valid public/company name state(s) and any project-period effective date(s) needed for a high-precision GDELT company-attention alias.
CSGP,CSGP,CoStar Group,0001057352,COSTAR GROUP,COSTAR GROUP,"COSTAR GROUP, INC.",COSTAR GROUP INC,COSTAR GROUP,CoStar Group Inc,COSTAR GROUP INC,COSTAR GROUP,1,0,0,0,1,RESEARCH_PROJECT_PERIOD_SEC_FORMER_NAME_EVIDENCE,SEC former-name metadata overlaps the project window and has not yet been tied to an exact authoritative transition or rejected as irrelevant.,1,"SEC filing, SEC exhibit, official company investor-relations announcement, or equivalent primary corporate source",Resolve the issuer's valid public/company name state(s) and any project-period effective date(s) needed for a high-precision GDELT company-attention alias.
DASH,DASH,DoorDash,0001792789,DOORDASH,DOORDASH,"DoorDash, Inc.",DOORDASH INC,DOORDASH,DoorDash Inc,DOORDASH INC,DOORDASH,1,0,0,0,2,RESEARCH_PROJECT_PERIOD_SEC_FORMER_NAME_EVIDENCE,SEC former-name metadata overlaps the project window and has not yet been tied to an exact authoritative transition or rejected as irrelevant.,1,"SEC filing, SEC exhibit, official company investor-relations announcement, or equivalent primary corporate source",Resolve the issuer's valid public/company name state(s) and any project-period effective date(s) needed for a high-precision GDELT company-attention alias.
EFX,EFX,EQUIFAX INC,0000033185,EQUIFAX INC,EQUIFAX,EQUIFAX INC,EQUIFAX INC,EQUIFAX,Equifax Inc,EQUIFAX INC,EQUIFAX,1,0,0,0,1,RESEARCH_PROJECT_PERIOD_SEC_FORMER_NAME_EVIDENCE,SEC former-name metadata overlaps the project window and has not yet been tied to an exact authoritative transition or rejected as irrelevant.,1,"SEC filing, SEC exhibit, official company investor-relations announcement, or equivalent primary corporate source",Resolve the issuer's valid public/company name state(s) and any project-period effective date(s) needed for a high-precision GDELT company-attention alias.
EXE,EXE,Expand Energy,0000895126,EXPAND ENERGY,EXPAND ENERGY,EXPAND ENERGY Corp,EXPAND ENERGY CORP,EXPAND ENERGY,Expand Energy Corp,EXPAND ENERGY CORP,EXPAND ENERGY,1,0,0,0,1,RESEARCH_PROJECT_PERIOD_SEC_FORMER_NAME_EVIDENCE,SEC former-name metadata overlaps the project window and has not yet been tied to an exact authoritative transition or rejected as irrelevant.,1,"SEC filing, SEC exhibit, official company investor-relations announcement, or equivalent primary corporate source",Resolve the issuer's valid public/company name state(s) and any project-period effective date(s) needed for a high-precision GDELT company-attention alias.
FANG,FANG,DIAMONDBACK ENERGY INC,0001539838,DIAMONDBACK ENERGY INC,DIAMONDBACK ENERGY,"Diamondback Energy, Inc.",DIAMONDBACK ENERGY INC,DIAMONDBACK ENERGY,Diamondback Energy Inc,DIAMONDBACK ENERGY INC,DIAMONDBACK ENERGY,1,0,0,0,1,RESEARCH_PROJECT_PERIOD_SEC_FORMER_NAME_EVIDENCE,SEC former-name metadata overlaps the project window and has not yet been tied to an exact authoritative transition or rejected as irrelevant.,1,"SEC filing, SEC exhibit, official company investor-relations announcement, or equivalent primary corporate source",Resolve the issuer's valid public/company name state(s) and any project-period effective date(s) needed for a high-precision GDELT company-attention alias.
FIX,FIX,Comfort Systems USA,0001035983,COMFORT SYSTEMS USA,COMFORT SYSTEMS USA,COMFORT SYSTEMS USA INC,COMFORT SYSTEMS USA INC,COMFORT SYSTEMS USA,Comfort Systems USA Inc,COMFORT SYSTEMS USA INC,COMFORT SYSTEMS USA,1,0,0,0,1,RESEARCH_PROJECT_PERIOD_SEC_FORMER_NAME_EVIDENCE,SEC former-name metadata overlaps the project window and has not yet been tied to an exact authoritative transition or rejected as irrelevant.,1,"SEC filing, SEC exhibit, official company investor-relations announcement, or equivalent primary corporate source",Resolve the issuer's valid public/company name state(s) and any project-period effective date(s) needed for a high-precision GDELT company-attention alias.
GEHC,GEHC,GE HealthCare Technologies,0001932393,GE HEALTHCARE TECHNOLOGIES,GE HEALTHCARE TECHNOLOGIES,GE HealthCare Technologies Inc.,GE HEALTHCARE TECHNOLOGIES INC,GE HEALTHCARE TECHNOLOGIES,GE HealthCare Technologies Inc,GE HEALTHCARE TECHNOLOGIES INC,GE HEALTHCARE TECHNOLOGIES,1,0,0,0,1,RESEARCH_PROJECT_PERIOD_SEC_FORMER_NAME_EVIDENCE,SEC former-name metadata overlaps the project window and has not yet been tied to an exact authoritative transition or rejected as irrelevant.,1,"SEC filing, SEC exhibit, official company investor-relations announcement, or equivalent primary corporate source",Resolve the issuer's valid public/company name state(s) and any project-period effective date(s) needed for a high-precision GDELT company-attention alias.
GEV,GEV,GE Vernova,0001996810,GE VERNOVA,GE VERNOVA,GE Vernova Inc.,GE VERNOVA INC,GE VERNOVA,GE Vernova Inc,GE VERNOVA INC,GE VERNOVA,1,0,0,0,1,RESEARCH_PROJECT_PERIOD_SEC_FORMER_NAME_EVIDENCE,SEC former-name metadata overlaps the project window and has not yet been tied to an exact authoritative transition or rejected as irrelevant.,1,"SEC filing, SEC exhibit, official company investor-relations announcement, or equivalent primary corporate source",Resolve the issuer's valid public/company name state(s) and any project-period effective date(s) needed for a high-precision GDELT company-attention alias.
GILD,GILD,GILEAD SCIENCES INC,0000882095,GILEAD SCIENCES INC,GILEAD SCIENCES,"GILEAD SCIENCES, INC.",GILEAD SCIENCES INC,GILEAD SCIENCES,Gilead Sciences Inc,GILEAD SCIENCES INC,GILEAD SCIENCES,1,0,0,0,1,RESEARCH_PROJECT_PERIOD_SEC_FORMER_NAME_EVIDENCE,SEC former-name metadata overlaps the project window and has not yet been tied to an exact authoritative transition or rejected as irrelevant.,1,"SEC filing, SEC exhibit, official company investor-relations announcement, or equivalent primary corporate source",Resolve the issuer's valid public/company name state(s) and any project-period effective date(s) needed for a high-precision GDELT company-attention alias.
HBAN,HBAN,HUNTINGTON BANCSHARES INC,0000049196,HUNTINGTON BANCSHARES INC,HUNTINGTON BANCSHARES,HUNTINGTON BANCSHARES INC /MD/,HUNTINGTON BANCSHARES INC MD,HUNTINGTON BANCSHARES INC MD,Huntington Bancshares Inc/OH,HUNTINGTON BANCSHARES INC OH,HUNTINGTON BANCSHARES INC OH,1,0,0,0,2,RESEARCH_PROJECT_PERIOD_SEC_FORMER_NAME_EVIDENCE,SEC former-name metadata overlaps the project window and has not yet been tied to an exact authoritative transition or rejected as irrelevant.,1,"SEC filing, SEC exhibit, official company investor-relations announcement, or equivalent primary corporate source",Resolve the issuer's valid public/company name state(s) and any project-period effective date(s) needed for a high-precision GDELT company-attention alias.
HII,HII,HUNTINGTON INGALLS INDUSTRIE,0001501585,HUNTINGTON INGALLS INDUSTRIE,HUNTINGTON INGALLS INDUSTRIE,"HUNTINGTON INGALLS INDUSTRIES, INC.",HUNTINGTON INGALLS INDUSTRIES INC,HUNTINGTON INGALLS INDUSTRIES,Huntington Ingalls Industries Inc,HUNTINGTON INGALLS INDUSTRIES INC,HUNTINGTON INGALLS INDUSTRIES,1,0,0,0,1,RESEARCH_PROJECT_PERIOD_SEC_FORMER_NAME_EVIDENCE,SEC former-name metadata overlaps the project window and has not yet been tied to an exact authoritative transition or rejected as irrelevant.,1,"SEC filing, SEC exhibit, official company investor-relations announcement, or equivalent primary corporate source",Resolve the issuer's valid public/company name state(s) and any project-period effective date(s) needed for a high-precision GDELT company-attention alias.
INTU,INTU,INTUIT INC,0000896878,INTUIT INC,INTUIT,INTUIT INC.,INTUIT INC,INTUIT,Intuit Inc,INTUIT INC,INTUIT,1,0,0,0,1,RESEARCH_PROJECT_PERIOD_SEC_FORMER_NAME_EVIDENCE,SEC former-name metadata overlaps the project window and has not yet been tied to an exact authoritative transition or rejected as irrelevant.,1,"SEC filing, SEC exhibit, official company investor-relations announcement, or equivalent primary corporate source",Resolve the issuer's valid public/company name state(s) and any project-period effective date(s) needed for a high-precision GDELT company-attention alias.
IVZ,IVZ,INVESCO LTD,0000914208,INVESCO LTD,INVESCO,Invesco Ltd.,INVESCO LTD,INVESCO,Invesco Ltd,INVESCO LTD,INVESCO,1,0,0,0,1,RESEARCH_PROJECT_PERIOD_SEC_FORMER_NAME_EVIDENCE,SEC former-name metadata overlaps the project window and has not yet been tied to an exact authoritative transition or rejected as irrelevant.,1,"SEC filing, SEC exhibit, official company investor-relations announcement, or equivalent primary corporate source",Resolve the issuer's valid public/company name state(s) and any project-period effective date(s) needed for a high-precision GDELT company-attention alias.
J,J,JACOBS SOLUTIONS INC,0000052988,JACOBS SOLUTIONS INC,JACOBS SOLUTIONS,JACOBS SOLUTIONS INC.,JACOBS SOLUTIONS INC,JACOBS SOLUTIONS,Jacobs Solutions Inc,JACOBS SOLUTIONS INC,JACOBS SOLUTIONS,1,0,0,0,1,RESEARCH_PROJECT_PERIOD_SEC_FORMER_NAME_EVIDENCE,SEC former-name metadata overlaps the project window and has not yet been tied to an exact authoritative transition or rejected as irrelevant.,1,"SEC filing, SEC exhibit, official company investor-relations announcement, or equivalent primary corporate source",Resolve the issuer's valid public/company name state(s) and any project-period effective date(s) needed for a high-precision GDELT company-attention alias.
JKHY,JKHY,JACK HENRY + ASSOCIATES INC,0000779152,JACK HENRY ASSOCIATES INC,JACK HENRY ASSOCIATES,JACK HENRY & ASSOCIATES INC,JACK HENRY AND ASSOCIATES INC,JACK HENRY AND ASSOCIATES,Jack Henry & Associates Inc,JACK HENRY AND ASSOCIATES INC,JACK HENRY AND ASSOCIATES,1,0,0,0,1,RESEARCH_PROJECT_PERIOD_SEC_FORMER_NAME_EVIDENCE,SEC former-name metadata overlaps the project window and has not yet been tied to an exact authoritative transition or rejected as irrelevant.,1,"SEC filing, SEC exhibit, official company investor-relations announcement, or equivalent primary corporate source",Resolve the issuer's valid public/company name state(s) and any project-period effective date(s) needed for a high-precision GDELT company-attention alias.
JPM,JPM,JPMORGAN CHASE + CO,0000019617,JPMORGAN CHASE CO,JPMORGAN CHASE,JPMORGAN CHASE & CO,JPMORGAN CHASE AND CO,JPMORGAN CHASE AND,JPMorgan Chase & Co,JPMORGAN CHASE AND CO,JPMORGAN CHASE AND,1,0,0,0,1,RESEARCH_PROJECT_PERIOD_SEC_FORMER_NAME_EVIDENCE,SEC former-name metadata overlaps the project window and has not yet been tied to an exact authoritative transition or rejected as irrelevant.,1,"SEC filing, SEC exhibit, official company investor-relations announcement, or equivalent primary corporate source",Resolve the issuer's valid public/company name state(s) and any project-period effective date(s) needed for a high-precision GDELT company-attention alias.
KVUE,KVUE,Kenvue,0001944048,KENVUE,KENVUE,Kenvue Inc.,KENVUE INC,KENVUE,Kenvue Inc,KENVUE INC,KENVUE,1,0,0,0,1,RESEARCH_PROJECT_PERIOD_SEC_FORMER_NAME_EVIDENCE,SEC former-name metadata overlaps the project window and has not yet been tied to an exact authoritative transition or rejected as irrelevant.,1,"SEC filing, SEC exhibit, official company investor-relations announcement, or equivalent primary corporate source",Resolve the issuer's valid public/company name state(s) and any project-period effective date(s) needed for a high-precision GDELT company-attention alias.
LH,LH,LABCORP HOLDINGS INC,0000920148,LABCORP HOLDINGS INC,LABCORP HOLDINGS,LABCORP HOLDINGS INC.,LABCORP HOLDINGS INC,LABCORP HOLDINGS,Labcorp Holdings Inc,LABCORP HOLDINGS INC,LABCORP HOLDINGS,1,0,0,0,1,RESEARCH_PROJECT_PERIOD_SEC_FORMER_NAME_EVIDENCE,SEC former-name metadata overlaps the project window and has not yet been tied to an exact authoritative transition or rejected as irrelevant.,1,"SEC filing, SEC exhibit, official company investor-relations announcement, or equivalent primary corporate source",Resolve the issuer's valid public/company name state(s) and any project-period effective date(s) needed for a high-precision GDELT company-attention alias.
LMT,LMT,LOCKHEED MARTIN CORP,0000936468,LOCKHEED MARTIN CORP,LOCKHEED MARTIN,LOCKHEED MARTIN CORP,LOCKHEED MARTIN CORP,LOCKHEED MARTIN,Lockheed Martin Corp,LOCKHEED MARTIN CORP,LOCKHEED MARTIN,1,0,0,0,1,RESEARCH_PROJECT_PERIOD_SEC_FORMER_NAME_EVIDENCE,SEC former-name metadata overlaps the project window and has not yet been tied to an exact authoritative transition or rejected as irrelevant.,1,"SEC filing, SEC exhibit, official company investor-relations announcement, or equivalent primary corporate source",Resolve the issuer's valid public/company name state(s) and any project-period effective date(s) needed for a high-precision GDELT company-attention alias.
LNT,LNT,ALLIANT ENERGY CORP,0000352541,ALLIANT ENERGY CORP,ALLIANT ENERGY,ALLIANT ENERGY CORP,ALLIANT ENERGY CORP,ALLIANT ENERGY,Alliant Energy Corp,ALLIANT ENERGY CORP,ALLIANT ENERGY,1,0,0,0,1,RESEARCH_PROJECT_PERIOD_SEC_FORMER_NAME_EVIDENCE,SEC former-name metadata overlaps the project window and has not yet been tied to an exact authoritative transition or rejected as irrelevant.,1,"SEC filing, SEC exhibit, official company investor-relations announcement, or equivalent primary corporate source",Resolve the issuer's valid public/company name state(s) and any project-period effective date(s) needed for a high-precision GDELT company-attention alias.
MAR,MAR,MARRIOTT INTERNATIONAL  CL A,0001048286,MARRIOTT INTERNATIONAL CL A,MARRIOTT INTERNATIONAL,MARRIOTT INTERNATIONAL INC /MD/,MARRIOTT INTERNATIONAL INC MD,MARRIOTT INTERNATIONAL INC MD,Marriott International Inc/MD,MARRIOTT INTERNATIONAL INC MD,MARRIOTT INTERNATIONAL INC MD,1,0,0,0,1,RESEARCH_PROJECT_PERIOD_SEC_FORMER_NAME_EVIDENCE,SEC former-name metadata overlaps the project window and has not yet been tied to an exact authoritative transition or rejected as irrelevant.,1,"SEC filing, SEC exhibit, official company investor-relations announcement, or equivalent primary corporate source",Resolve the issuer's valid public/company name state(s) and any project-period effective date(s) needed for a high-precision GDELT company-attention alias.
MKC,MKC,MCCORMICK + CO NON VTG SHRS,0000063754,MCCORMICK CO NON VTG SHRS,MCCORMICK CO NON VTG SHRS,MCCORMICK & CO INC,MCCORMICK AND CO INC,MCCORMICK AND,McCormick & Co Inc/MD,MCCORMICK AND CO INC MD,MCCORMICK AND CO INC MD,1,0,0,0,1,RESEARCH_PROJECT_PERIOD_SEC_FORMER_NAME_EVIDENCE,SEC former-name metadata overlaps the project window and has not yet been tied to an exact authoritative transition or rejected as irrelevant.,1,"SEC filing, SEC exhibit, official company investor-relations announcement, or equivalent primary corporate source",Resolve the issuer's valid public/company name state(s) and any project-period effective date(s) needed for a high-precision GDELT company-attention alias.
MPWR,MPWR,Monolithic Power Systems,0001280452,MONOLITHIC POWER SYSTEMS,MONOLITHIC POWER SYSTEMS,"MONOLITHIC POWER SYSTEMS, INC.",MONOLITHIC POWER SYSTEMS INC,MONOLITHIC POWER SYSTEMS,Monolithic Power Systems Inc,MONOLITHIC POWER SYSTEMS INC,MONOLITHIC POWER SYSTEMS,1,0,0,0,1,RESEARCH_PROJECT_PERIOD_SEC_FORMER_NAME_EVIDENCE,SEC former-name metadata overlaps the project window and has not yet been tied to an exact authoritative transition or rejected as irrelevant.,1,"SEC filing, SEC exhibit, official company investor-relations announcement, or equivalent primary corporate source",Resolve the issuer's valid public/company name state(s) and any project-period effective date(s) needed for a high-precision GDELT company-attention alias.
MS,MS,MORGAN STANLEY,0000895421,MORGAN STANLEY,MORGAN STANLEY,MORGAN STANLEY,MORGAN STANLEY,MORGAN STANLEY,Morgan Stanley,MORGAN STANLEY,MORGAN STANLEY,1,0,0,0,2,RESEARCH_PROJECT_PERIOD_SEC_FORMER_NAME_EVIDENCE,SEC former-name metadata overlaps the project window and has not yet been tied to an exact authoritative transition or rejected as irrelevant.,1,"SEC filing, SEC exhibit, official company investor-relations announcement, or equivalent primary corporate source",Resolve the issuer's valid public/company name state(s) and any project-period effective date(s) needed for a high-precision GDELT company-attention alias.
NRG,NRG,NRG ENERGY INC,0001013871,NRG ENERGY INC,NRG ENERGY,"NRG ENERGY, INC.",NRG ENERGY INC,NRG ENERGY,NRG Energy Inc,NRG ENERGY INC,NRG ENERGY,1,0,0,0,1,RESEARCH_PROJECT_PERIOD_SEC_FORMER_NAME_EVIDENCE,SEC former-name metadata overlaps the project window and has not yet been tied to an exact authoritative transition or rejected as irrelevant.,1,"SEC filing, SEC exhibit, official company investor-relations announcement, or equivalent primary corporate source",Resolve the issuer's valid public/company name state(s) and any project-period effective date(s) needed for a high-precision GDELT company-attention alias.
PANW,PANW,Palo Alto Networks,0001327567,PALO ALTO NETWORKS,PALO ALTO NETWORKS,Palo Alto Networks Inc,PALO ALTO NETWORKS INC,PALO ALTO NETWORKS,Palo Alto Networks Inc,PALO ALTO NETWORKS INC,PALO ALTO NETWORKS,1,0,0,0,1,RESEARCH_PROJECT_PERIOD_SEC_FORMER_NAME_EVIDENCE,SEC former-name metadata overlaps the project window and has not yet been tied to an exact authoritative transition or rejected as irrelevant.,1,"SEC filing, SEC exhibit, official company investor-relations announcement, or equivalent primary corporate source",Resolve the issuer's valid public/company name state(s) and any project-period effective date(s) needed for a high-precision GDELT company-attention alias.
PCG,PCG,PG&E,0001004980,PG AND E,PG AND E,PG&E Corp,PG AND E CORP,PG AND E,PG&E Corp,PG AND E CORP,PG AND E,1,0,0,0,2,RESEARCH_PROJECT_PERIOD_SEC_FORMER_NAME_EVIDENCE,SEC former-name metadata overlaps the project window and has not yet been tied to an exact authoritative transition or rejected as irrelevant.,1,"SEC filing, SEC exhibit, official company investor-relations announcement, or equivalent primary corporate source",Resolve the issuer's valid public/company name state(s) and any project-period effective date(s) needed for a high-precision GDELT company-attention alias.
PFE,PFE,PFIZER INC,0000078003,PFIZER INC,PFIZER,PFIZER INC,PFIZER INC,PFIZER,Pfizer Inc,PFIZER INC,PFIZER,1,0,0,0,1,RESEARCH_PROJECT_PERIOD_SEC_FORMER_NAME_EVIDENCE,SEC former-name metadata overlaps the project window and has not yet been tied to an exact authoritative transition or rejected as irrelevant.,1,"SEC filing, SEC exhibit, official company investor-relations announcement, or equivalent primary corporate source",Resolve the issuer's valid public/company name state(s) and any project-period effective date(s) needed for a high-precision GDELT company-attention alias.
PH,PH,PARKER HANNIFIN CORP,0000076334,PARKER HANNIFIN CORP,PARKER HANNIFIN,Parker-Hannifin Corp,PARKER HANNIFIN CORP,PARKER HANNIFIN,Parker-Hannifin Corp,PARKER HANNIFIN CORP,PARKER HANNIFIN,1,0,0,0,1,RESEARCH_PROJECT_PERIOD_SEC_FORMER_NAME_EVIDENCE,SEC former-name metadata overlaps the project window and has not yet been tied to an exact authoritative transition or rejected as irrelevant.,1,"SEC filing, SEC exhibit, official company investor-relations announcement, or equivalent primary corporate source",Resolve the issuer's valid public/company name state(s) and any project-period effective date(s) needed for a high-precision GDELT company-attention alias.
PSKY,PSKY,PARAMOUNT SKYDANCE CL B,0002041610,PARAMOUNT SKYDANCE CL B,PARAMOUNT SKYDANCE,Paramount Skydance Corp,PARAMOUNT SKYDANCE CORP,PARAMOUNT SKYDANCE,Paramount Skydance Corp,PARAMOUNT SKYDANCE CORP,PARAMOUNT SKYDANCE,1,0,0,0,1,RESEARCH_PROJECT_PERIOD_SEC_FORMER_NAME_EVIDENCE,SEC former-name metadata overlaps the project window and has not yet been tied to an exact authoritative transition or rejected as irrelevant.,1,"SEC filing, SEC exhibit, official company investor-relations announcement, or equivalent primary corporate source",Resolve the issuer's valid public/company name state(s) and any project-period effective date(s) needed for a high-precision GDELT company-attention alias.
Q,Q,Qnity Electronics,0002058873,QNITY ELECTRONICS,QNITY ELECTRONICS,"Qnity Electronics, Inc.",QNITY ELECTRONICS INC,QNITY ELECTRONICS,Qnity Electronics Inc,QNITY ELECTRONICS INC,QNITY ELECTRONICS,1,0,0,0,1,RESEARCH_PROJECT_PERIOD_SEC_FORMER_NAME_EVIDENCE,SEC former-name metadata overlaps the project window and has not yet been tied to an exact authoritative transition or rejected as irrelevant.,1,"SEC filing, SEC exhibit, official company investor-relations announcement, or equivalent primary corporate source",Resolve the issuer's valid public/company name state(s) and any project-period effective date(s) needed for a high-precision GDELT company-attention alias.
ROP,ROP,ROPER TECHNOLOGIES INC,0000882835,ROPER TECHNOLOGIES INC,ROPER TECHNOLOGIES,ROPER TECHNOLOGIES INC,ROPER TECHNOLOGIES INC,ROPER TECHNOLOGIES,Roper Technologies Inc,ROPER TECHNOLOGIES INC,ROPER TECHNOLOGIES,1,0,0,0,1,RESEARCH_PROJECT_PERIOD_SEC_FORMER_NAME_EVIDENCE,SEC former-name metadata overlaps the project window and has not yet been tied to an exact authoritative transition or rejected as irrelevant.,1,"SEC filing, SEC exhibit, official company investor-relations announcement, or equivalent primary corporate source",Resolve the issuer's valid public/company name state(s) and any project-period effective date(s) needed for a high-precision GDELT company-attention alias.
SO,SO,SOUTHERN CO/THE,0000092122,SOUTHERN CO THE,SOUTHERN CO THE,SOUTHERN CO,SOUTHERN CO,SOUTHERN,Southern Co/The,SOUTHERN CO THE,SOUTHERN CO THE,1,0,0,0,1,RESEARCH_PROJECT_PERIOD_SEC_FORMER_NAME_EVIDENCE,SEC former-name metadata overlaps the project window and has not yet been tied to an exact authoritative transition or rejected as irrelevant.,1,"SEC filing, SEC exhibit, official company investor-relations announcement, or equivalent primary corporate source",Resolve the issuer's valid public/company name state(s) and any project-period effective date(s) needed for a high-precision GDELT company-attention alias.
SOLV,SOLV,Solventum,0001964738,SOLVENTUM,SOLVENTUM,Solventum Corp,SOLVENTUM CORP,SOLVENTUM,Solventum Corp,SOLVENTUM CORP,SOLVENTUM,1,0,0,0,1,RESEARCH_PROJECT_PERIOD_SEC_FORMER_NAME_EVIDENCE,SEC former-name metadata overlaps the project window and has not yet been tied to an exact authoritative transition or rejected as irrelevant.,1,"SEC filing, SEC exhibit, official company investor-relations announcement, or equivalent primary corporate source",Resolve the issuer's valid public/company name state(s) and any project-period effective date(s) needed for a high-precision GDELT company-attention alias.
SPG,SPG,SIMON PROPERTY GROUP INC,0001063761,SIMON PROPERTY GROUP INC,SIMON PROPERTY GROUP,SIMON PROPERTY GROUP INC.,SIMON PROPERTY GROUP INC,SIMON PROPERTY GROUP,Simon Property Group Inc,SIMON PROPERTY GROUP INC,SIMON PROPERTY GROUP,1,0,0,0,1,RESEARCH_PROJECT_PERIOD_SEC_FORMER_NAME_EVIDENCE,SEC former-name metadata overlaps the project window and has not yet been tied to an exact authoritative transition or rejected as irrelevant.,1,"SEC filing, SEC exhibit, official company investor-relations announcement, or equivalent primary corporate source",Resolve the issuer's valid public/company name state(s) and any project-period effective date(s) needed for a high-precision GDELT company-attention alias.
STLD,STLD,Steel Dynamics,0001022671,STEEL DYNAMICS,STEEL DYNAMICS,STEEL DYNAMICS INC,STEEL DYNAMICS INC,STEEL DYNAMICS,Steel Dynamics Inc,STEEL DYNAMICS INC,STEEL DYNAMICS,1,0,0,0,1,RESEARCH_PROJECT_PERIOD_SEC_FORMER_NAME_EVIDENCE,SEC former-name metadata overlaps the project window and has not yet been tied to an exact authoritative transition or rejected as irrelevant.,1,"SEC filing, SEC exhibit, official company investor-relations announcement, or equivalent primary corporate source",Resolve the issuer's valid public/company name state(s) and any project-period effective date(s) needed for a high-precision GDELT company-attention alias.
STT,STT,STATE STREET CORP,0000093751,STATE STREET CORP,STATE STREET,STATE STREET CORP,STATE STREET CORP,STATE STREET,State Street Corp,STATE STREET CORP,STATE STREET,1,0,0,0,2,RESEARCH_PROJECT_PERIOD_SEC_FORMER_NAME_EVIDENCE,SEC former-name metadata overlaps the project window and has not yet been tied to an exact authoritative transition or rejected as irrelevant.,1,"SEC filing, SEC exhibit, official company investor-relations announcement, or equivalent primary corporate source",Resolve the issuer's valid public/company name state(s) and any project-period effective date(s) needed for a high-precision GDELT company-attention alias.
SW,SW,SMURFIT WESTROCK PLC,0002005951,SMURFIT WESTROCK PLC,SMURFIT WESTROCK,Smurfit Westrock plc,SMURFIT WESTROCK PLC,SMURFIT WESTROCK,Smurfit WestRock PLC,SMURFIT WESTROCK PLC,SMURFIT WESTROCK,1,0,0,0,1,RESEARCH_PROJECT_PERIOD_SEC_FORMER_NAME_EVIDENCE,SEC former-name metadata overlaps the project window and has not yet been tied to an exact authoritative transition or rejected as irrelevant.,1,"SEC filing, SEC exhibit, official company investor-relations announcement, or equivalent primary corporate source",Resolve the issuer's valid public/company name state(s) and any project-period effective date(s) needed for a high-precision GDELT company-attention alias.
SYF,SYF,SYNCHRONY FINANCIAL,0001601712,SYNCHRONY FINANCIAL,SYNCHRONY FINANCIAL,Synchrony Financial,SYNCHRONY FINANCIAL,SYNCHRONY FINANCIAL,Synchrony Financial,SYNCHRONY FINANCIAL,SYNCHRONY FINANCIAL,1,0,0,0,1,RESEARCH_PROJECT_PERIOD_SEC_FORMER_NAME_EVIDENCE,SEC former-name metadata overlaps the project window and has not yet been tied to an exact authoritative transition or rejected as irrelevant.,1,"SEC filing, SEC exhibit, official company investor-relations announcement, or equivalent primary corporate source",Resolve the issuer's valid public/company name state(s) and any project-period effective date(s) needed for a high-precision GDELT company-attention alias.
TEL,TEL,TE CONNECTIVITY PLC,0001385157,TE CONNECTIVITY PLC,TE CONNECTIVITY,TE Connectivity plc,TE CONNECTIVITY PLC,TE CONNECTIVITY,TE Connectivity Ltd|TE Connectivity PLC,TE CONNECTIVITY LTD|TE CONNECTIVITY PLC,TE CONNECTIVITY,1,0,0,0,1,RESEARCH_PROJECT_PERIOD_SEC_FORMER_NAME_EVIDENCE,SEC former-name metadata overlaps the project window and has not yet been tied to an exact authoritative transition or rejected as irrelevant.,1,"SEC filing, SEC exhibit, official company investor-relations announcement, or equivalent primary corporate source",Resolve the issuer's valid public/company name state(s) and any project-period effective date(s) needed for a high-precision GDELT company-attention alias.
TKO,TKO,TKO Group Holdings,0001973266,TKO GROUP HOLDINGS,TKO GROUP HOLDINGS,"TKO Group Holdings, Inc.",TKO GROUP HOLDINGS INC,TKO GROUP HOLDINGS,TKO Group Holdings Inc,TKO GROUP HOLDINGS INC,TKO GROUP HOLDINGS,1,0,0,0,1,RESEARCH_PROJECT_PERIOD_SEC_FORMER_NAME_EVIDENCE,SEC former-name metadata overlaps the project window and has not yet been tied to an exact authoritative transition or rejected as irrelevant.,1,"SEC filing, SEC exhibit, official company investor-relations announcement, or equivalent primary corporate source",Resolve the issuer's valid public/company name state(s) and any project-period effective date(s) needed for a high-precision GDELT company-attention alias.
TRGP,TRGP,Targa Resources,0001389170,TARGA RESOURCES,TARGA RESOURCES,Targa Resources Corp.,TARGA RESOURCES CORP,TARGA RESOURCES,Targa Resources Corp,TARGA RESOURCES CORP,TARGA RESOURCES,1,0,0,0,1,RESEARCH_PROJECT_PERIOD_SEC_FORMER_NAME_EVIDENCE,SEC former-name metadata overlaps the project window and has not yet been tied to an exact authoritative transition or rejected as irrelevant.,1,"SEC filing, SEC exhibit, official company investor-relations announcement, or equivalent primary corporate source",Resolve the issuer's valid public/company name state(s) and any project-period effective date(s) needed for a high-precision GDELT company-attention alias.
WBD,WBD,Warner Bros. Discovery,0001437107,WARNER BROS DISCOVERY,WARNER BROS DISCOVERY,"Warner Bros. Discovery, Inc.",WARNER BROS DISCOVERY INC,WARNER BROS DISCOVERY,Warner Bros Discovery Inc,WARNER BROS DISCOVERY INC,WARNER BROS DISCOVERY,1,0,0,0,1,RESEARCH_PROJECT_PERIOD_SEC_FORMER_NAME_EVIDENCE,SEC former-name metadata overlaps the project window and has not yet been tied to an exact authoritative transition or rejected as irrelevant.,1,"SEC filing, SEC exhibit, official company investor-relations announcement, or equivalent primary corporate source",Resolve the issuer's valid public/company name state(s) and any project-period effective date(s) needed for a high-precision GDELT company-attention alias.
WMT,WMT,WALMART INC,0000104169,WALMART INC,WALMART,Walmart Inc.,WALMART INC,WALMART,Walmart Inc,WALMART INC,WALMART,1,0,0,0,1,RESEARCH_PROJECT_PERIOD_SEC_FORMER_NAME_EVIDENCE,SEC former-name metadata overlaps the project window and has not yet been tied to an exact authoritative transition or rejected as irrelevant.,1,"SEC filing, SEC exhibit, official company investor-relations announcement, or equivalent primary corporate source",Resolve the issuer's valid public/company name state(s) and any project-period effective date(s) needed for a high-precision GDELT company-attention alias.
XYZ,XYZ,Block,0001512673,BLOCK,BLOCK,"Block, Inc.",BLOCK INC,BLOCK,Block Inc,BLOCK INC,BLOCK,1,0,0,0,1,RESEARCH_PROJECT_PERIOD_SEC_FORMER_NAME_EVIDENCE,SEC former-name metadata overlaps the project window and has not yet been tied to an exact authoritative transition or rejected as irrelevant.,1,"SEC filing, SEC exhibit, official company investor-relations announcement, or equivalent primary corporate source",Resolve the issuer's valid public/company name state(s) and any project-period effective date(s) needed for a high-precision GDELT company-attention alias.
AJG,AJG,ARTHUR J GALLAGHER + CO,0000354190,ARTHUR J GALLAGHER CO,ARTHUR J GALLAGHER,Arthur J. Gallagher & Co.,ARTHUR J GALLAGHER AND CO,ARTHUR J GALLAGHER AND,Arthur J Gallagher & Co,ARTHUR J GALLAGHER AND CO,ARTHUR J GALLAGHER AND,1,0,0,0,0,RESEARCH_PROJECT_VS_NPORT_NAME_CORE_CONFLICT,Project reference company name and historical NPORT name remain different under conservative legal-style normalization.,2,"SEC filing, SEC exhibit, official company investor-relations announcement, or equivalent primary corporate source",Resolve the issuer's valid public/company name state(s) and any project-period effective date(s) needed for a high-precision GDELT company-attention alias.
AOS,AOS,SMITH (A.O.) CORP,0000091142,SMITH A O CORP,SMITH A O,SMITH A O CORP,SMITH A O CORP,SMITH A O,A O Smith Corp,A O SMITH CORP,A O SMITH,1,0,0,0,0,RESEARCH_PROJECT_VS_NPORT_NAME_CORE_CONFLICT,Project reference company name and historical NPORT name remain different under conservative legal-style normalization.,2,"SEC filing, SEC exhibit, official company investor-relations announcement, or equivalent primary corporate source",Resolve the issuer's valid public/company name state(s) and any project-period effective date(s) needed for a high-precision GDELT company-attention alias.
BG,BG,Bunge,0001996862,BUNGE,BUNGE,Bunge Global SA,BUNGE GLOBAL SA,BUNGE GLOBAL,Bunge Global SA,BUNGE GLOBAL SA,BUNGE GLOBAL,1,0,0,0,0,RESEARCH_PROJECT_VS_NPORT_NAME_CORE_CONFLICT,Project reference company name and historical NPORT name remain different under conservative legal-style normalization.,2,"SEC filing, SEC exhibit, official company investor-relations announcement, or equivalent primary corporate source",Resolve the issuer's valid public/company name state(s) and any project-period effective date(s) needed for a high-precision GDELT company-attention alias.
CBRE,CBRE,CBRE GROUP INC   A,0001138118,CBRE GROUP INC A,CBRE GROUP INC A,"CBRE GROUP, INC.",CBRE GROUP INC,CBRE GROUP,CBRE Group Inc,CBRE GROUP INC,CBRE GROUP,1,0,0,0,0,RESEARCH_PROJECT_VS_NPORT_NAME_CORE_CONFLICT,Project reference company name and historical NPORT name remain different under conservative legal-style normalization.,2,"SEC filing, SEC exhibit, official company investor-relations announcement, or equivalent primary corporate source",Resolve the issuer's valid public/company name state(s) and any project-period effective date(s) needed for a high-precision GDELT company-attention alias.
CDNS,CDNS,CADENCE DESIGN SYS INC,0000813672,CADENCE DESIGN SYS INC,CADENCE DESIGN SYS,CADENCE DESIGN SYSTEMS INC,CADENCE DESIGN SYSTEMS INC,CADENCE DESIGN SYSTEMS,Cadence Design Systems Inc,CADENCE DESIGN SYSTEMS INC,CADENCE DESIGN SYSTEMS,1,0,0,0,0,RESEARCH_PROJECT_VS_NPORT_NAME_CORE_CONFLICT,Project reference company name and historical NPORT name remain different under conservative legal-style normalization.,2,"SEC filing, SEC exhibit, official company investor-relations announcement, or equivalent primary corporate source",Resolve the issuer's valid public/company name state(s) and any project-period effective date(s) needed for a high-precision GDELT company-attention alias.
CHD,CHD,CHURCH + DWIGHT CO INC,0000313927,CHURCH DWIGHT CO INC,CHURCH DWIGHT,CHURCH & DWIGHT CO INC /DE/,CHURCH AND DWIGHT CO INC DE,CHURCH AND DWIGHT CO INC DE,Church & Dwight Co Inc,CHURCH AND DWIGHT CO INC,CHURCH AND DWIGHT,1,0,0,0,0,RESEARCH_PROJECT_VS_NPORT_NAME_CORE_CONFLICT,Project reference company name and historical NPORT name remain different under conservative legal-style normalization.,2,"SEC filing, SEC exhibit, official company investor-relations announcement, or equivalent primary corporate source",Resolve the issuer's valid public/company name state(s) and any project-period effective date(s) needed for a high-precision GDELT company-attention alias.
CHRW,CHRW,C.H. ROBINSON WORLDWIDE INC,0001043277,C H ROBINSON WORLDWIDE INC,C H ROBINSON WORLDWIDE,"C. H. ROBINSON WORLDWIDE, INC.",C H ROBINSON WORLDWIDE INC,C H ROBINSON WORLDWIDE,CH Robinson Worldwide Inc,CH ROBINSON WORLDWIDE INC,CH ROBINSON WORLDWIDE,1,0,0,0,0,RESEARCH_PROJECT_VS_NPORT_NAME_CORE_CONFLICT,Project reference company name and historical NPORT name remain different under conservative legal-style normalization.,2,"SEC filing, SEC exhibit, official company investor-relations announcement, or equivalent primary corporate source",Resolve the issuer's valid public/company name state(s) and any project-period effective date(s) needed for a high-precision GDELT company-attention alias.
CHTR,CHTR,CHARTER COMMUNICATIONS INC A,0001091667,CHARTER COMMUNICATIONS INC A,CHARTER COMMUNICATIONS INC A,"CHARTER COMMUNICATIONS, INC. /MO/",CHARTER COMMUNICATIONS INC MO,CHARTER COMMUNICATIONS INC MO,Charter Communications Inc,CHARTER COMMUNICATIONS INC,CHARTER COMMUNICATIONS,1,0,0,0,0,RESEARCH_PROJECT_VS_NPORT_NAME_CORE_CONFLICT,Project reference company name and historical NPORT name remain different under conservative legal-style normalization.,2,"SEC filing, SEC exhibit, official company investor-relations announcement, or equivalent primary corporate source",Resolve the issuer's valid public/company name state(s) and any project-period effective date(s) needed for a high-precision GDELT company-attention alias.
CRL,CRL,Charles River Laboratories Intl,0001100682,CHARLES RIVER LABORATORIES INTL,CHARLES RIVER LABORATORIES INTL,"CHARLES RIVER LABORATORIES INTERNATIONAL, INC.",CHARLES RIVER LABORATORIES INTERNATIONAL INC,CHARLES RIVER LABORATORIES INTERNATIONAL,Charles River Laboratories International Inc,CHARLES RIVER LABORATORIES INTERNATIONAL INC,CHARLES RIVER LABORATORIES INTERNATIONAL,1,0,0,0,0,RESEARCH_PROJECT_VS_NPORT_NAME_CORE_CONFLICT,Project reference company name and historical NPORT name remain different under conservative legal-style normalization.,2,"SEC filing, SEC exhibit, official company investor-relations announcement, or equivalent primary corporate source",Resolve the issuer's valid public/company name state(s) and any project-period effective date(s) needed for a high-precision GDELT company-attention alias.
CTSH,CTSH,COGNIZANT TECH SOLUTIONS A,0001058290,COGNIZANT TECH SOLUTIONS A,COGNIZANT TECH SOLUTIONS A,COGNIZANT TECHNOLOGY SOLUTIONS CORP,COGNIZANT TECHNOLOGY SOLUTIONS CORP,COGNIZANT TECHNOLOGY SOLUTIONS,Cognizant Technology Solutions Corp,COGNIZANT TECHNOLOGY SOLUTIONS CORP,COGNIZANT TECHNOLOGY SOLUTIONS,1,0,0,0,0,RESEARCH_PROJECT_VS_NPORT_NAME_CORE_CONFLICT,Project reference company name and historical NPORT name remain different under conservative legal-style normalization.,2,"SEC filing, SEC exhibit, official company investor-relations announcement, or equivalent primary corporate source",Resolve the issuer's valid public/company name state(s) and any project-period effective date(s) needed for a high-precision GDELT company-attention alias.
DE,DE,DEERE + CO,0000315189,DEERE CO,DEERE,DEERE & CO,DEERE AND CO,DEERE AND,Deere & Co,DEERE AND CO,DEERE AND,1,0,0,0,0,RESEARCH_PROJECT_VS_NPORT_NAME_CORE_CONFLICT,Project reference company name and historical NPORT name remain different under conservative legal-style normalization.,2,"SEC filing, SEC exhibit, official company investor-relations announcement, or equivalent primary corporate source",Resolve the issuer's valid public/company name state(s) and any project-period effective date(s) needed for a high-precision GDELT company-attention alias.
EL,EL,ESTEE LAUDER COMPANIES CL A,0001001250,ESTEE LAUDER COMPANIES CL A,ESTEE LAUDER COMPANIES,ESTEE LAUDER COMPANIES INC,ESTEE LAUDER COMPANIES INC,ESTEE LAUDER COMPANIES,Estee Lauder Cos Inc/The,ESTEE LAUDER COS INC THE,ESTEE LAUDER COS INC THE,1,0,0,0,0,RESEARCH_PROJECT_VS_NPORT_NAME_CORE_CONFLICT,Project reference company name and historical NPORT name remain different under conservative legal-style normalization.,2,"SEC filing, SEC exhibit, official company investor-relations announcement, or equivalent primary corporate source",Resolve the issuer's valid public/company name state(s) and any project-period effective date(s) needed for a high-precision GDELT company-attention alias.
EXPD,EXPD,EXPEDITORS INTL WASH INC,0000746515,EXPEDITORS INTL WASH INC,EXPEDITORS INTL WASH,EXPEDITORS INTERNATIONAL OF WASHINGTON INC,EXPEDITORS INTERNATIONAL OF WASHINGTON INC,EXPEDITORS INTERNATIONAL OF WASHINGTON,Expeditors International of Washington Inc,EXPEDITORS INTERNATIONAL OF WASHINGTON INC,EXPEDITORS INTERNATIONAL OF WASHINGTON,1,0,0,0,0,RESEARCH_PROJECT_VS_NPORT_NAME_CORE_CONFLICT,Project reference company name and historical NPORT name remain different under conservative legal-style normalization.,2,"SEC filing, SEC exhibit, official company investor-relations announcement, or equivalent primary corporate source",Resolve the issuer's valid public/company name state(s) and any project-period effective date(s) needed for a high-precision GDELT company-attention alias.
FICO,FICO,Fair Isaac & Co,0000814547,FAIR ISAAC AND CO,FAIR ISAAC AND,FAIR ISAAC CORP,FAIR ISAAC CORP,FAIR ISAAC,Fair Isaac Corp,FAIR ISAAC CORP,FAIR ISAAC,1,0,0,0,0,RESEARCH_PROJECT_VS_NPORT_NAME_CORE_CONFLICT,Project reference company name and historical NPORT name remain different under conservative legal-style normalization.,2,"SEC filing, SEC exhibit, official company investor-relations announcement, or equivalent primary corporate source",Resolve the issuer's valid public/company name state(s) and any project-period effective date(s) needed for a high-precision GDELT company-attention alias.
FIS,FIS,FIDELITY NATIONAL INFO SERV,0001136893,FIDELITY NATIONAL INFO SERV,FIDELITY NATIONAL INFO SERV,"Fidelity National Information Services, Inc.",FIDELITY NATIONAL INFORMATION SERVICES INC,FIDELITY NATIONAL INFORMATION SERVICES,Fidelity National Information Services Inc,FIDELITY NATIONAL INFORMATION SERVICES INC,FIDELITY NATIONAL INFORMATION SERVICES,1,0,0,0,0,RESEARCH_PROJECT_VS_NPORT_NAME_CORE_CONFLICT,Project reference company name and historical NPORT name remain different under conservative legal-style normalization.,2,"SEC filing, SEC exhibit, official company investor-relations announcement, or equivalent primary corporate source",Resolve the issuer's valid public/company name state(s) and any project-period effective date(s) needed for a high-precision GDELT company-attention alias.
HLT,HLT,HILTON WORLDWIDE HOLDINGS IN,0001585689,HILTON WORLDWIDE HOLDINGS IN,HILTON WORLDWIDE HOLDINGS IN,Hilton Worldwide Holdings Inc.,HILTON WORLDWIDE HOLDINGS INC,HILTON WORLDWIDE HOLDINGS,Hilton Worldwide Holdings Inc,HILTON WORLDWIDE HOLDINGS INC,HILTON WORLDWIDE HOLDINGS,1,0,0,0,0,RESEARCH_PROJECT_VS_NPORT_NAME_CORE_CONFLICT,Project reference company name and historical NPORT name remain different under conservative legal-style normalization.,2,"SEC filing, SEC exhibit, official company investor-relations announcement, or equivalent primary corporate source",Resolve the issuer's valid public/company name state(s) and any project-period effective date(s) needed for a high-precision GDELT company-attention alias.
HST,HST,HOST HOTELS + RESORTS INC,0001070750,HOST HOTELS RESORTS INC,HOST HOTELS RESORTS,"HOST HOTELS & RESORTS, INC.",HOST HOTELS AND RESORTS INC,HOST HOTELS AND RESORTS,Host Hotels & Resorts Inc,HOST HOTELS AND RESORTS INC,HOST HOTELS AND RESORTS,1,0,0,0,0,RESEARCH_PROJECT_VS_NPORT_NAME_CORE_CONFLICT,Project reference company name and historical NPORT name remain different under conservative legal-style normalization.,2,"SEC filing, SEC exhibit, official company investor-relations announcement, or equivalent primary corporate source",Resolve the issuer's valid public/company name state(s) and any project-period effective date(s) needed for a high-precision GDELT company-attention alias.
IBM,IBM,INTL BUSINESS MACHINES CORP,0000051143,INTL BUSINESS MACHINES CORP,INTL BUSINESS MACHINES,INTERNATIONAL BUSINESS MACHINES CORP,INTERNATIONAL BUSINESS MACHINES CORP,INTERNATIONAL BUSINESS MACHINES,International Business Machines Corp,INTERNATIONAL BUSINESS MACHINES CORP,INTERNATIONAL BUSINESS MACHINES,1,0,0,0,0,RESEARCH_PROJECT_VS_NPORT_NAME_CORE_CONFLICT,Project reference company name and historical NPORT name remain different under conservative legal-style normalization.,2,"SEC filing, SEC exhibit, official company investor-relations announcement, or equivalent primary corporate source",Resolve the issuer's valid public/company name state(s) and any project-period effective date(s) needed for a high-precision GDELT company-attention alias.
ICE,ICE,INTERCONTINENTAL EXCHANGE IN,0001571949,INTERCONTINENTAL EXCHANGE IN,INTERCONTINENTAL EXCHANGE IN,"Intercontinental Exchange, Inc.",INTERCONTINENTAL EXCHANGE INC,INTERCONTINENTAL EXCHANGE,Intercontinental Exchange Inc,INTERCONTINENTAL EXCHANGE INC,INTERCONTINENTAL EXCHANGE,1,0,0,0,0,RESEARCH_PROJECT_VS_NPORT_NAME_CORE_CONFLICT,Project reference company name and historical NPORT name remain different under conservative legal-style normalization.,2,"SEC filing, SEC exhibit, official company investor-relations announcement, or equivalent primary corporate source",Resolve the issuer's valid public/company name state(s) and any project-period effective date(s) needed for a high-precision GDELT company-attention alias.
IFF,IFF,INTL FLAVORS + FRAGRANCES,0000051253,INTL FLAVORS FRAGRANCES,INTL FLAVORS FRAGRANCES,INTERNATIONAL FLAVORS & FRAGRANCES INC,INTERNATIONAL FLAVORS AND FRAGRANCES INC,INTERNATIONAL FLAVORS AND FRAGRANCES,International Flavors & Fragrances Inc,INTERNATIONAL FLAVORS AND FRAGRANCES INC,INTERNATIONAL FLAVORS AND FRAGRANCES,1,0,0,0,0,RESEARCH_PROJECT_VS_NPORT_NAME_CORE_CONFLICT,Project reference company name and historical NPORT name remain different under conservative legal-style normalization.,2,"SEC filing, SEC exhibit, official company investor-relations announcement, or equivalent primary corporate source",Resolve the issuer's valid public/company name state(s) and any project-period effective date(s) needed for a high-precision GDELT company-attention alias.
JBHT,JBHT,HUNT (JB) TRANSPRT SVCS INC,0000728535,HUNT JB TRANSPRT SVCS INC,HUNT JB TRANSPRT SVCS,HUNT J B TRANSPORT SERVICES INC,HUNT J B TRANSPORT SERVICES INC,HUNT J B TRANSPORT SERVICES,JB Hunt Transport Services Inc,JB HUNT TRANSPORT SERVICES INC,JB HUNT TRANSPORT SERVICES,1,0,0,0,0,RESEARCH_PROJECT_VS_NPORT_NAME_CORE_CONFLICT,Project reference company name and historical NPORT name remain different under conservative legal-style normalization.,2,"SEC filing, SEC exhibit, official company investor-relations announcement, or equivalent primary corporate source",Resolve the issuer's valid public/company name state(s) and any project-period effective date(s) needed for a high-precision GDELT company-attention alias.
JCI,JCI,JOHNSON CONTROLS INTERNATION,0000833444,JOHNSON CONTROLS INTERNATION,JOHNSON CONTROLS INTERNATION,Johnson Controls International plc,JOHNSON CONTROLS INTERNATIONAL PLC,JOHNSON CONTROLS INTERNATIONAL,Johnson Controls International plc,JOHNSON CONTROLS INTERNATIONAL PLC,JOHNSON CONTROLS INTERNATIONAL,1,0,0,0,0,RESEARCH_PROJECT_VS_NPORT_NAME_CORE_CONFLICT,Project reference company name and historical NPORT name remain different under conservative legal-style normalization.,2,"SEC filing, SEC exhibit, official company investor-relations announcement, or equivalent primary corporate source",Resolve the issuer's valid public/company name state(s) and any project-period effective date(s) needed for a high-precision GDELT company-attention alias.
JNJ,JNJ,JOHNSON + JOHNSON,0000200406,JOHNSON JOHNSON,JOHNSON JOHNSON,JOHNSON & JOHNSON,JOHNSON AND JOHNSON,JOHNSON AND JOHNSON,Johnson & Johnson,JOHNSON AND JOHNSON,JOHNSON AND JOHNSON,1,0,0,0,0,RESEARCH_PROJECT_VS_NPORT_NAME_CORE_CONFLICT,Project reference company name and historical NPORT name remain different under conservative legal-style normalization.,2,"SEC filing, SEC exhibit, official company investor-relations announcement, or equivalent primary corporate source",Resolve the issuer's valid public/company name state(s) and any project-period effective date(s) needed for a high-precision GDELT company-attention alias.
KEYS,KEYS,KEYSIGHT TECHNOLOGIES IN,0001601046,KEYSIGHT TECHNOLOGIES IN,KEYSIGHT TECHNOLOGIES IN,"Keysight Technologies, Inc.",KEYSIGHT TECHNOLOGIES INC,KEYSIGHT TECHNOLOGIES,Keysight Technologies Inc,KEYSIGHT TECHNOLOGIES INC,KEYSIGHT TECHNOLOGIES,1,0,0,0,0,RESEARCH_PROJECT_VS_NPORT_NAME_CORE_CONFLICT,Project reference company name and historical NPORT name remain different under conservative legal-style normalization.,2,"SEC filing, SEC exhibit, official company investor-relations announcement, or equivalent primary corporate source",Resolve the issuer's valid public/company name state(s) and any project-period effective date(s) needed for a high-precision GDELT company-attention alias.
LEN,LEN,LENNAR CORP A,0000920760,LENNAR CORP A,LENNAR CORP A,LENNAR CORP /NEW/,LENNAR CORP NEW,LENNAR CORP NEW,Lennar Corp,LENNAR CORP,LENNAR,1,0,0,0,0,RESEARCH_PROJECT_VS_NPORT_NAME_CORE_CONFLICT,Project reference company name and historical NPORT name remain different under conservative legal-style normalization.,2,"SEC filing, SEC exhibit, official company investor-relations announcement, or equivalent primary corporate source",Resolve the issuer's valid public/company name state(s) and any project-period effective date(s) needed for a high-precision GDELT company-attention alias.
LLY,LLY,ELI LILLY + CO,0000059478,ELI LILLY CO,ELI LILLY,ELI LILLY & Co,ELI LILLY AND CO,ELI LILLY AND,Eli Lilly & Co|Eli Lilly and Co,ELI LILLY AND CO,ELI LILLY AND,1,0,0,0,0,RESEARCH_PROJECT_VS_NPORT_NAME_CORE_CONFLICT,Project reference company name and historical NPORT name remain different under conservative legal-style normalization.,2,"SEC filing, SEC exhibit, official company investor-relations announcement, or equivalent primary corporate source",Resolve the issuer's valid public/company name state(s) and any project-period effective date(s) needed for a high-precision GDELT company-attention alias.
LYB,LYB,LYONDELLBASELL INDU CL A,0001489393,LYONDELLBASELL INDU CL A,LYONDELLBASELL INDU,LyondellBasell Industries N.V.,LYONDELLBASELL INDUSTRIES N V,LYONDELLBASELL INDUSTRIES,LyondellBasell Industries NV,LYONDELLBASELL INDUSTRIES NV,LYONDELLBASELL INDUSTRIES,1,0,0,0,0,RESEARCH_PROJECT_VS_NPORT_NAME_CORE_CONFLICT,Project reference company name and historical NPORT name remain different under conservative legal-style normalization.,2,"SEC filing, SEC exhibit, official company investor-relations announcement, or equivalent primary corporate source",Resolve the issuer's valid public/company name state(s) and any project-period effective date(s) needed for a high-precision GDELT company-attention alias.
LYV,LYV,LIVE NATION ENTERTAINMENT IN,0001335258,LIVE NATION ENTERTAINMENT IN,LIVE NATION ENTERTAINMENT IN,"Live Nation Entertainment, Inc.",LIVE NATION ENTERTAINMENT INC,LIVE NATION ENTERTAINMENT,Live Nation Entertainment Inc,LIVE NATION ENTERTAINMENT INC,LIVE NATION ENTERTAINMENT,1,0,0,0,0,RESEARCH_PROJECT_VS_NPORT_NAME_CORE_CONFLICT,Project reference company name and historical NPORT name remain different under conservative legal-style normalization.,2,"SEC filing, SEC exhibit, official company investor-relations announcement, or equivalent primary corporate source",Resolve the issuer's valid public/company name state(s) and any project-period effective date(s) needed for a high-precision GDELT company-attention alias.
MA,MA,MASTERCARD INC   A,0001141391,MASTERCARD INC A,MASTERCARD INC A,Mastercard Inc,MASTERCARD INC,MASTERCARD,Mastercard Inc,MASTERCARD INC,MASTERCARD,1,0,0,0,0,RESEARCH_PROJECT_VS_NPORT_NAME_CORE_CONFLICT,Project reference company name and historical NPORT name remain different under conservative legal-style normalization.,2,"SEC filing, SEC exhibit, official company investor-relations announcement, or equivalent primary corporate source",Resolve the issuer's valid public/company name state(s) and any project-period effective date(s) needed for a high-precision GDELT company-attention alias.
MAA,MAA,MID AMERICA APARTMENT COMM,0000912595,MID AMERICA APARTMENT COMM,MID AMERICA APARTMENT COMM,MID AMERICA APARTMENT COMMUNITIES INC.,MID AMERICA APARTMENT COMMUNITIES INC,MID AMERICA APARTMENT COMMUNITIES,Mid-America Apartment Communities Inc,MID AMERICA APARTMENT COMMUNITIES INC,MID AMERICA APARTMENT COMMUNITIES,1,0,0,0,0,RESEARCH_PROJECT_VS_NPORT_NAME_CORE_CONFLICT,Project reference company name and historical NPORT name remain different under conservative legal-style normalization.,2,"SEC filing, SEC exhibit, official company investor-relations announcement, or equivalent primary corporate source",Resolve the issuer's valid public/company name state(s) and any project-period effective date(s) needed for a high-precision GDELT company-attention alias.
MDLZ,MDLZ,MONDELEZ INTERNATIONAL INC A,0001103982,MONDELEZ INTERNATIONAL INC A,MONDELEZ INTERNATIONAL INC A,"Mondelez International, Inc.",MONDELEZ INTERNATIONAL INC,MONDELEZ INTERNATIONAL,Mondelez International Inc,MONDELEZ INTERNATIONAL INC,MONDELEZ INTERNATIONAL,1,0,0,0,0,RESEARCH_PROJECT_VS_NPORT_NAME_CORE_CONFLICT,Project reference company name and historical NPORT name remain different under conservative legal-style normalization.,2,"SEC filing, SEC exhibit, official company investor-relations announcement, or equivalent primary corporate source",Resolve the issuer's valid public/company name state(s) and any project-period effective date(s) needed for a high-precision GDELT company-attention alias.
MRK,MRK,MERCK + CO. INC.,0000310158,MERCK CO INC,MERCK,"Merck & Co., Inc.",MERCK AND CO INC,MERCK AND,Merck & Co Inc,MERCK AND CO INC,MERCK AND,1,0,0,0,0,RESEARCH_PROJECT_VS_NPORT_NAME_CORE_CONFLICT,Project reference company name and historical NPORT name remain different under conservative legal-style normalization.,2,"SEC filing, SEC exhibit, official company investor-relations announcement, or equivalent primary corporate source",Resolve the issuer's valid public/company name state(s) and any project-period effective date(s) needed for a high-precision GDELT company-attention alias.
MRSH,MRSH,MARSH + MCLENNAN COS,0000062709,MARSH MCLENNAN COS,MARSH MCLENNAN COS,"MARSH & MCLENNAN COMPANIES, INC.",MARSH AND MCLENNAN COMPANIES INC,MARSH AND MCLENNAN COMPANIES,Marsh & McLennan Cos Inc,MARSH AND MCLENNAN COS INC,MARSH AND MCLENNAN COS,1,0,0,0,0,RESEARCH_PROJECT_VS_NPORT_NAME_CORE_CONFLICT,Project reference company name and historical NPORT name remain different under conservative legal-style normalization.,2,"SEC filing, SEC exhibit, official company investor-relations announcement, or equivalent primary corporate source",Resolve the issuer's valid public/company name state(s) and any project-period effective date(s) needed for a high-precision GDELT company-attention alias.
MTB,MTB,M + T BANK CORP,0000036270,M T BANK CORP,M T BANK,M&T BANK CORP,M AND T BANK CORP,M AND T BANK,M&T Bank Corp,M AND T BANK CORP,M AND T BANK,1,0,0,0,0,RESEARCH_PROJECT_VS_NPORT_NAME_CORE_CONFLICT,Project reference company name and historical NPORT name remain different under conservative legal-style normalization.,2,"SEC filing, SEC exhibit, official company investor-relations announcement, or equivalent primary corporate source",Resolve the issuer's valid public/company name state(s) and any project-period effective date(s) needed for a high-precision GDELT company-attention alias.
NCLH,NCLH,NORWEGIAN CRUISE LINE HOLDIN,0001513761,NORWEGIAN CRUISE LINE HOLDIN,NORWEGIAN CRUISE LINE HOLDIN,Norwegian Cruise Line Holdings Ltd.,NORWEGIAN CRUISE LINE HOLDINGS LTD,NORWEGIAN CRUISE LINE HOLDINGS,Norwegian Cruise Line Holdings Ltd,NORWEGIAN CRUISE LINE HOLDINGS LTD,NORWEGIAN CRUISE LINE HOLDINGS,1,0,0,0,0,RESEARCH_PROJECT_VS_NPORT_NAME_CORE_CONFLICT,Project reference company name and historical NPORT name remain different under conservative legal-style normalization.,2,"SEC filing, SEC exhibit, official company investor-relations announcement, or equivalent primary corporate source",Resolve the issuer's valid public/company name state(s) and any project-period effective date(s) needed for a high-precision GDELT company-attention alias.
PEG,PEG,PUBLIC SERVICE ENTERPRISE GP,0000788784,PUBLIC SERVICE ENTERPRISE GP,PUBLIC SERVICE ENTERPRISE GP,PUBLIC SERVICE ENTERPRISE GROUP INC,PUBLIC SERVICE ENTERPRISE GROUP INC,PUBLIC SERVICE ENTERPRISE GROUP,Public Service Enterprise Group Inc,PUBLIC SERVICE ENTERPRISE GROUP INC,PUBLIC SERVICE ENTERPRISE GROUP,1,0,0,0,0,RESEARCH_PROJECT_VS_NPORT_NAME_CORE_CONFLICT,Project reference company name and historical NPORT name remain different under conservative legal-style normalization.,2,"SEC filing, SEC exhibit, official company investor-relations announcement, or equivalent primary corporate source",Resolve the issuer's valid public/company name state(s) and any project-period effective date(s) needed for a high-precision GDELT company-attention alias.
PG,PG,PROCTER + GAMBLE CO/THE,0000080424,PROCTER GAMBLE CO THE,PROCTER GAMBLE CO THE,PROCTER & GAMBLE Co,PROCTER AND GAMBLE CO,PROCTER AND GAMBLE,Procter & Gamble Co/The,PROCTER AND GAMBLE CO THE,PROCTER AND GAMBLE CO THE,1,0,0,0,0,RESEARCH_PROJECT_VS_NPORT_NAME_CORE_CONFLICT,Project reference company name and historical NPORT name remain different under conservative legal-style normalization.,2,"SEC filing, SEC exhibit, official company investor-relations announcement, or equivalent primary corporate source",Resolve the issuer's valid public/company name state(s) and any project-period effective date(s) needed for a high-precision GDELT company-attention alias.
SCHW,SCHW,SCHWAB (CHARLES) CORP,0000316709,SCHWAB CHARLES CORP,SCHWAB CHARLES,SCHWAB CHARLES CORP,SCHWAB CHARLES CORP,SCHWAB CHARLES,Charles Schwab Corp/The,CHARLES SCHWAB CORP THE,CHARLES SCHWAB CORP THE,1,0,0,0,0,RESEARCH_PROJECT_VS_NPORT_NAME_CORE_CONFLICT,Project reference company name and historical NPORT name remain different under conservative legal-style normalization.,2,"SEC filing, SEC exhibit, official company investor-relations announcement, or equivalent primary corporate source",Resolve the issuer's valid public/company name state(s) and any project-period effective date(s) needed for a high-precision GDELT company-attention alias.
SJM,SJM,JM SMUCKER CO/THE,0000091419,JM SMUCKER CO THE,JM SMUCKER CO THE,J M SMUCKER Co,J M SMUCKER CO,J M SMUCKER,J M Smucker Co/The,J M SMUCKER CO THE,J M SMUCKER CO THE,1,0,0,0,0,RESEARCH_PROJECT_VS_NPORT_NAME_CORE_CONFLICT,Project reference company name and historical NPORT name remain different under conservative legal-style normalization.,2,"SEC filing, SEC exhibit, official company investor-relations announcement, or equivalent primary corporate source",Resolve the issuer's valid public/company name state(s) and any project-period effective date(s) needed for a high-precision GDELT company-attention alias.
SNDK,SNDK,Sandisk,0002023554,SANDISK,SANDISK,Sandisk Corp,SANDISK CORP,SANDISK,Sandisk Corp/DE,SANDISK CORP DE,SANDISK CORP DE,1,0,0,0,0,RESEARCH_PROJECT_VS_NPORT_NAME_CORE_CONFLICT,Project reference company name and historical NPORT name remain different under conservative legal-style normalization.,2,"SEC filing, SEC exhibit, official company investor-relations announcement, or equivalent primary corporate source",Resolve the issuer's valid public/company name state(s) and any project-period effective date(s) needed for a high-precision GDELT company-attention alias.
SPGI,SPGI,S+P GLOBAL INC,0000064040,S P GLOBAL INC,S P GLOBAL,S&P Global Inc.,S AND P GLOBAL INC,S AND P GLOBAL,S&P Global Inc,S AND P GLOBAL INC,S AND P GLOBAL,1,0,0,0,0,RESEARCH_PROJECT_VS_NPORT_NAME_CORE_CONFLICT,Project reference company name and historical NPORT name remain different under conservative legal-style normalization.,2,"SEC filing, SEC exhibit, official company investor-relations announcement, or equivalent primary corporate source",Resolve the issuer's valid public/company name state(s) and any project-period effective date(s) needed for a high-precision GDELT company-attention alias.
STZ,STZ,CONSTELLATION BRANDS INC A,0000016918,CONSTELLATION BRANDS INC A,CONSTELLATION BRANDS INC A,"CONSTELLATION BRANDS, INC.",CONSTELLATION BRANDS INC,CONSTELLATION BRANDS,Constellation Brands Inc,CONSTELLATION BRANDS INC,CONSTELLATION BRANDS,1,0,0,0,0,RESEARCH_PROJECT_VS_NPORT_NAME_CORE_CONFLICT,Project reference company name and historical NPORT name remain different under conservative legal-style normalization.,2,"SEC filing, SEC exhibit, official company investor-relations announcement, or equivalent primary corporate source",Resolve the issuer's valid public/company name state(s) and any project-period effective date(s) needed for a high-precision GDELT company-attention alias.
SWK,SWK,STANLEY BLACK + DECKER INC,0000093556,STANLEY BLACK DECKER INC,STANLEY BLACK DECKER,"STANLEY BLACK & DECKER, INC.",STANLEY BLACK AND DECKER INC,STANLEY BLACK AND DECKER,Stanley Black & Decker Inc,STANLEY BLACK AND DECKER INC,STANLEY BLACK AND DECKER,1,0,0,0,0,RESEARCH_PROJECT_VS_NPORT_NAME_CORE_CONFLICT,Project reference company name and historical NPORT name remain different under conservative legal-style normalization.,2,"SEC filing, SEC exhibit, official company investor-relations announcement, or equivalent primary corporate source",Resolve the issuer's valid public/company name state(s) and any project-period effective date(s) needed for a high-precision GDELT company-attention alias.
T,T,AT+T INC,0000732717,AT T INC,AT T,AT&T INC.,AT AND T INC,AT AND T,AT&T Inc,AT AND T INC,AT AND T,1,0,0,0,0,RESEARCH_PROJECT_VS_NPORT_NAME_CORE_CONFLICT,Project reference company name and historical NPORT name remain different under conservative legal-style normalization.,2,"SEC filing, SEC exhibit, official company investor-relations announcement, or equivalent primary corporate source",Resolve the issuer's valid public/company name state(s) and any project-period effective date(s) needed for a high-precision GDELT company-attention alias.
TAP,TAP,MOLSON COORS BEVERAGE CO   B,0000024545,MOLSON COORS BEVERAGE CO B,MOLSON COORS BEVERAGE CO B,MOLSON COORS BEVERAGE CO,MOLSON COORS BEVERAGE CO,MOLSON COORS BEVERAGE,Molson Coors Beverage Co,MOLSON COORS BEVERAGE CO,MOLSON COORS BEVERAGE,1,0,0,0,0,RESEARCH_PROJECT_VS_NPORT_NAME_CORE_CONFLICT,Project reference company name and historical NPORT name remain different under conservative legal-style normalization.,2,"SEC filing, SEC exhibit, official company investor-relations announcement, or equivalent primary corporate source",Resolve the issuer's valid public/company name state(s) and any project-period effective date(s) needed for a high-precision GDELT company-attention alias.
TJX,TJX,TJX COMPANIES INC,,TJX COMPANIES INC,TJX COMPANIES,,,,TJX Cos Inc/The,TJX COS INC THE,TJX COS INC THE,1,0,0,0,0,RESEARCH_PROJECT_VS_NPORT_NAME_CORE_CONFLICT,Project reference company name and historical NPORT name remain different under conservative legal-style normalization.,2,"SEC filing, SEC exhibit, official company investor-relations announcement, or equivalent primary corporate source",Resolve the issuer's valid public/company name state(s) and any project-period effective date(s) needed for a high-precision GDELT company-attention alias.
TTWO,TTWO,TAKE TWO INTERACTIVE SOFTWRE,0000946581,TAKE TWO INTERACTIVE SOFTWRE,TAKE TWO INTERACTIVE SOFTWRE,TAKE TWO INTERACTIVE SOFTWARE INC,TAKE TWO INTERACTIVE SOFTWARE INC,TAKE TWO INTERACTIVE SOFTWARE,Take-Two Interactive Software Inc,TAKE TWO INTERACTIVE SOFTWARE INC,TAKE TWO INTERACTIVE SOFTWARE,1,0,0,0,0,RESEARCH_PROJECT_VS_NPORT_NAME_CORE_CONFLICT,Project reference company name and historical NPORT name remain different under conservative legal-style normalization.,2,"SEC filing, SEC exhibit, official company investor-relations announcement, or equivalent primary corporate source",Resolve the issuer's valid public/company name state(s) and any project-period effective date(s) needed for a high-precision GDELT company-attention alias.
UHS,UHS,UNIVERSAL HEALTH SERVICES B,0000352915,UNIVERSAL HEALTH SERVICES B,UNIVERSAL HEALTH SERVICES B,UNIVERSAL HEALTH SERVICES INC,UNIVERSAL HEALTH SERVICES INC,UNIVERSAL HEALTH SERVICES,Universal Health Services Inc,UNIVERSAL HEALTH SERVICES INC,UNIVERSAL HEALTH SERVICES,1,0,0,0,0,RESEARCH_PROJECT_VS_NPORT_NAME_CORE_CONFLICT,Project reference company name and historical NPORT name remain different under conservative legal-style normalization.,2,"SEC filing, SEC exhibit, official company investor-relations announcement, or equivalent primary corporate source",Resolve the issuer's valid public/company name state(s) and any project-period effective date(s) needed for a high-precision GDELT company-attention alias.
V,V,VISA INC CLASS A SHARES,0001403161,VISA INC CLASS A SHARES,VISA INC SHARES,VISA INC.,VISA INC,VISA,Visa Inc,VISA INC,VISA,1,0,0,0,0,RESEARCH_PROJECT_VS_NPORT_NAME_CORE_CONFLICT,Project reference company name and historical NPORT name remain different under conservative legal-style normalization.,2,"SEC filing, SEC exhibit, official company investor-relations announcement, or equivalent primary corporate source",Resolve the issuer's valid public/company name state(s) and any project-period effective date(s) needed for a high-precision GDELT company-attention alias.
WAB,WAB,WABTEC CORP,0000943452,WABTEC CORP,WABTEC,WESTINGHOUSE AIR BRAKE TECHNOLOGIES CORP,WESTINGHOUSE AIR BRAKE TECHNOLOGIES CORP,WESTINGHOUSE AIR BRAKE TECHNOLOGIES,Westinghouse Air Brake Technologies Corp,WESTINGHOUSE AIR BRAKE TECHNOLOGIES CORP,WESTINGHOUSE AIR BRAKE TECHNOLOGIES,1,0,0,0,0,RESEARCH_PROJECT_VS_NPORT_NAME_CORE_CONFLICT,Project reference company name and historical NPORT name remain different under conservative legal-style normalization.,2,"SEC filing, SEC exhibit, official company investor-relations announcement, or equivalent primary corporate source",Resolve the issuer's valid public/company name state(s) and any project-period effective date(s) needed for a high-precision GDELT company-attention alias.
WFC,WFC,WELLS FARGO + CO,0000072971,WELLS FARGO CO,WELLS FARGO,WELLS FARGO & COMPANY/MN,WELLS FARGO AND COMPANY MN,WELLS FARGO AND COMPANY MN,Wells Fargo & Co,WELLS FARGO AND CO,WELLS FARGO AND,1,0,0,0,0,RESEARCH_PROJECT_VS_NPORT_NAME_CORE_CONFLICT,Project reference company name and historical NPORT name remain different under conservative legal-style normalization.,2,"SEC filing, SEC exhibit, official company investor-relations announcement, or equivalent primary corporate source",Resolve the issuer's valid public/company name state(s) and any project-period effective date(s) needed for a high-precision GDELT company-attention alias.
WRB,WRB,WR BERKLEY CORP,0000011544,WR BERKLEY CORP,WR BERKLEY,BERKLEY W R CORP,BERKLEY W R CORP,BERKLEY W R,W R Berkley Corp,W R BERKLEY CORP,W R BERKLEY,1,0,0,0,0,RESEARCH_PROJECT_VS_NPORT_NAME_CORE_CONFLICT,Project reference company name and historical NPORT name remain different under conservative legal-style normalization.,2,"SEC filing, SEC exhibit, official company investor-relations announcement, or equivalent primary corporate source",Resolve the issuer's valid public/company name state(s) and any project-period effective date(s) needed for a high-precision GDELT company-attention alias.
XOM,XOM,EXXONMOBIL HOLDINGS CORP,0002115436,EXXONMOBIL HOLDINGS CORP,EXXONMOBIL HOLDINGS,ExxonMobil Holdings Corp,EXXONMOBIL HOLDINGS CORP,EXXONMOBIL HOLDINGS,Exxon Mobil Corp,EXXON MOBIL CORP,EXXON MOBIL,1,0,0,0,0,RESEARCH_PROJECT_VS_NPORT_NAME_CORE_CONFLICT,Project reference company name and historical NPORT name remain different under conservative legal-style normalization.,2,"SEC filing, SEC exhibit, official company investor-relations announcement, or equivalent primary corporate source",Resolve the issuer's valid public/company name state(s) and any project-period effective date(s) needed for a high-precision GDELT company-attention alias.
XYL,XYL,XYLEM INC,0001524472,XYLEM INC,XYLEM,Xylem Inc.,XYLEM INC,XYLEM,Xylem Inc/NY,XYLEM INC NY,XYLEM INC NY,1,0,0,0,0,RESEARCH_PROJECT_VS_NPORT_NAME_CORE_CONFLICT,Project reference company name and historical NPORT name remain different under conservative legal-style normalization.,2,"SEC filing, SEC exhibit, official company investor-relations announcement, or equivalent primary corporate source",Resolve the issuer's valid public/company name state(s) and any project-period effective date(s) needed for a high-precision GDELT company-attention alias.
