sec_cik,former_name_position,former_name,former_name_normalized,former_name_from,former_name_to
0000002969,1,AIR PRODUCTS & CHEMICALS INC /DE/,air products and chemicals inc de,1994-03-15T05:00:00.000Z,2022-04-07T04:00:00.000Z
0000004127,1,SKYWORKS SOLUTIONS INC,skyworks solutions inc,2002-06-28T04:00:00.000Z,2011-06-17T04:00:00.000Z
0000004127,2,ALPHA INDUSTRIES INC,alpha industries inc,1995-02-08T05:00:00.000Z,2002-06-17T04:00:00.000Z
0000004281,1,Arconic Inc.,arconic inc,2016-11-01T04:00:00.000Z,2020-03-26T04:00:00.000Z
0000004281,2,ALCOA INC.,alcoa inc,2014-10-09T04:00:00.000Z,2016-10-27T04:00:00.000Z
0000004281,3,ALCOA INC,alcoa inc,1999-02-10T05:00:00.000Z,2014-10-03T04:00:00.000Z
0000004281,4,ALUMINUM CO OF AMERICA,aluminum co of america,1994-02-08T05:00:00.000Z,1999-01-04T05:00:00.000Z
0000004904,1,AMERICAN ELECTRIC POWER COMPANY INC,american electric power company inc,1994-05-16T04:00:00.000Z,2002-01-10T05:00:00.000Z
0000005272,1,AMERICAN INTERNATIONAL GROUP INC,american international group inc,1994-08-12T04:00:00.000Z,2021-02-10T05:00:00.000Z
0000005513,1,UNUMPROVIDENT CORP,unumprovident corp,1999-08-05T04:00:00.000Z,2007-04-10T04:00:00.000Z
0000005513,2,PROVIDENT COMPANIES INC /DE/,provident companies inc de,1996-12-13T05:00:00.000Z,1999-07-01T04:00:00.000Z
0000005513,3,PROVIDENT COMPANIES INC /TN/,provident companies inc tn,1996-05-09T04:00:00.000Z,1996-12-03T05:00:00.000Z
0000005513,4,PROVIDENT LIFE & ACCIDENT INSURANCE CO OF AMERICA,provident life and accident insurance co of america,1995-08-30T04:00:00.000Z,1996-01-09T05:00:00.000Z
0000006201,1,AMR CORP,amr corp,1994-05-16T04:00:00.000Z,2013-12-09T05:00:00.000Z
0000007084,1,Archer-Daniels-Midland Co,archer daniels midland co,2019-06-05T04:00:00.000Z,2026-08-19T04:00:00.000Z
0000007084,2,ARCHER DANIELS MIDLAND CO,archer daniels midland co,1994-08-31T04:00:00.000Z,2019-05-07T04:00:00.000Z
0000008818,1,AVERY DENNISON CORPORATION,avery dennison corporation,1994-05-19T04:00:00.000Z,2011-03-17T04:00:00.000Z
0000012208,1,BIO RAD LABORATORIES INC,bio rad laboratories inc,1994-05-12T04:00:00.000Z,2018-06-18T04:00:00.000Z
0000016732,1,CAMPBELL SOUP CO,campbell soup co,1994-12-14T05:00:00.000Z,2024-11-12T05:00:00.000Z
0000016918,1,CONSTELLATION BRANDS INC,constellation brands inc,2000-10-13T04:00:00.000Z,2004-05-05T04:00:00.000Z
0000016918,2,CANANDAIGUA BRANDS INC,canandaigua brands inc,1997-12-23T05:00:00.000Z,2000-01-14T05:00:00.000Z
0000016918,3,CANANDAIGUA WINE CO INC,canandaigua wine co inc,1994-10-19T04:00:00.000Z,1997-01-31T05:00:00.000Z
0000018926,1,"CENTURYLINK, INC",centurylink inc,2010-11-09T05:00:00.000Z,2021-01-20T05:00:00.000Z
0000018926,2,CENTURYTEL INC,centurytel inc,1999-07-09T04:00:00.000Z,2010-11-08T05:00:00.000Z
0000018926,3,CENTURY TELEPHONE ENTERPRISES INC,century telephone enterprises inc,1994-01-28T05:00:00.000Z,1999-05-14T04:00:00.000Z
0000019617,1,JPMORGAN CHASE & CO,jpmorgan chase and co,2009-02-02T00:00:00.000Z,2026-08-24T00:00:00.000Z
0000019617,2,J P MORGAN CHASE & CO,j p morgan chase and co,2001-02-08T00:00:00.000Z,2011-10-06T00:00:00.000Z
0000019617,3,CHASE MANHATTAN CORP /DE/,chase manhattan corp de,1996-10-17T00:00:00.000Z,2000-11-21T00:00:00.000Z
0000019617,4,CHEMICAL BANKING CORP,chemical banking corp,1994-02-02T00:00:00.000Z,1996-03-28T00:00:00.000Z
0000021076,1,CLOROX CO /DE/,clorox co de,1994-03-28T05:00:00.000Z,2026-08-07T04:00:00.000Z
0000021665,1,COLGATE PALMOLIVE CO,colgate palmolive co,1994-05-18T00:00:00.000Z,2026-08-24T00:00:00.000Z
0000023217,1,CONAGRA FOODS INC /DE/,conagra foods inc de,2000-10-11T04:00:00.000Z,2016-10-21T04:00:00.000Z
0000023217,2,CONAGRA INC /DE/,conagra inc de,1994-04-22T04:00:00.000Z,2000-06-30T04:00:00.000Z
0000024545,1,MOLSON COORS BREWING CO,molson coors brewing co,2005-02-07T05:00:00.000Z,2019-11-26T05:00:00.000Z
0000024545,2,COORS ADOLPH CO,coors adolph co,1994-03-28T05:00:00.000Z,2005-02-08T05:00:00.000Z
0000026172,1,CUMMINS ENGINE CO INC,cummins engine co inc,1994-03-10T00:00:00.000Z,2001-08-29T00:00:00.000Z
0000027419,1,DAYTON HUDSON CORP,dayton hudson corp,1994-12-09T00:00:00.000Z,1999-04-12T00:00:00.000Z
0000027904,1,DELTA AIR LINES INC /DE/,delta air lines inc de,1994-02-14T05:00:00.000Z,2019-08-08T04:00:00.000Z
0000029989,1,OMNICOM GROUP INC,omnicom group inc,1994-05-13T00:00:00.000Z,2013-02-19T00:00:00.000Z
0000030625,1,DURCO INTERNATIONAL INC,durco international inc,1997-07-23T04:00:00.000Z,1997-05-15T04:00:00.000Z
0000030625,2,DURIRON CO INC,duriron co inc,1994-05-13T04:00:00.000Z,1997-03-14T05:00:00.000Z
0000031462,1,ECOLAB INC,ecolab inc,1994-02-10T05:00:00.000Z,2015-09-10T04:00:00.000Z
0000031791,1,PERKINELMER INC,perkinelmer inc,1999-11-05T05:00:00.000Z,2023-04-14T04:00:00.000Z
0000031791,2,EG&G INC,eg and g inc,1994-03-17T05:00:00.000Z,1999-07-26T04:00:00.000Z
0000033185,1,EQUIFAX INC,equifax inc,1994-02-14T05:00:00.000Z,2026-08-12T04:00:00.000Z
0000033213,1,EQUITABLE RESOURCES INC /PA/,equitable resources inc pa,1994-05-18T04:00:00.000Z,2009-02-04T05:00:00.000Z
0000036104,1,FIRST BANK SYSTEM INC,first bank system inc,1994-08-15T00:00:00.000Z,1997-03-28T00:00:00.000Z
0000036270,1,FIRST EMPIRE STATE CORP,first empire state corp,1994-03-10T05:00:00.000Z,1998-05-18T04:00:00.000Z
0000046080,1,HASBRO INC,hasbro inc,1994-11-09T05:00:00.000Z,2019-07-02T04:00:00.000Z
0000047111,1,HERSHEY FOODS CORP,hershey foods corp,1994-07-29T00:00:00.000Z,2005-04-20T00:00:00.000Z
0000047217,1,HEWLETT PACKARD CO,hewlett packard co,1994-01-26T05:00:00.000Z,2015-10-23T04:00:00.000Z
0000048465,1,HORMEL GEO A & CO,hormel geo a and co,1994-06-14T00:00:00.000Z,1995-03-14T00:00:00.000Z
0000049196,1,HUNTINGTON BANCSHARES INC /MD/,huntington bancshares inc md,2021-03-26T04:00:00.000Z,2026-08-13T04:00:00.000Z
0000049196,2,HUNTINGTON BANCSHARES INC/MD,huntington bancshares inc md,1994-02-14T05:00:00.000Z,2021-03-12T05:00:00.000Z
0000052988,1,JACOBS ENGINEERING GROUP INC /DE/,jacobs engineering group inc de,1994-05-12T04:00:00.000Z,2022-08-19T04:00:00.000Z
0000054480,1,KANSAS CITY SOUTHERN INDUSTRIES INC,kansas city southern industries inc,1994-11-14T00:00:00.000Z,2002-05-02T00:00:00.000Z
0000055067,1,KELLOGG CO,kellogg co,1994-04-29T00:00:00.000Z,2023-09-28T00:00:00.000Z
0000059478,1,LILLY ELI & CO,lilly eli and co,1994-10-26T04:00:00.000Z,2019-10-25T04:00:00.000Z
0000059478,2,LILLY ELI & CO ET AL,lilly eli and co et al,1994-07-27T04:00:00.000Z,1994-10-14T04:00:00.000Z
0000059558,1,LINCOLN NATIONAL CORP ET AL,lincoln national corp et al,1994-08-01T04:00:00.000Z,1994-08-16T04:00:00.000Z
0000062709,1,MARSH & MCLENNAN COMPANIES INC,marsh and mclennan companies inc,1994-05-13T04:00:00.000Z,2005-01-31T05:00:00.000Z
0000063754,1,MCCORMICK & CO INC,mccormick and co inc,1994-04-08T04:00:00.000Z,2026-08-12T04:00:00.000Z
0000064040,1,MCGRAW HILL FINANCIAL INC,mcgraw hill financial inc,2013-05-03T04:00:00.000Z,2016-05-03T04:00:00.000Z
0000064040,2,MCGRAW-HILL COMPANIES INC,mcgraw hill companies inc,1995-08-11T04:00:00.000Z,2013-04-30T04:00:00.000Z
0000064040,3,MCGRAW HILL INC,mcgraw hill inc,1994-06-29T04:00:00.000Z,1995-02-24T05:00:00.000Z
0000064803,1,CVS CAREMARK CORP,cvs caremark corp,2006-12-27T05:00:00.000Z,2014-09-03T04:00:00.000Z
0000064803,2,CVS/CAREMARK CORP,cvs caremark corp,2007-03-23T04:00:00.000Z,2007-05-08T04:00:00.000Z
0000064803,3,CVS CORP,cvs corp,1997-02-07T05:00:00.000Z,2007-03-22T04:00:00.000Z
0000064803,4,MELVILLE CORP,melville corp,1994-03-31T05:00:00.000Z,1997-01-10T05:00:00.000Z
0000065984,1,ENTERGY CORP/FL,entergy corp fl,1994-02-14T05:00:00.000Z,1994-02-09T05:00:00.000Z
0000066740,1,MINNESOTA MINING & MANUFACTURING CO,minnesota mining and manufacturing co,1993-08-13T04:00:00.000Z,2002-02-06T05:00:00.000Z
0000068505,1,MOTOROLA INC,motorola inc,1994-08-10T00:00:00.000Z,2011-01-03T00:00:00.000Z
0000072741,1,NORTHEAST UTILITIES,northeast utilities,1994-07-28T00:00:00.000Z,2015-04-29T00:00:00.000Z
0000072741,2,NORTHEAST UTILITIES SYSTEM,northeast utilities system,1996-11-27T00:00:00.000Z,2004-11-30T00:00:00.000Z
0000072903,1,NORTHERN STATES POWER CO /MN/,northern states power co mn,1994-01-25T05:00:00.000Z,2000-02-14T05:00:00.000Z
0000072971,1,WELLS FARGO & CO/MN,wells fargo and co mn,1998-11-30T00:00:00.000Z,2012-04-10T00:00:00.000Z
0000072971,2,NORWEST CORP,norwest corp,1994-09-12T00:00:00.000Z,1998-10-21T00:00:00.000Z
0000074208,1,UNITED DOMINION REALTY TRUST INC,united dominion realty trust inc,1994-05-26T04:00:00.000Z,2007-03-14T04:00:00.000Z
0000076334,1,PARKER HANNIFIN CORP,parker hannifin corp,1994-02-11T00:00:00.000Z,2024-12-11T00:00:00.000Z
0000077360,1,PENTAIR LTD,pentair ltd,2012-10-09T04:00:00.000Z,2014-06-03T04:00:00.000Z
0000077360,2,PENTAIR INC,pentair inc,1994-01-05T05:00:00.000Z,2012-10-02T04:00:00.000Z
0000078003,1,PFIZER INC,pfizer inc,1994-03-18T05:00:00.000Z,2026-08-17T04:00:00.000Z
0000078239,1,PHILLIPS VAN HEUSEN CORP /DE/,phillips van heusen corp de,1994-06-17T04:00:00.000Z,2011-06-23T04:00:00.000Z
0000079282,1,"BROWN & BROWN, INC",brown and brown inc,2017-11-13T05:00:00.000Z,2017-11-13T05:00:00.000Z
0000079282,2,BROWN & BROWN INC,brown and brown inc,1999-08-09T04:00:00.000Z,2017-11-03T04:00:00.000Z
0000079282,3,POE & BROWN INC,poe and brown inc,1994-02-14T05:00:00.000Z,1999-03-15T05:00:00.000Z
0000086312,1,ST PAUL TRAVELERS COMPANIES INC,st paul travelers companies inc,2004-04-01T05:00:00.000Z,2007-02-23T05:00:00.000Z
0000086312,2,ST PAUL COMPANIES INC /MN/,st paul companies inc mn,1994-01-10T05:00:00.000Z,2004-03-31T05:00:00.000Z
0000086312,3,ST PAUL FIRE & MARINE INSURANCE CO/MD,st paul fire and marine insurance co md,1999-02-19T05:00:00.000Z,1999-02-19T05:00:00.000Z
0000087347,1,SCHLUMBERGER LIMITED/NV,schlumberger limited nv,2015-10-19T04:00:00.000Z,2025-09-12T04:00:00.000Z
0000087347,2,SCHLUMBERGER LTD /NV/,schlumberger ltd nv,2002-10-02T04:00:00.000Z,2016-10-03T04:00:00.000Z
0000087347,3,SCHLUMBERGER LTD /NY/,schlumberger ltd ny,1996-11-13T05:00:00.000Z,2002-08-09T04:00:00.000Z
0000091419,1,SMUCKER J M CO,smucker j m co,1994-03-14T05:00:00.000Z,2014-10-06T04:00:00.000Z
0000091440,1,SNAP ON INC,snap on inc,1994-09-23T04:00:00.000Z,2008-08-21T04:00:00.000Z
0000091440,2,SNAP ON TOOLS CORP,snap on tools corp,1994-03-03T05:00:00.000Z,1994-03-03T05:00:00.000Z
0000092122,1,SOUTHERN CO,southern co,1994-01-28T05:00:00.000Z,2026-08-07T04:00:00.000Z
0000092230,1,BB&T CORP,bb and t corp,1997-06-06T04:00:00.000Z,2019-12-06T05:00:00.000Z
0000092230,2,SOUTHERN NATIONAL CORP /NC/,southern national corp nc,1994-05-19T04:00:00.000Z,1997-05-14T04:00:00.000Z
0000093410,1,CHEVRONTEXACO CORP,chevrontexaco corp,2001-11-01T05:00:00.000Z,2005-05-04T04:00:00.000Z
0000093556,1,STANLEY WORKS,stanley works,1994-03-11T05:00:00.000Z,2010-03-12T05:00:00.000Z
0000093751,1,STATE STREET CORP,state street corp,2009-02-24T05:00:00.000Z,2026-08-18T04:00:00.000Z
0000093751,2,STATE STREET Corp,state street corp,2009-02-24T05:00:00.000Z,2026-08-18T04:00:00.000Z
0000093751,3,STATE STREET BOSTON CORP,state street boston corp,1994-03-14T05:00:00.000Z,1997-03-03T05:00:00.000Z
0000097210,1,TERADYNE INC,teradyne inc,1994-05-06T04:00:00.000Z,2006-10-11T04:00:00.000Z
0000097745,1,THERMO ELECTRON CORP,thermo electron corp,1994-02-18T00:00:00.000Z,2006-11-03T00:00:00.000Z
0000100493,1,TYSON FOODS INC,tyson foods inc,1994-04-15T00:00:00.000Z,2019-02-07T00:00:00.000Z
0000100517,1,"United Continental Holdings, Inc.",united continental holdings inc,2010-07-22T04:00:00.000Z,2019-06-27T04:00:00.000Z
0000100517,2,UAL CORP /DE/,ual corp de,1994-08-08T04:00:00.000Z,2010-09-30T04:00:00.000Z
0000101829,1,RAYTHEON TECHNOLOGIES CORP,raytheon technologies corp,2020-04-07T04:00:00.000Z,2023-06-29T04:00:00.000Z
0000101829,2,UNITED TECHNOLOGIES CORP /DE/,united technologies corp de,1994-01-24T05:00:00.000Z,2020-04-06T04:00:00.000Z
0000103379,1,V F CORP/NC,v f corp nc,2002-03-20T05:00:00.000Z,2002-02-15T05:00:00.000Z
0000103379,2,V F CORP /PA/,v f corp pa,1994-04-29T04:00:00.000Z,2001-01-10T05:00:00.000Z
0000104169,1,Walmart Inc.,walmart inc,2018-01-31T05:00:00.000Z,2026-08-21T04:00:00.000Z
0000104169,2,WAL MART STORES INC,wal mart stores inc,1994-02-14T05:00:00.000Z,2018-01-30T05:00:00.000Z
0000105634,1,EMCOR GROUP INC,emcor group inc,1994-12-22T05:00:00.000Z,2019-07-31T04:00:00.000Z
0000105634,2,JWP INC/DE/,jwp inc de,1994-01-07T05:00:00.000Z,1994-11-21T05:00:00.000Z
0000105770,1,WEST CO INC,west co inc,1994-04-05T04:00:00.000Z,1999-02-11T05:00:00.000Z
0000200406,1,JOHNSON & JOHNSON ET AL,johnson and johnson et al,1995-10-06T04:00:00.000Z,1996-01-23T05:00:00.000Z
0000202058,1,HARRIS CORP /DE/,harris corp de,1994-09-09T04:00:00.000Z,2019-06-25T04:00:00.000Z
0000310158,1,Merck & Co. Inc.,merck and co inc,2009-11-04T05:00:00.000Z,2014-12-09T05:00:00.000Z
0000310158,2,SCHERING PLOUGH CORP,schering plough corp,1994-12-29T05:00:00.000Z,2009-10-29T04:00:00.000Z
0000315213,1,ROBERT HALF INTERNATIONAL INC.,robert half international inc,2019-07-23T04:00:00.000Z,2023-05-19T04:00:00.000Z
0000315213,2,HALF ROBERT INTERNATIONAL INC /DE/,half robert international inc de,1994-05-09T04:00:00.000Z,2019-05-29T04:00:00.000Z
0000315293,1,AON CORP,aon corp,1995-11-14T05:00:00.000Z,2012-04-02T04:00:00.000Z
0000319201,1,KLA TENCOR CORP,kla tencor corp,1997-09-10T04:00:00.000Z,2019-07-03T04:00:00.000Z
0000319201,2,KLA INSTRUMENTS CORP,kla instruments corp,1994-01-26T05:00:00.000Z,1997-02-11T05:00:00.000Z
0000320187,1,NIKE INC,nike inc,1995-01-20T05:00:00.000Z,2019-08-05T04:00:00.000Z
0000320193,1,APPLE INC,apple inc,2007-01-10T05:00:00.000Z,2019-08-05T04:00:00.000Z
0000320193,2,APPLE COMPUTER INC,apple computer inc,1994-01-26T05:00:00.000Z,2007-01-04T05:00:00.000Z
0000320193,3,APPLE COMPUTER INC/ FA,apple computer inc fa,1997-07-28T04:00:00.000Z,1997-07-28T04:00:00.000Z
0000320335,1,TORCHMARK CORP,torchmark corp,1994-02-22T05:00:00.000Z,2019-08-02T04:00:00.000Z
0000352541,1,ALLIANT ENERGY CORP,alliant energy corp,1999-12-15T05:00:00.000Z,2026-08-21T04:00:00.000Z
0000352541,2,INTERSTATE ENERGY CORP,interstate energy corp,1998-05-27T04:00:00.000Z,1999-05-13T04:00:00.000Z
0000352541,3,WPL HOLDINGS INC,wpl holdings inc,1994-11-14T05:00:00.000Z,1998-02-23T05:00:00.000Z
0000354190,1,GALLAGHER ARTHUR J & CO,gallagher arthur j and co,1994-01-25T00:00:00.000Z,2019-08-14T00:00:00.000Z
0000354950,1,HOME DEPOT INC,home depot inc,1994-06-06T04:00:00.000Z,2019-07-01T04:00:00.000Z
0000701985,1,"L Brands, Inc.",l brands inc,2013-04-02T04:00:00.000Z,2021-07-30T04:00:00.000Z
0000701985,2,LIMITED BRANDS INC,limited brands inc,2002-06-17T04:00:00.000Z,2013-03-22T04:00:00.000Z
0000701985,3,LIMITED INC,limited inc,1994-06-13T04:00:00.000Z,2002-06-12T04:00:00.000Z
0000711404,1,COOPER COMPANIES INC,cooper companies inc,1994-08-01T04:00:00.000Z,2019-06-26T04:00:00.000Z
0000713676,1,PNC FINANCIAL SERVICES GROUP INC,pnc financial services group inc,2000-06-27T04:00:00.000Z,2011-11-10T05:00:00.000Z
0000713676,2,PNC BANK CORP,pnc bank corp,1994-02-14T05:00:00.000Z,2000-02-11T05:00:00.000Z
0000715957,1,DOMINION ENERGY INC /VA/,dominion energy inc va,2017-05-15T04:00:00.000Z,2019-10-03T04:00:00.000Z
0000715957,2,DOMINION RESOURCES INC /VA/,dominion resources inc va,1995-02-21T05:00:00.000Z,2017-05-15T04:00:00.000Z
0000719739,1,SILICON VALLEY BANCSHARES,silicon valley bancshares,1995-04-13T00:00:00.000Z,2005-05-24T00:00:00.000Z
0000721371,1,CARDINAL HEALTH INC,cardinal health inc,1994-08-19T04:00:00.000Z,2026-08-20T04:00:00.000Z
0000721371,2,CARDINAL DISTRIBUTION INC,cardinal distribution inc,1994-02-16T05:00:00.000Z,1994-02-17T05:00:00.000Z
0000731766,1,UNITED HEALTHCARE CORP,united healthcare corp,1995-04-04T04:00:00.000Z,2000-02-14T05:00:00.000Z
0000732712,1,BELL ATLANTIC CORP,bell atlantic corp,1994-06-30T04:00:00.000Z,2000-09-13T04:00:00.000Z
0000732717,1,SBC COMMUNICATIONS INC,sbc communications inc,1995-05-26T04:00:00.000Z,2005-11-18T05:00:00.000Z
0000732717,2,SOUTHWESTERN BELL CORP,southwestern bell corp,1994-06-24T04:00:00.000Z,1995-04-26T04:00:00.000Z
0000740260,1,VENTAS INC,ventas inc,1998-11-19T05:00:00.000Z,2019-06-25T04:00:00.000Z
0000740260,2,VENCOR INC,vencor inc,1994-12-08T05:00:00.000Z,1998-02-10T05:00:00.000Z
0000745732,1,ROSS STORES INC,ross stores inc,1994-02-14T05:00:00.000Z,2019-07-15T04:00:00.000Z
0000749251,1,GARTNER GROUP INC,gartner group inc,1996-06-11T00:00:00.000Z,2001-02-08T00:00:00.000Z
0000753308,1,FPL GROUP INC,fpl group inc,1994-02-28T05:00:00.000Z,2010-05-21T04:00:00.000Z
0000759944,1,CITIZENS FINANCIAL GROUP INC/DE,citizens financial group inc de,1999-07-01T04:00:00.000Z,2000-02-08T05:00:00.000Z
0000764180,1,ALTRIA GROUP INC,altria group inc,2003-01-29T05:00:00.000Z,2006-02-07T05:00:00.000Z
0000764180,2,PHILIP MORRIS COMPANIES INC,philip morris companies inc,1994-04-13T04:00:00.000Z,2003-01-02T05:00:00.000Z
0000765880,1,"HCP, INC.",hcp inc,2007-09-20T04:00:00.000Z,2019-10-01T04:00:00.000Z
0000765880,2,HEALTH CARE PROPERTY INVESTORS INC,health care property investors inc,1994-03-28T05:00:00.000Z,2007-09-10T04:00:00.000Z
0000766421,1,ALASKA AIR GROUP INC,alaska air group inc,1994-02-15T05:00:00.000Z,2012-05-18T04:00:00.000Z
0000766704,1,HEALTH CARE REIT INC /DE/,health care reit inc de,1994-04-29T00:00:00.000Z,2015-09-25T00:00:00.000Z
0000769397,1,AUTODESK INC,autodesk inc,1994-09-14T04:00:00.000Z,2019-09-25T04:00:00.000Z
0000773840,1,ALLIEDSIGNAL INC,alliedsignal inc,1994-11-07T05:00:00.000Z,1999-11-12T05:00:00.000Z
0000773840,2,ALLIED SIGNAL INC,allied signal inc,1994-06-23T04:00:00.000Z,1994-08-15T04:00:00.000Z
0000779152,1,HENRY JACK & ASSOCIATES INC,henry jack and associates inc,1995-11-14T00:00:00.000Z,2023-03-16T00:00:00.000Z
0000783325,1,WISCONSIN ENERGY CORP,wisconsin energy corp,1995-02-28T05:00:00.000Z,2015-06-29T04:00:00.000Z
0000789570,1,MGM MIRAGE,mgm mirage,2000-10-16T04:00:00.000Z,2010-05-19T04:00:00.000Z
0000789570,2,MGM GRAND INC,mgm grand inc,1994-03-11T05:00:00.000Z,2000-05-19T04:00:00.000Z
0000796343,1,ADOBE SYSTEMS INC,adobe systems inc,1994-09-09T04:00:00.000Z,2018-10-03T04:00:00.000Z
0000814453,1,"NEWELL BRANDS, INC.",newell brands inc,2019-10-17T04:00:00.000Z,2019-10-25T04:00:00.000Z
0000814453,2,NEWELL BRANDS INC,newell brands inc,2016-02-11T05:00:00.000Z,2019-10-09T04:00:00.000Z
0000814453,3,NEWELL RUBBERMAID INC,newell rubbermaid inc,1999-09-29T04:00:00.000Z,2016-04-15T04:00:00.000Z
0000814453,4,NEWELL CO,newell co,1995-08-10T04:00:00.000Z,1999-03-23T05:00:00.000Z
0000814547,1,FAIR ISAAC & COMPANY INC,fair isaac and company inc,1995-06-28T04:00:00.000Z,2003-04-01T05:00:00.000Z
0000815097,1,CARNIVAL CORP,carnival corp,1995-03-21T05:00:00.000Z,2026-04-29T04:00:00.000Z
0000815097,2,CARNIVAL CRUISE LINES INC,carnival cruise lines inc,1994-01-21T05:00:00.000Z,1994-01-21T05:00:00.000Z
0000815556,1,FASTENAL COMPANY,fastenal company,1995-03-20T05:00:00.000Z,2002-03-04T05:00:00.000Z
0000818479,1,DENTSPLY INTERNATIONAL INC /DE/,dentsply international inc de,1995-02-13T05:00:00.000Z,2016-02-29T05:00:00.000Z
0000820027,1,AMERICAN EXPRESS FINANCIAL CORP,american express financial corp,2003-05-14T04:00:00.000Z,2005-07-26T04:00:00.000Z
0000820027,2,AMERICAN EXPRESS FINANCIAL ADVISORS,american express financial advisors,1995-10-25T04:00:00.000Z,2003-03-10T05:00:00.000Z
0000820027,3,IDS FINANCIAL CORP/MN/,ids financial corp mn,1994-02-14T05:00:00.000Z,1995-02-06T05:00:00.000Z
0000821189,1,ENRON OIL & GAS CO,enron oil and gas co,1994-02-08T00:00:00.000Z,1999-08-10T00:00:00.000Z
0000822416,1,PULTE HOMES INC/MI/,pulte homes inc mi,2001-12-20T05:00:00.000Z,2010-03-23T04:00:00.000Z
0000822416,2,PULTE CORP,pulte corp,1994-02-14T05:00:00.000Z,2001-05-02T04:00:00.000Z
0000823768,1,USA WASTE SERVICES INC,usa waste services inc,1994-08-05T04:00:00.000Z,1998-07-10T04:00:00.000Z
0000827052,1,SCECORP,scecorp,1994-02-14T05:00:00.000Z,1996-01-12T05:00:00.000Z
0000831001,1,CITIGROUP INC,citigroup inc,1994-02-01T00:00:00.000Z,2026-08-24T00:00:00.000Z
0000831001,2,TRAVELERS GROUP INC,travelers group inc,1995-11-13T00:00:00.000Z,1998-09-10T00:00:00.000Z
0000831001,3,TRAVELERS INC,travelers inc,1994-02-10T00:00:00.000Z,1995-01-30T00:00:00.000Z
0000831259,1,FREEPORT MCMORAN COPPER & GOLD INC,freeport mcmoran copper and gold inc,1994-01-12T05:00:00.000Z,2014-07-02T04:00:00.000Z
0000833444,1,TYCO INTERNATIONAL plc,tyco international plc,2014-11-17T05:00:00.000Z,2016-09-07T04:00:00.000Z
0000833444,2,TYCO INTERNATIONAL LTD,tyco international ltd,2010-03-08T05:00:00.000Z,2014-11-14T05:00:00.000Z
0000833444,3,TYCO INTERNATIONAL LTD /BER/,tyco international ltd ber,1997-08-05T04:00:00.000Z,2010-04-07T04:00:00.000Z
0000833444,4,ADT LIMITED,adt limited,1995-02-15T05:00:00.000Z,1997-07-08T04:00:00.000Z
0000842023,1,TECHNE CORP /MN/,techne corp mn,1995-09-20T00:00:00.000Z,2014-10-28T00:00:00.000Z
0000849399,1,NortonLifeLock Inc.,nortonlifelock inc,2019-11-04T05:00:00.000Z,2022-10-12T04:00:00.000Z
0000849399,2,SYMANTEC CORP,symantec corp,1995-05-09T04:00:00.000Z,2019-10-24T04:00:00.000Z
0000851968,1,MOHAWK INDUSTRIES INC.,mohawk industries inc,1995-02-08T05:00:00.000Z,1995-02-08T05:00:00.000Z
0000857005,1,PARAMETRIC TECHNOLOGY CORP,parametric technology corp,1995-12-07T05:00:00.000Z,2013-01-24T05:00:00.000Z
0000858877,1,"CISCO SYSTEMS, INC.",cisco systems inc,2011-10-18T04:00:00.000Z,2026-08-20T04:00:00.000Z
0000858877,2,CISCO SYSTEMS INC,cisco systems inc,1995-02-13T05:00:00.000Z,2011-11-22T05:00:00.000Z
0000860730,1,"HCA Holdings, Inc.",hca holdings inc,2010-06-03T00:00:00.000Z,2017-05-05T00:00:00.000Z
0000860730,2,HCA INC/TN,hca inc tn,2001-08-07T00:00:00.000Z,2010-11-24T00:00:00.000Z
0000860730,3,HCA THE HEALTHCARE CO,hca the healthcare co,2001-05-30T00:00:00.000Z,2001-05-21T00:00:00.000Z
0000860730,4,HCA-THE HEALTHCARE CO,hca the healthcare co,2000-09-18T00:00:00.000Z,2001-02-14T00:00:00.000Z
0000860730,5,COLUMBIA HCA HEALTHCARE CORP,columbia hca healthcare corp,2000-05-26T00:00:00.000Z,2000-05-19T00:00:00.000Z
0000860730,6,COLUMBIA HCA HEALTHCARE CORP/,columbia hca healthcare corp,1994-05-16T00:00:00.000Z,2000-02-16T00:00:00.000Z
0000860730,7,COLUMBIA HEALTHCARE CORP,columbia healthcare corp,1994-02-14T00:00:00.000Z,1994-03-01T00:00:00.000Z
0000860731,1,TYLER CORP /NEW/,tyler corp new,1996-08-14T00:00:00.000Z,1999-03-31T00:00:00.000Z
0000864749,1,TRIMBLE NAVIGATION LTD /CA/,trimble navigation ltd ca,1996-06-26T04:00:00.000Z,2016-09-06T04:00:00.000Z
0000865752,1,HANSEN NATURAL CORP,hansen natural corp,1996-11-13T05:00:00.000Z,2011-12-21T05:00:00.000Z
0000866787,1,AUTOZONE INC,autozone inc,1996-06-10T04:00:00.000Z,2026-08-10T04:00:00.000Z
0000872589,1,REGENERON PHARMACEUTICALS INC,regeneron pharmaceuticals inc,1995-07-26T04:00:00.000Z,2019-06-19T04:00:00.000Z
0000874761,1,AES CORPORATION,aes corporation,1996-10-09T04:00:00.000Z,2005-01-11T05:00:00.000Z
0000874766,1,"HARTFORD INSURANCE GROUP, INC.",hartford insurance group inc,2025-02-06T05:00:00.000Z,2026-08-11T04:00:00.000Z
0000874766,2,"HARTFORD FINANCIAL SERVICES GROUP, INC.",hartford financial services group inc,2019-06-07T04:00:00.000Z,2025-01-30T05:00:00.000Z
0000874766,3,HARTFORD FINANCIAL SERVICES GROUP INC/DE,hartford financial services group inc de,1997-11-14T05:00:00.000Z,2019-05-23T04:00:00.000Z
0000874766,4,ITT HARTFORD GROUP INC /DE,itt hartford group inc de,1996-10-29T05:00:00.000Z,1998-02-13T05:00:00.000Z
0000875045,1,BIOGEN IDEC INC.,biogen idec inc,2007-01-17T05:00:00.000Z,2015-03-20T04:00:00.000Z
0000875045,2,BIOGEN IDEC INC,biogen idec inc,2003-11-12T05:00:00.000Z,2007-04-25T04:00:00.000Z
0000875045,3,IDEC PHARMACEUTICALS CORP / DE,idec pharmaceuticals corp de,1997-10-01T04:00:00.000Z,2003-11-12T05:00:00.000Z
0000875045,4,IDEC PHARMACEUTICALS CORP / CA,idec pharmaceuticals corp ca,1996-07-10T04:00:00.000Z,1997-02-14T05:00:00.000Z
0000877212,1,ZEBRA TECHNOLOGIES CORP/DE,zebra technologies corp de,1995-09-08T04:00:00.000Z,2009-05-05T04:00:00.000Z
0000878927,1,OLD DOMINION FREIGHT LINE INC/VA,old dominion freight line inc va,1996-02-09T05:00:00.000Z,2019-08-21T04:00:00.000Z
0000879169,1,INCYTE INC,incyte inc,2003-03-28T05:00:00.000Z,2003-03-28T05:00:00.000Z
0000879169,2,INCYTE GENOMICS INC,incyte genomics inc,2000-08-03T04:00:00.000Z,2003-02-25T05:00:00.000Z
0000879169,3,INCYTE PHARMACEUTICALS INC,incyte pharmaceuticals inc,1994-06-07T04:00:00.000Z,2000-04-18T04:00:00.000Z
0000882095,1,GILEAD SCIENCES INC,gilead sciences inc,1994-02-14T05:00:00.000Z,2022-02-17T05:00:00.000Z
0000882835,1,ROPER TECHNOLOGIES INC,roper technologies inc,2015-04-27T04:00:00.000Z,2026-08-14T04:00:00.000Z
0000882835,2,ROPER INDUSTRIES INC,roper industries inc,2008-06-04T04:00:00.000Z,2015-04-24T04:00:00.000Z
0000882835,3,ROPER INDUSTRIES INC /DE/,roper industries inc de,1994-03-09T05:00:00.000Z,2008-05-14T04:00:00.000Z
0000886982,1,GOLDMAN SACHS GROUP INC/,goldman sachs group inc,2001-02-07T00:00:00.000Z,2008-03-04T00:00:00.000Z
0000891103,1,IAC/INTERACTIVECORP,iac interactivecorp,2004-07-14T04:00:00.000Z,2020-07-01T04:00:00.000Z
0000891103,2,INTERACTIVECORP,interactivecorp,2003-05-09T04:00:00.000Z,2004-07-12T04:00:00.000Z
0000891103,3,USA INTERACTIVE,usa interactive,2002-05-10T04:00:00.000Z,2003-06-20T04:00:00.000Z
0000891103,4,USA NETWORKS INC,usa networks inc,1998-09-25T04:00:00.000Z,2002-05-06T04:00:00.000Z
0000891103,5,HSN INC,hsn inc,1997-07-28T04:00:00.000Z,1998-02-04T05:00:00.000Z
0000891103,6,SILVER KING COMMUNICATIONS INC,silver king communications inc,1995-12-08T05:00:00.000Z,1996-12-24T05:00:00.000Z
0000895126,1,CHESAPEAKE ENERGY CORP,chesapeake energy corp,1995-12-11T05:00:00.000Z,2024-09-26T04:00:00.000Z
0000895421,1,MORGAN STANLEY,morgan stanley,1999-11-23T00:00:00.000Z,2026-08-24T00:00:00.000Z
0000895421,2,MORGAN STANLEY,morgan stanley,1999-11-23T00:00:00.000Z,2026-08-24T00:00:00.000Z
0000895421,3,MORGAN STANLEY DEAN WITTER & CO,morgan stanley dean witter and co,1993-11-08T00:00:00.000Z,2002-07-12T00:00:00.000Z
0000895421,4,MORGAN STANLEY DEAN WITTER DISCOVER & CO,morgan stanley dean witter discover and co,1997-06-19T00:00:00.000Z,1998-03-18T00:00:00.000Z
0000895421,5,DEAN WITTER DISCOVER & CO,dean witter discover and co,1996-08-14T00:00:00.000Z,1997-05-08T00:00:00.000Z
0000896159,1,ACE LTD,ace ltd,2009-12-17T05:00:00.000Z,2016-01-15T05:00:00.000Z
0000896159,2,ACE Ltd,ace ltd,2009-12-17T05:00:00.000Z,2016-01-15T05:00:00.000Z
0000896878,1,INTUIT INC,intuit inc,1996-10-17T04:00:00.000Z,2023-03-08T05:00:00.000Z
0000898173,1,OREILLY AUTOMOTIVE INC,oreilly automotive inc,1996-08-13T04:00:00.000Z,1998-04-10T04:00:00.000Z
0000898293,1,JABIL CIRCUIT INC,jabil circuit inc,1996-07-15T04:00:00.000Z,2017-06-05T04:00:00.000Z
0000908255,1,BORG WARNER AUTOMOTIVE INC,borg warner automotive inc,1995-02-15T00:00:00.000Z,2000-02-15T00:00:00.000Z
0000909832,1,COSTCO COMPANIES INC,costco companies inc,1997-12-18T05:00:00.000Z,1999-06-29T04:00:00.000Z
0000909832,2,PRICE/COSTCO INC,price costco inc,1994-01-05T05:00:00.000Z,1997-01-06T05:00:00.000Z
0000910606,1,REGENCY REALTY CORP,regency realty corp,1994-02-11T05:00:00.000Z,2001-02-12T05:00:00.000Z
0000912595,1,MID AMERICA APARTMENT COMMUNITIES INC,mid america apartment communities inc,1995-02-03T05:00:00.000Z,2018-05-03T04:00:00.000Z
0000914208,1,Invesco Asset Management Deutschland GMBH,invesco asset management deutschland gmbh,2021-11-08T05:00:00.000Z,2021-11-08T05:00:00.000Z
0000914208,2,Invesco Ltd,invesco ltd,2008-05-09T04:00:00.000Z,2008-05-16T04:00:00.000Z
0000914208,3,INVESCO PLC/LONDON/,invesco plc london,2007-05-31T04:00:00.000Z,2007-12-04T05:00:00.000Z
0000914208,4,AMVESCAP PLC/LONDON/,amvescap plc london,1999-12-23T05:00:00.000Z,2007-05-24T04:00:00.000Z
0000914208,5,AMVESCAP /LONDON/,amvescap london,1999-10-28T04:00:00.000Z,1999-12-17T05:00:00.000Z
0000914208,6,INVESCO PLC /LONDON,invesco plc london,1994-01-07T05:00:00.000Z,1994-01-07T05:00:00.000Z
0000915912,1,AVALON BAY COMMUNITIES INC,avalon bay communities inc,1998-08-03T04:00:00.000Z,1998-10-06T04:00:00.000Z
0000915912,2,BAY APARTMENT COMMUNITIES INC,bay apartment communities inc,1995-02-13T05:00:00.000Z,1998-06-02T04:00:00.000Z
0000920148,1,LABORATORY CORP OF AMERICA HOLDINGS,laboratory corp of america holdings,1995-09-26T04:00:00.000Z,2024-05-16T04:00:00.000Z
0000920148,2,NATIONAL HEALTH LABORATORIES HOLDINGS INC,national health laboratories holdings inc,1994-07-08T04:00:00.000Z,1995-02-13T05:00:00.000Z
0000920522,1,ESSEX PORTFOLIO LP,essex portfolio lp,2018-12-11T05:00:00.000Z,2018-12-11T05:00:00.000Z
0000920522,2,ESSEX PROPERTY TRUST INC,essex property trust inc,1996-08-14T04:00:00.000Z,2018-12-10T05:00:00.000Z
0000920760,1,PACIFIC GREYSTONE CORP /DE/,pacific greystone corp de,1996-06-27T04:00:00.000Z,1997-09-26T04:00:00.000Z
0000921738,1,PENN NATIONAL GAMING INC,penn national gaming inc,1996-06-24T04:00:00.000Z,2022-06-15T04:00:00.000Z
0000922224,1,PP&L RESOURCES INC,pp and l resources inc,1995-04-27T04:00:00.000Z,2000-02-07T05:00:00.000Z
0000927066,1,DAVITA HEALTHCARE PARTNERS INC.,davita healthcare partners inc,2012-08-02T04:00:00.000Z,2016-08-12T04:00:00.000Z
0000927066,2,DAVITA INC,davita inc,2000-11-17T05:00:00.000Z,2012-11-02T04:00:00.000Z
0000927066,3,TOTAL RENAL CARE HOLDINGS INC,total renal care holdings inc,1996-08-14T04:00:00.000Z,2000-01-28T05:00:00.000Z
0000927653,1,MCKESSON HBOC INC,mckesson hboc inc,1999-09-10T04:00:00.000Z,2001-08-13T04:00:00.000Z
0000935703,1,DOLLAR TREE INC,dollar tree inc,2008-02-01T05:00:00.000Z,2019-07-12T04:00:00.000Z
0000935703,2,DOLLAR TREE STORES INC,dollar tree stores inc,1996-12-09T05:00:00.000Z,2008-03-28T04:00:00.000Z
0000936340,1,DTE HOLDINGS INC,dte holdings inc,1995-03-09T05:00:00.000Z,1995-02-01T05:00:00.000Z
0000936468,1,LOCKHEED MARTIN CORP,lockheed martin corp,1995-03-09T05:00:00.000Z,2026-08-17T04:00:00.000Z
0000943452,1,WABTEC CORP,wabtec corp,2000-01-14T00:00:00.000Z,2000-01-14T00:00:00.000Z
0000943452,2,WESTINGHOUSE AIR BRAKE CO /DE/,westinghouse air brake co de,1996-08-07T00:00:00.000Z,1999-11-19T00:00:00.000Z
0000945841,1,SCP POOL CORP,scp pool corp,1996-08-26T04:00:00.000Z,2006-05-11T04:00:00.000Z
0000947484,1,ARCH CAPITAL GROUP LTD,arch capital group ltd,2000-05-15T04:00:00.000Z,2005-03-10T05:00:00.000Z
0000947484,2,RISK CAPITAL HOLDINGS INC,risk capital holdings inc,1996-11-07T05:00:00.000Z,2000-03-16T05:00:00.000Z
0001000228,1,SCHEIN HENRY INC,schein henry inc,1996-05-13T04:00:00.000Z,2006-06-19T04:00:00.000Z
0001002047,1,NETWORK APPLIANCE INC,network appliance inc,1996-10-29T05:00:00.000Z,2008-05-12T04:00:00.000Z
0001004980,1,PG&E CORP,pg and e corp,2012-08-09T00:00:00.000Z,2026-08-24T00:00:00.000Z
0001004980,2,PG&E Corp,pg and e corp,2012-08-09T00:00:00.000Z,2026-08-24T00:00:00.000Z
0001004980,3,PG&E PARENT CO INC,pg and e parent co inc,1996-12-06T00:00:00.000Z,1996-02-21T00:00:00.000Z
0001013871,1,"NRG ENERGY, INC.",nrg energy inc,2004-12-02T05:00:00.000Z,2026-08-13T04:00:00.000Z
0001013871,2,NRG ENERGY INC,nrg energy inc,1996-05-10T04:00:00.000Z,2004-11-09T05:00:00.000Z
0001020569,1,IRON MOUNTAIN INC/PA,iron mountain inc pa,2000-02-14T05:00:00.000Z,2005-06-09T04:00:00.000Z
0001020569,2,PIERCE LEAHY CORP,pierce leahy corp,1996-11-13T05:00:00.000Z,1999-02-16T05:00:00.000Z
0001021860,1,NATIONAL OILWELL VARCO INC,national oilwell varco inc,2005-03-11T05:00:00.000Z,2020-12-22T05:00:00.000Z
0001021860,2,NATIONAL OILWELL INC,national oilwell inc,1996-10-04T04:00:00.000Z,2005-03-08T05:00:00.000Z
0001022079,1,CORNING CLINICAL LABORATORIES INC,corning clinical laboratories inc,1996-12-13T05:00:00.000Z,1997-03-19T05:00:00.000Z
0001022671,1,STEEL DYNAMICS INC,steel dynamics inc,1996-11-20T05:00:00.000Z,2026-08-18T04:00:00.000Z
0001024478,1,ROCKWELL AUTOMATION INC,rockwell automation inc,2006-11-09T05:00:00.000Z,2019-06-19T04:00:00.000Z
0001024478,2,ROCKWELL  AUTOMATION INC,rockwell automation inc,2002-06-28T04:00:00.000Z,2006-11-07T05:00:00.000Z
0001024478,3,ROCKWELL INTERNATIONAL CORP,rockwell international corp,1997-06-30T04:00:00.000Z,2002-05-07T04:00:00.000Z
0001024478,4,NEW ROCKWELL INTERNATIONAL CORP,new rockwell international corp,1996-11-27T05:00:00.000Z,1997-01-03T05:00:00.000Z
0001032208,1,SEMPRA ENERGY,sempra energy,1998-08-14T04:00:00.000Z,2023-05-15T04:00:00.000Z
0001032208,2,MINERAL ENERGY CO,mineral energy co,1997-03-26T05:00:00.000Z,1998-06-05T04:00:00.000Z
0001035443,1,"ALEXANDRIA REAL ESTATE EQUITIES, INC.",alexandria real estate equities inc,2019-08-12T04:00:00.000Z,2026-08-21T04:00:00.000Z
0001035443,2,ALEXANDRIA REAL ESTATE EQUITIES INC,alexandria real estate equities inc,1997-05-22T04:00:00.000Z,2019-08-09T04:00:00.000Z
0001035983,1,COMFORT SYSTEMS USA INC,comfort systems usa inc,1997-06-02T04:00:00.000Z,2026-08-18T04:00:00.000Z
0001037038,1,POLO RALPH LAUREN CORP,polo ralph lauren corp,1997-06-12T04:00:00.000Z,2011-08-11T04:00:00.000Z
0001037540,1,BOSTON PROPERTIES INC,boston properties inc,1997-12-16T05:00:00.000Z,2024-06-20T04:00:00.000Z
0001037646,1,MT INVESTORS INC/,mt investors inc,1997-12-16T05:00:00.000Z,1998-02-13T05:00:00.000Z
0001037646,2,METTLER TOLEDO INTERNATIONAL INC,mettler toledo international inc,1997-11-17T05:00:00.000Z,1997-11-17T05:00:00.000Z
0001037646,3,MT INVESTORS INC,mt investors inc,1997-10-21T04:00:00.000Z,1997-11-10T05:00:00.000Z
0001041061,1,TRICON GLOBAL RESTAURANTS INC,tricon global restaurants inc,1997-08-20T00:00:00.000Z,2002-05-03T00:00:00.000Z
0001043277,1,C H ROBINSON WORLDWIDE INC,c h robinson worldwide inc,1997-10-09T04:00:00.000Z,2019-07-02T04:00:00.000Z
0001045609,1,AMB PROPERTY CORP,amb property corp,1997-10-28T05:00:00.000Z,2011-06-03T04:00:00.000Z
0001045810,1,NVIDIA CORP/CA,nvidia corp ca,1998-05-07T00:00:00.000Z,2002-06-04T00:00:00.000Z
0001048286,1,MARRIOTT INTERNATIONAL INC /MD/,marriott international inc md,1998-04-09T04:00:00.000Z,2026-08-19T04:00:00.000Z
0001048286,2,NEW MARRIOTT MI INC,new marriott mi inc,1998-03-16T05:00:00.000Z,1998-03-20T05:00:00.000Z
0001048695,1,"F5 NETWORKS, INC.",f5 networks inc,2019-07-03T04:00:00.000Z,2021-11-12T05:00:00.000Z
0001048695,2,F5 NETWORKS INC,f5 networks inc,1999-06-03T04:00:00.000Z,2019-05-31T04:00:00.000Z
0001048911,1,FDX CORP,fdx corp,1997-11-04T05:00:00.000Z,2000-02-10T05:00:00.000Z
0001050915,1,QUANTA SERVICES INC,quanta services inc,1997-12-22T05:00:00.000Z,2019-05-31T04:00:00.000Z
0001051470,1,CROWN CASTLE INTERNATIONAL CORP,crown castle international corp,1998-01-08T05:00:00.000Z,2022-07-25T04:00:00.000Z
0001057352,1,"COSTAR GROUP, INC.",costar group inc,2019-07-23T04:00:00.000Z,2026-08-21T04:00:00.000Z
0001057352,2,COSTAR GROUP INC,costar group inc,1999-12-10T05:00:00.000Z,2019-06-25T04:00:00.000Z
0001057352,3,REALTY INFORMATION GROUP INC,realty information group inc,1998-07-17T04:00:00.000Z,1999-05-05T04:00:00.000Z
0001059556,1,DUN & BRADSTREET CORP /DE/,dun and bradstreet corp de,1998-09-29T04:00:00.000Z,2000-02-04T05:00:00.000Z
0001059556,2,NEW DUN & BRADSTREET CORP,new dun and bradstreet corp,1998-04-16T04:00:00.000Z,1998-06-26T04:00:00.000Z
0001060391,1,REPUBLIC SERVICES INC,republic services inc,1998-07-08T00:00:00.000Z,2009-01-07T00:00:00.000Z
0001063761,1,SIMON PROPERTY GROUP INC /DE/,simon property group inc de,1998-09-28T00:00:00.000Z,2025-11-03T00:00:00.000Z
0001063761,2,CORPORATE PROPERTY INVESTORS INC,corporate property investors inc,1998-09-17T00:00:00.000Z,1998-09-25T00:00:00.000Z
0001065280,1,NETFLIX COM INC,netflix com inc,2000-04-18T04:00:00.000Z,2002-03-06T05:00:00.000Z
0001065696,1,LKQ CORP,lkq corp,2003-07-28T04:00:00.000Z,2026-08-06T04:00:00.000Z
0001067701,1,UNITED RENTALS INC /DE,united rentals inc de,1998-11-16T05:00:00.000Z,2019-07-01T04:00:00.000Z
0001067983,1,NBH INC,nbh inc,1998-08-10T04:00:00.000Z,1999-01-05T05:00:00.000Z
0001069183,1,TASER INTERNATIONAL INC,taser international inc,2001-05-07T00:00:00.000Z,2017-03-23T00:00:00.000Z
0001070750,1,HOST MARRIOTT CORP/,host marriott corp,1998-12-31T05:00:00.000Z,2006-04-14T04:00:00.000Z
0001070750,2,HMC MERGER CORP,hmc merger corp,1998-10-02T04:00:00.000Z,1998-11-10T05:00:00.000Z
0001075531,1,Priceline Group Inc.,priceline group inc,2014-04-01T04:00:00.000Z,2018-02-16T05:00:00.000Z
0001075531,2,PRICELINE COM INC,priceline com inc,1998-12-23T05:00:00.000Z,2014-03-19T04:00:00.000Z
0001090012,1,DEVON ENERGY CORP,devon energy corp,1999-11-12T00:00:00.000Z,2000-05-31T00:00:00.000Z
0001090012,2,DEVON DELAWARE CORP,devon delaware corp,1999-08-19T00:00:00.000Z,1999-08-16T00:00:00.000Z
0001090872,1,AGILENT TECHNOLOGIES INC,agilent technologies inc,1999-11-12T05:00:00.000Z,2019-09-16T04:00:00.000Z
0001091667,1,CHARTER COMMUNICATIONS INC /MO/,charter communications inc mo,1999-12-02T00:00:00.000Z,2009-12-15T00:00:00.000Z
0001095073,1,EVEREST RE GROUP LTD,everest re group ltd,2000-04-10T04:00:00.000Z,2023-07-06T04:00:00.000Z
0001095073,2,EVEREST REINSURANCE GROUP LTD,everest reinsurance group ltd,1999-12-22T05:00:00.000Z,2000-03-08T05:00:00.000Z
0001097864,1,SCG HOLDING CORP,scg holding corp,1999-11-05T05:00:00.000Z,2000-05-23T04:00:00.000Z
0001099800,1,CVG CONTROLLED INC,cvg controlled inc,1999-12-08T05:00:00.000Z,2000-01-21T05:00:00.000Z
0001100682,1,CHARLES RIVER LABORATORIES INTERNATIONAL INC,charles river laboratories international inc,2000-06-23T04:00:00.000Z,2019-05-30T04:00:00.000Z
0001100682,2,CHARLES RIVER LABORATORIES HOLDINGS INC,charles river laboratories holdings inc,1999-12-08T05:00:00.000Z,2000-01-28T05:00:00.000Z
0001103982,1,KRAFT FOODS INC,kraft foods inc,2000-01-24T05:00:00.000Z,2012-09-28T04:00:00.000Z
0001108524,1,"SALESFORCE.COM, INC.",salesforce com inc,2019-06-14T00:00:00.000Z,2022-03-31T00:00:00.000Z
0001108524,2,SALESFORCE COM INC,salesforce com inc,2003-12-18T00:00:00.000Z,2019-08-05T00:00:00.000Z
0001110803,1,ILLUMINA INC,illumina inc,2000-04-14T04:00:00.000Z,2019-08-19T04:00:00.000Z
0001111711,1,NISOURCE INC/DE,nisource inc de,2000-11-03T05:00:00.000Z,2019-06-26T04:00:00.000Z
0001111711,2,NEW NISOURCE INC,new nisource inc,2000-06-02T04:00:00.000Z,2000-11-02T05:00:00.000Z
0001116132,1,COACH INC,coach inc,2000-10-04T04:00:00.000Z,2017-10-11T04:00:00.000Z
0001120193,1,"NASDAQ OMX GROUP, INC.",nasdaq omx group inc,2007-11-06T05:00:00.000Z,2015-08-10T04:00:00.000Z
0001120193,2,NASDAQ STOCK MARKET INC,nasdaq stock market inc,2001-05-14T04:00:00.000Z,2008-02-27T05:00:00.000Z
0001130310,1,CENTERPOINT ENERGY INC,centerpoint energy inc,2001-12-18T05:00:00.000Z,2026-08-18T04:00:00.000Z
0001130310,2,RELIANT ENERGY REGCO INC,reliant energy regco inc,2001-09-17T04:00:00.000Z,2001-09-17T04:00:00.000Z
0001136869,1,ZIMMER HOLDINGS INC,zimmer holdings inc,2001-03-26T05:00:00.000Z,2015-06-08T04:00:00.000Z
0001136893,1,CERTEGY INC,certegy inc,2001-07-20T04:00:00.000Z,2006-02-01T05:00:00.000Z
0001136893,2,EQUIFAX PS INC,equifax ps inc,2001-04-03T04:00:00.000Z,2001-05-18T04:00:00.000Z
0001137789,1,Seagate Technology plc,seagate technology plc,2010-07-09T00:00:00.000Z,2021-05-19T00:00:00.000Z
0001137789,2,SEAGATE TECHNOLOGY,seagate technology,2008-10-31T00:00:00.000Z,2010-07-06T00:00:00.000Z
0001137789,3,Seagate Technology,seagate technology,2008-10-31T00:00:00.000Z,2010-07-06T00:00:00.000Z
0001137789,4,SEAGATE TECHNOLOGY HOLDINGS,seagate technology holdings,2001-04-20T00:00:00.000Z,2002-12-12T00:00:00.000Z
0001138118,1,CB RICHARD ELLIS GROUP INC,cb richard ellis group inc,2004-02-18T05:00:00.000Z,2011-09-09T04:00:00.000Z
0001138118,2,CB RICHARD ELLIS SERVICES INC,cb richard ellis services inc,2004-02-17T05:00:00.000Z,2004-02-17T05:00:00.000Z
0001138118,3,CBRE HOLDING INC,cbre holding inc,2001-07-16T04:00:00.000Z,2003-12-05T05:00:00.000Z
0001140536,1,WILLIS GROUP HOLDINGS PLC,willis group holdings plc,2010-01-19T05:00:00.000Z,2016-01-05T05:00:00.000Z
0001140536,2,WILLIS GROUP HOLDINGS LTD,willis group holdings ltd,2001-07-31T04:00:00.000Z,2010-01-04T05:00:00.000Z
0001140859,1,AMERISOURCEBERGEN CORP,amerisourcebergen corp,2001-10-19T00:00:00.000Z,2023-08-15T00:00:00.000Z
0001140859,2,AMERISOURCE BERGEN CORP,amerisource bergen corp,2001-06-05T00:00:00.000Z,2001-10-09T00:00:00.000Z
0001156039,1,"Anthem, Inc.",anthem inc,2014-12-02T05:00:00.000Z,2022-06-24T04:00:00.000Z
0001156039,2,"WELLPOINT, INC",wellpoint inc,2010-01-06T05:00:00.000Z,2014-11-12T05:00:00.000Z
0001156039,3,WELLPOINT INC,wellpoint inc,2004-11-30T05:00:00.000Z,2009-12-21T05:00:00.000Z
0001156039,4,ANTHEM INC,anthem inc,2001-12-17T05:00:00.000Z,2004-11-30T05:00:00.000Z
0001156375,1,CHICAGO MERCANTILE EXCHANGE HOLDINGS INC,chicago mercantile exchange holdings inc,2001-08-07T04:00:00.000Z,2007-07-13T04:00:00.000Z
0001163165,1,CORVETTEPORSCHE CORP,corvetteporsche corp,2001-12-07T00:00:00.000Z,2001-12-07T00:00:00.000Z
0001164727,1,NEWMONT GOLDCORP CORP /DE/,newmont goldcorp corp de,2019-04-22T04:00:00.000Z,2020-01-03T05:00:00.000Z
0001164727,2,NEWMONT MINING CORP /DE/,newmont mining corp de,2002-03-12T05:00:00.000Z,2019-04-16T04:00:00.000Z
0001164727,3,DELTA HOLDCO CORP,delta holdco corp,2002-02-15T05:00:00.000Z,2002-02-05T05:00:00.000Z
0001166691,1,AT&T COMCAST CORP,at and t comcast corp,2002-04-10T04:00:00.000Z,2002-11-18T05:00:00.000Z
0001175454,1,FLEETCOR TECHNOLOGIES INC,fleetcor technologies inc,2002-06-03T00:00:00.000Z,2024-03-14T00:00:00.000Z
0001176948,1,ARES MANAGEMENT LP,ares management lp,2002-07-01T04:00:00.000Z,2018-11-26T05:00:00.000Z
0001179929,1,MOLINA HEALTHCARE INC,molina healthcare inc,2002-12-30T05:00:00.000Z,2019-07-03T04:00:00.000Z
0001260221,1,TD HOLDING CORP,td holding corp,2003-08-15T04:00:00.000Z,2005-12-20T05:00:00.000Z
0001262039,1,FORTINET INC,fortinet inc,2003-08-29T04:00:00.000Z,2019-05-08T04:00:00.000Z
0001267238,1,ASSURANT INC,assurant inc,2003-10-24T04:00:00.000Z,2019-08-22T04:00:00.000Z
0001274494,1,FIRST SOLAR HOLDINGS LLC,first solar holdings llc,2003-12-23T05:00:00.000Z,2003-12-23T05:00:00.000Z
0001278021,1,MARKETAXESS HOLDINGS INC,marketaxess holdings inc,2004-05-07T04:00:00.000Z,2026-08-14T04:00:00.000Z
0001278021,2,MARKETAXESS HOLDING INC,marketaxess holding inc,2004-02-11T05:00:00.000Z,2004-04-01T05:00:00.000Z
0001280452,1,MONOLITHIC POWER SYSTEMS INC,monolithic power systems inc,2004-07-13T00:00:00.000Z,2026-07-15T00:00:00.000Z
0001281761,1,NEW REGIONS FINANCIAL CORP,new regions financial corp,2004-02-27T05:00:00.000Z,2004-04-29T04:00:00.000Z
0001283699,1,METROPCS COMMUNICATIONS INC,metropcs communications inc,2004-03-23T05:00:00.000Z,2013-04-29T04:00:00.000Z
0001285785,1,GLOBAL NUTRITION SOLUTIONS INC,global nutrition solutions inc,2004-04-08T04:00:00.000Z,2004-06-18T04:00:00.000Z
0001318605,1,TESLA MOTORS INC,tesla motors inc,2005-02-17T05:00:00.000Z,2017-01-27T05:00:00.000Z
0001321655,1,Palantir Technologies Inc,palantir technologies inc,2005-03-22T00:00:00.000Z,2011-09-07T00:00:00.000Z
0001324424,1,"Expedia, Inc.",expedia inc,2005-04-25T04:00:00.000Z,2018-03-20T04:00:00.000Z
0001326160,1,Duke Energy Holding Corp.,duke energy holding corp,2005-07-01T04:00:00.000Z,2006-04-03T04:00:00.000Z
0001326160,2,Deer Holding Corp.,deer holding corp,2005-05-09T04:00:00.000Z,2005-06-22T04:00:00.000Z
0001326801,1,Facebook Inc,facebook inc,2005-05-06T04:00:00.000Z,2021-10-27T04:00:00.000Z
0001327567,1,Palo Alto Networks Inc,palo alto networks inc,2005-05-16T00:00:00.000Z,2026-08-24T00:00:00.000Z
0001327811,1,Workday Inc,workday inc,2007-01-10T05:00:00.000Z,2007-09-05T04:00:00.000Z
0001327811,2,North Tahoe Power Tools Inc,north tahoe power tools inc,2005-05-17T04:00:00.000Z,2006-12-18T05:00:00.000Z
0001335258,1,"Live Nation, Inc.",live nation inc,2005-09-09T00:00:00.000Z,2010-01-26T00:00:00.000Z
0001335258,2,"CCE Spinco, Inc.",cce spinco inc,2005-08-10T00:00:00.000Z,2006-01-10T00:00:00.000Z
0001336920,1,"SAIC, Inc.",saic inc,2005-09-01T04:00:00.000Z,2013-09-27T04:00:00.000Z
0001341439,1,Ozark Holding Inc.,ozark holding inc,2005-10-19T04:00:00.000Z,2006-02-01T05:00:00.000Z
0001352010,1,EPAM SYSTEMS INC,epam systems inc,2006-01-31T05:00:00.000Z,2007-12-12T05:00:00.000Z
0001373715,1,SERVICE-NOW.COM,service now com,2006-08-22T04:00:00.000Z,2012-05-01T04:00:00.000Z
0001374310,1,"CBOE Holdings, Inc.",cboe holdings inc,2007-01-25T05:00:00.000Z,2017-10-13T04:00:00.000Z
0001383312,1,"BROADRIDGE FINANCIAL SOLUTIONS, INC.",broadridge financial solutions inc,2007-02-25T05:00:00.000Z,2026-08-14T04:00:00.000Z
0001383312,2,"BROADRIDGE FINANCIAL SOLUTIONS, LLC",broadridge financial solutions llc,2007-02-09T05:00:00.000Z,2007-03-21T04:00:00.000Z
0001383312,3,BSG LLC,bsg llc,2006-12-19T05:00:00.000Z,2006-12-19T05:00:00.000Z
0001385157,1,TE Connectivity Ltd.,te connectivity ltd,2008-02-29T05:00:00.000Z,2024-09-23T04:00:00.000Z
0001385157,2,Tyco Electronics Ltd.,tyco electronics ltd,2007-01-18T05:00:00.000Z,2011-03-10T05:00:00.000Z
0001389170,1,Targa Resources Corp.,targa resources corp,2010-10-12T00:00:00.000Z,2026-08-24T00:00:00.000Z
0001389170,2,Targa Resources Investments Inc.,targa resources investments inc,2007-02-08T00:00:00.000Z,2010-11-12T00:00:00.000Z
0001393818,1,Blackstone Inc,blackstone inc,2021-08-06T00:00:00.000Z,2022-04-07T00:00:00.000Z
0001393818,2,Blackstone Group Inc,blackstone group inc,2019-07-01T00:00:00.000Z,2021-08-05T00:00:00.000Z
0001393818,3,Blackstone Group L.P.,blackstone group l p,2007-03-22T00:00:00.000Z,2019-06-28T00:00:00.000Z
0001396009,1,"Virginia Holdco, Inc.",virginia holdco inc,2007-04-12T04:00:00.000Z,2007-11-16T05:00:00.000Z
0001397187,1,Lululemon Corp.,lululemon corp,2007-04-30T04:00:00.000Z,2007-06-19T04:00:00.000Z
0001402057,1,"VH Holdings, Inc.",vh holdings inc,2007-06-08T04:00:00.000Z,2007-06-08T04:00:00.000Z
0001403568,1,"Ulta Salon, Cosmetics & Fragrance, Inc.",ulta salon cosmetics and fragrance inc,2007-07-06T04:00:00.000Z,2016-12-01T05:00:00.000Z
0001404912,1,KKR & Co. L.P.,kkr and co l p,2007-07-03T04:00:00.000Z,2018-06-29T04:00:00.000Z
0001413447,1,KASLION Acquisition B.V.,kaslion acquisition b v,2007-09-26T04:00:00.000Z,2010-04-16T04:00:00.000Z
0001418135,1,"Dr Pepper Snapple Group, Inc.",dr pepper snapple group inc,2007-12-17T00:00:00.000Z,2018-07-02T00:00:00.000Z
0001418135,2,CSAB Inc.,csab inc,2007-11-13T00:00:00.000Z,2007-11-13T00:00:00.000Z
0001419612,1,SolarEdge Technologies Inc,solaredge technologies inc,2007-11-21T05:00:00.000Z,2019-08-08T04:00:00.000Z
0001437107,1,"Discovery, Inc.",discovery inc,2018-03-06T05:00:00.000Z,2022-04-08T04:00:00.000Z
0001437107,2,"Discovery Communications, Inc.",discovery communications inc,2008-06-11T04:00:00.000Z,2018-03-05T05:00:00.000Z
0001466258,1,Ingersoll-Rand plc,ingersoll rand plc,2009-07-01T04:00:00.000Z,2020-02-24T05:00:00.000Z
0001467373,1,Accenture plc,accenture plc,2009-09-01T00:00:00.000Z,2026-08-24T00:00:00.000Z
0001478242,1,"Quintiles IMS Holdings, Inc.",quintiles ims holdings inc,2016-10-03T04:00:00.000Z,2017-11-03T04:00:00.000Z
0001478242,2,Quintiles Transnational Holdings Inc.,quintiles transnational holdings inc,2009-12-18T05:00:00.000Z,2016-09-22T04:00:00.000Z
0001501585,1,"HUNTINGTON INGALLS INDUSTRIES, INC.",huntington ingalls industries inc,2010-12-09T05:00:00.000Z,2026-08-11T04:00:00.000Z
0001501585,2,"New Ships, Inc.",new ships inc,2010-10-15T04:00:00.000Z,2010-11-24T05:00:00.000Z
0001506307,1,Kinder Morgan Holdco LLC,kinder morgan holdco llc,2010-11-23T05:00:00.000Z,2011-02-11T05:00:00.000Z
0001512673,1,"Square, Inc.",square inc,2011-03-02T00:00:00.000Z,2021-12-08T00:00:00.000Z
0001521332,1,Delphi Automotive PLC,delphi automotive plc,2011-05-25T04:00:00.000Z,2017-11-29T05:00:00.000Z
0001524472,1,"ITT WCO, Inc.",itt wco inc,2011-07-11T04:00:00.000Z,2011-07-11T04:00:00.000Z
0001539838,1,"Diamondback Energy, Inc.",diamondback energy inc,2012-02-14T00:00:00.000Z,2026-08-24T00:00:00.000Z
0001551182,1,Eaton Corp Ltd,eaton corp ltd,2012-06-22T04:00:00.000Z,2012-11-16T05:00:00.000Z
0001559720,1,"Airbnb, Inc.",airbnb inc,2012-10-24T00:00:00.000Z,2026-08-24T00:00:00.000Z
0001564708,1,New Newscorp Inc,new newscorp inc,2013-06-12T00:00:00.000Z,2013-06-28T00:00:00.000Z
0001564708,2,New Newscorp LLC,new newscorp llc,2012-12-21T00:00:00.000Z,2013-05-24T00:00:00.000Z
0001571949,1,"IntercontinentalExchange Group, Inc.",intercontinentalexchange group inc,2013-03-20T00:00:00.000Z,2014-05-29T00:00:00.000Z
0001571996,1,Dell Technologies Inc,dell technologies inc,2016-01-14T00:00:00.000Z,2020-01-29T00:00:00.000Z
0001571996,2,Denali Holding Inc.,denali holding inc,2013-07-24T00:00:00.000Z,2016-07-21T00:00:00.000Z
0001585364,1,PERRIGO Co Ltd,perrigo co ltd,2013-08-28T04:00:00.000Z,2013-11-12T05:00:00.000Z
0001590895,1,"Eldorado Resorts, Inc.",eldorado resorts inc,2014-09-19T00:00:00.000Z,2020-07-17T00:00:00.000Z
0001590895,2,Eclair Holdings Co,eclair holdings co,2013-11-04T00:00:00.000Z,2014-09-19T00:00:00.000Z
0001601712,1,Synchrony Financial,synchrony financial,2014-03-13T04:00:00.000Z,2026-08-19T04:00:00.000Z
0001604778,1,"Rocky Holding, Inc.",rocky holding inc,2014-04-14T04:00:00.000Z,2014-10-08T04:00:00.000Z
0001613103,1,Medtronic Ltd,medtronic ltd,2015-01-15T00:00:00.000Z,2015-01-15T00:00:00.000Z
0001613103,2,Medtronic Holdings Ltd,medtronic holdings ltd,2014-07-14T00:00:00.000Z,2014-11-21T00:00:00.000Z
0001637459,1,H.J. Heinz Holding Corp,h j heinz holding corp,2015-03-25T04:00:00.000Z,2015-07-01T04:00:00.000Z
0001666700,1,DowDuPont Inc.,dowdupont inc,2016-03-01T05:00:00.000Z,2019-05-31T04:00:00.000Z
0001681459,1,TechnipFMC Ltd,technipfmc ltd,2016-08-10T04:00:00.000Z,2016-12-21T05:00:00.000Z
0001682852,1,"Moderna Therapeutics, Inc.",moderna therapeutics inc,2016-08-24T04:00:00.000Z,2016-08-24T04:00:00.000Z
0001688568,1,"Everett SpinCo, Inc.",everett spinco inc,2016-11-02T04:00:00.000Z,2017-03-31T04:00:00.000Z
0001692819,1,Vistra Energy Corp.,vistra energy corp,2017-12-27T00:00:00.000Z,2020-06-29T00:00:00.000Z
0001692819,2,Vistra Energy Corp,vistra energy corp,2016-05-04T00:00:00.000Z,2018-01-29T00:00:00.000Z
0001699150,1,"GARDNER DENVER HOLDINGS, INC.",gardner denver holdings inc,2017-02-28T05:00:00.000Z,2020-02-26T05:00:00.000Z
0001701605,1,Baker Hughes a GE Co,baker hughes a ge co,2017-04-26T04:00:00.000Z,2019-10-10T04:00:00.000Z
0001701605,2,"Bear Newco, Inc.",bear newco inc,2017-03-29T04:00:00.000Z,2017-05-30T04:00:00.000Z
0001707925,1,ZAMALIGHT PLC,zamalight plc,2017-06-01T04:00:00.000Z,2017-07-12T04:00:00.000Z
0001711269,1,"Monarch Energy Holding, Inc.",monarch energy holding inc,2017-07-10T00:00:00.000Z,2017-11-16T00:00:00.000Z
0001730168,1,Broadcom Ltd,broadcom ltd,2018-02-06T05:00:00.000Z,2018-03-09T05:00:00.000Z
0001739940,1,Cigna Corp,cigna corp,2018-12-26T05:00:00.000Z,2023-02-09T05:00:00.000Z
0001739940,2,"Halfmoon Parent, Inc.",halfmoon parent inc,2018-05-16T04:00:00.000Z,2018-12-20T05:00:00.000Z
0001744489,1,TWDC Holdco 613 Corp,twdc holdco 613 corp,2018-06-25T04:00:00.000Z,2018-06-28T04:00:00.000Z
0001744489,2,TWDC Holdco 613 Corp.,twdc holdco 613 corp,2018-06-27T04:00:00.000Z,2018-06-27T04:00:00.000Z
0001748790,1,ARCTIC JERSEY Ltd,arctic jersey ltd,2018-08-06T04:00:00.000Z,2018-10-12T04:00:00.000Z
0001751788,1,Dow Holdings Inc.,dow holdings inc,2018-09-07T04:00:00.000Z,2019-02-12T05:00:00.000Z
0001754301,1,"NEW FOX, INC.",new fox inc,2018-10-09T04:00:00.000Z,2018-10-09T04:00:00.000Z
0001757898,1,STERIS Ltd,steris ltd,2018-11-06T05:00:00.000Z,2019-03-28T04:00:00.000Z
0001786842,1,TTF Holdings Corp.,ttf holdings corp,2019-09-06T04:00:00.000Z,2019-11-15T05:00:00.000Z
0001792044,1,Upjohn Inc,upjohn inc,2019-10-25T04:00:00.000Z,2020-11-10T05:00:00.000Z
0001792789,1,"DoorDash, Inc.",doordash inc,2021-02-25T00:00:00.000Z,2026-08-24T00:00:00.000Z
0001792789,2,DoorDash Inc,doordash inc,2020-02-13T00:00:00.000Z,2021-02-24T00:00:00.000Z
0001858681,1,"Tango Holdings, Inc.",tango holdings inc,2021-05-07T00:00:00.000Z,2021-11-05T00:00:00.000Z
0001868275,1,"Constellation Newholdco, Inc.",constellation newholdco inc,2021-07-26T04:00:00.000Z,2021-11-12T05:00:00.000Z
0001932393,1,GE Healthcare Holding LLC,ge healthcare holding llc,2022-07-29T04:00:00.000Z,2022-12-14T05:00:00.000Z
0001944048,1,"JNTL, Inc.",jntl inc,2022-08-30T04:00:00.000Z,2022-08-30T04:00:00.000Z
0001964738,1,3M Health Care Co,3m health care co,2023-02-14T05:00:00.000Z,2024-02-09T05:00:00.000Z
0001965040,1,Silver Spinco Inc.,silver spinco inc,2023-02-13T05:00:00.000Z,2023-04-05T04:00:00.000Z
0001973266,1,New Whale Inc.,new whale inc,2023-05-12T04:00:00.000Z,2023-09-07T04:00:00.000Z
0001996810,1,GE Vernova LLC,ge vernova llc,2023-10-27T04:00:00.000Z,2024-03-13T04:00:00.000Z
0002005951,1,Smurfit WestRock Ltd,smurfit westrock ltd,2024-02-14T05:00:00.000Z,2024-06-20T04:00:00.000Z
0002011286,1,Amazon Holdco Inc.,amazon holdco inc,2024-03-07T05:00:00.000Z,2024-09-18T04:00:00.000Z
0002012383,1,"BlackRock, Inc.",blackrock inc,2024-10-01T04:00:00.000Z,2026-08-21T04:00:00.000Z
0002012383,2,"BlackRock Funding, Inc. /DE",blackrock funding inc de,2024-02-20T05:00:00.000Z,2024-10-01T04:00:00.000Z
0002041610,1,"New Pluto Global, Inc.",new pluto global inc,2024-11-04T05:00:00.000Z,2025-08-01T04:00:00.000Z
0002058873,1,"Novus SpinCo 1, Inc.",novus spinco 1 inc,2025-04-24T04:00:00.000Z,2025-04-24T04:00:00.000Z
0002064953,1,"Solstice Advanced Materials, LLC",solstice advanced materials llc,2025-05-01T04:00:00.000Z,2025-08-21T04:00:00.000Z
