sec_cik,former_name_position,former_name,former_name_normalized,former_name_from,former_name_to,former_from_dt,former_to_dt,project_period_relevant_flag
0000002969,1,AIR PRODUCTS & CHEMICALS INC /DE/,air products and chemicals inc de,1994-03-15T05:00:00.000Z,2022-04-07T04:00:00.000Z,1994-03-15 05:00:00,2022-04-07 04:00:00,1
0000005272,1,AMERICAN INTERNATIONAL GROUP INC,american international group inc,1994-08-12T04:00:00.000Z,2021-02-10T05:00:00.000Z,1994-08-12 04:00:00,2021-02-10 05:00:00,1
0000007084,1,Archer-Daniels-Midland Co,archer daniels midland co,2019-06-05T04:00:00.000Z,2026-08-19T04:00:00.000Z,2019-06-05 04:00:00,2026-08-19 04:00:00,1
0000016732,1,CAMPBELL SOUP CO,campbell soup co,1994-12-14T05:00:00.000Z,2024-11-12T05:00:00.000Z,1994-12-14 05:00:00,2024-11-12 05:00:00,1
0000018926,1,"CENTURYLINK, INC",centurylink inc,2010-11-09T05:00:00.000Z,2021-01-20T05:00:00.000Z,2010-11-09 05:00:00,2021-01-20 05:00:00,1
0000019617,1,JPMORGAN CHASE & CO,jpmorgan chase and co,2009-02-02T00:00:00.000Z,2026-08-24T00:00:00.000Z,2009-02-02 00:00:00,2026-08-24 00:00:00,1
0000021076,1,CLOROX CO /DE/,clorox co de,1994-03-28T05:00:00.000Z,2026-08-07T04:00:00.000Z,1994-03-28 05:00:00,2026-08-07 04:00:00,1
0000021665,1,COLGATE PALMOLIVE CO,colgate palmolive co,1994-05-18T00:00:00.000Z,2026-08-24T00:00:00.000Z,1994-05-18 00:00:00,2026-08-24 00:00:00,1
0000031791,1,PERKINELMER INC,perkinelmer inc,1999-11-05T05:00:00.000Z,2023-04-14T04:00:00.000Z,1999-11-05 05:00:00,2023-04-14 04:00:00,1
0000033185,1,EQUIFAX INC,equifax inc,1994-02-14T05:00:00.000Z,2026-08-12T04:00:00.000Z,1994-02-14 05:00:00,2026-08-12 04:00:00,1
0000049196,1,HUNTINGTON BANCSHARES INC /MD/,huntington bancshares inc md,2021-03-26T04:00:00.000Z,2026-08-13T04:00:00.000Z,2021-03-26 04:00:00,2026-08-13 04:00:00,1
0000049196,2,HUNTINGTON BANCSHARES INC/MD,huntington bancshares inc md,1994-02-14T05:00:00.000Z,2021-03-12T05:00:00.000Z,1994-02-14 05:00:00,2021-03-12 05:00:00,1
0000052988,1,JACOBS ENGINEERING GROUP INC /DE/,jacobs engineering group inc de,1994-05-12T04:00:00.000Z,2022-08-19T04:00:00.000Z,1994-05-12 04:00:00,2022-08-19 04:00:00,1
0000055067,1,KELLOGG CO,kellogg co,1994-04-29T00:00:00.000Z,2023-09-28T00:00:00.000Z,1994-04-29 00:00:00,2023-09-28 00:00:00,1
0000063754,1,MCCORMICK & CO INC,mccormick and co inc,1994-04-08T04:00:00.000Z,2026-08-12T04:00:00.000Z,1994-04-08 04:00:00,2026-08-12 04:00:00,1
0000076334,1,PARKER HANNIFIN CORP,parker hannifin corp,1994-02-11T00:00:00.000Z,2024-12-11T00:00:00.000Z,1994-02-11 00:00:00,2024-12-11 00:00:00,1
0000078003,1,PFIZER INC,pfizer inc,1994-03-18T05:00:00.000Z,2026-08-17T04:00:00.000Z,1994-03-18 05:00:00,2026-08-17 04:00:00,1
0000087347,1,SCHLUMBERGER LIMITED/NV,schlumberger limited nv,2015-10-19T04:00:00.000Z,2025-09-12T04:00:00.000Z,2015-10-19 04:00:00,2025-09-12 04:00:00,1
0000092122,1,SOUTHERN CO,southern co,1994-01-28T05:00:00.000Z,2026-08-07T04:00:00.000Z,1994-01-28 05:00:00,2026-08-07 04:00:00,1
0000093751,1,STATE STREET CORP,state street corp,2009-02-24T05:00:00.000Z,2026-08-18T04:00:00.000Z,2009-02-24 05:00:00,2026-08-18 04:00:00,1
0000093751,2,STATE STREET Corp,state street corp,2009-02-24T05:00:00.000Z,2026-08-18T04:00:00.000Z,2009-02-24 05:00:00,2026-08-18 04:00:00,1
0000101829,1,RAYTHEON TECHNOLOGIES CORP,raytheon technologies corp,2020-04-07T04:00:00.000Z,2023-06-29T04:00:00.000Z,2020-04-07 04:00:00,2023-06-29 04:00:00,1
0000104169,1,Walmart Inc.,walmart inc,2018-01-31T05:00:00.000Z,2026-08-21T04:00:00.000Z,2018-01-31 05:00:00,2026-08-21 04:00:00,1
0000315213,1,ROBERT HALF INTERNATIONAL INC.,robert half international inc,2019-07-23T04:00:00.000Z,2023-05-19T04:00:00.000Z,2019-07-23 04:00:00,2023-05-19 04:00:00,1
0000352541,1,ALLIANT ENERGY CORP,alliant energy corp,1999-12-15T05:00:00.000Z,2026-08-21T04:00:00.000Z,1999-12-15 05:00:00,2026-08-21 04:00:00,1
0000701985,1,"L Brands, Inc.",l brands inc,2013-04-02T04:00:00.000Z,2021-07-30T04:00:00.000Z,2013-04-02 04:00:00,2021-07-30 04:00:00,1
0000721371,1,CARDINAL HEALTH INC,cardinal health inc,1994-08-19T04:00:00.000Z,2026-08-20T04:00:00.000Z,1994-08-19 04:00:00,2026-08-20 04:00:00,1
0000779152,1,HENRY JACK & ASSOCIATES INC,henry jack and associates inc,1995-11-14T00:00:00.000Z,2023-03-16T00:00:00.000Z,1995-11-14 00:00:00,2023-03-16 00:00:00,1
0000815097,1,CARNIVAL CORP,carnival corp,1995-03-21T05:00:00.000Z,2026-04-29T04:00:00.000Z,1995-03-21 05:00:00,2026-04-29 04:00:00,1
0000831001,1,CITIGROUP INC,citigroup inc,1994-02-01T00:00:00.000Z,2026-08-24T00:00:00.000Z,1994-02-01 00:00:00,2026-08-24 00:00:00,1
0000849399,1,NortonLifeLock Inc.,nortonlifelock inc,2019-11-04T05:00:00.000Z,2022-10-12T04:00:00.000Z,2019-11-04 05:00:00,2022-10-12 04:00:00,1
0000858877,1,"CISCO SYSTEMS, INC.",cisco systems inc,2011-10-18T04:00:00.000Z,2026-08-20T04:00:00.000Z,2011-10-18 04:00:00,2026-08-20 04:00:00,1
0000866787,1,AUTOZONE INC,autozone inc,1996-06-10T04:00:00.000Z,2026-08-10T04:00:00.000Z,1996-06-10 04:00:00,2026-08-10 04:00:00,1
0000874766,1,"HARTFORD INSURANCE GROUP, INC.",hartford insurance group inc,2025-02-06T05:00:00.000Z,2026-08-11T04:00:00.000Z,2025-02-06 05:00:00,2026-08-11 04:00:00,1
0000874766,2,"HARTFORD FINANCIAL SERVICES GROUP, INC.",hartford financial services group inc,2019-06-07T04:00:00.000Z,2025-01-30T05:00:00.000Z,2019-06-07 04:00:00,2025-01-30 05:00:00,1
0000882095,1,GILEAD SCIENCES INC,gilead sciences inc,1994-02-14T05:00:00.000Z,2022-02-17T05:00:00.000Z,1994-02-14 05:00:00,2022-02-17 05:00:00,1
0000882835,1,ROPER TECHNOLOGIES INC,roper technologies inc,2015-04-27T04:00:00.000Z,2026-08-14T04:00:00.000Z,2015-04-27 04:00:00,2026-08-14 04:00:00,1
0000895126,1,CHESAPEAKE ENERGY CORP,chesapeake energy corp,1995-12-11T05:00:00.000Z,2024-09-26T04:00:00.000Z,1995-12-11 05:00:00,2024-09-26 04:00:00,1
0000895421,1,MORGAN STANLEY,morgan stanley,1999-11-23T00:00:00.000Z,2026-08-24T00:00:00.000Z,1999-11-23 00:00:00,2026-08-24 00:00:00,1
0000895421,2,MORGAN STANLEY,morgan stanley,1999-11-23T00:00:00.000Z,2026-08-24T00:00:00.000Z,1999-11-23 00:00:00,2026-08-24 00:00:00,1
0000896878,1,INTUIT INC,intuit inc,1996-10-17T04:00:00.000Z,2023-03-08T05:00:00.000Z,1996-10-17 04:00:00,2023-03-08 05:00:00,1
0000914208,1,Invesco Asset Management Deutschland GMBH,invesco asset management deutschland gmbh,2021-11-08T05:00:00.000Z,2021-11-08T05:00:00.000Z,2021-11-08 05:00:00,2021-11-08 05:00:00,1
0000920148,1,LABORATORY CORP OF AMERICA HOLDINGS,laboratory corp of america holdings,1995-09-26T04:00:00.000Z,2024-05-16T04:00:00.000Z,1995-09-26 04:00:00,2024-05-16 04:00:00,1
0000921738,1,PENN NATIONAL GAMING INC,penn national gaming inc,1996-06-24T04:00:00.000Z,2022-06-15T04:00:00.000Z,1996-06-24 04:00:00,2022-06-15 04:00:00,1
0000936468,1,LOCKHEED MARTIN CORP,lockheed martin corp,1995-03-09T05:00:00.000Z,2026-08-17T04:00:00.000Z,1995-03-09 05:00:00,2026-08-17 04:00:00,1
0001004980,1,PG&E CORP,pg and e corp,2012-08-09T00:00:00.000Z,2026-08-24T00:00:00.000Z,2012-08-09 00:00:00,2026-08-24 00:00:00,1
0001004980,2,PG&E Corp,pg and e corp,2012-08-09T00:00:00.000Z,2026-08-24T00:00:00.000Z,2012-08-09 00:00:00,2026-08-24 00:00:00,1
0001013871,1,"NRG ENERGY, INC.",nrg energy inc,2004-12-02T05:00:00.000Z,2026-08-13T04:00:00.000Z,2004-12-02 05:00:00,2026-08-13 04:00:00,1
0001022671,1,STEEL DYNAMICS INC,steel dynamics inc,1996-11-20T05:00:00.000Z,2026-08-18T04:00:00.000Z,1996-11-20 05:00:00,2026-08-18 04:00:00,1
0001032208,1,SEMPRA ENERGY,sempra energy,1998-08-14T04:00:00.000Z,2023-05-15T04:00:00.000Z,1998-08-14 04:00:00,2023-05-15 04:00:00,1
0001035443,1,"ALEXANDRIA REAL ESTATE EQUITIES, INC.",alexandria real estate equities inc,2019-08-12T04:00:00.000Z,2026-08-21T04:00:00.000Z,2019-08-12 04:00:00,2026-08-21 04:00:00,1
0001035983,1,COMFORT SYSTEMS USA INC,comfort systems usa inc,1997-06-02T04:00:00.000Z,2026-08-18T04:00:00.000Z,1997-06-02 04:00:00,2026-08-18 04:00:00,1
0001037540,1,BOSTON PROPERTIES INC,boston properties inc,1997-12-16T05:00:00.000Z,2024-06-20T04:00:00.000Z,1997-12-16 05:00:00,2024-06-20 04:00:00,1
0001048286,1,MARRIOTT INTERNATIONAL INC /MD/,marriott international inc md,1998-04-09T04:00:00.000Z,2026-08-19T04:00:00.000Z,1998-04-09 04:00:00,2026-08-19 04:00:00,1
0001048695,1,"F5 NETWORKS, INC.",f5 networks inc,2019-07-03T04:00:00.000Z,2021-11-12T05:00:00.000Z,2019-07-03 04:00:00,2021-11-12 05:00:00,1
0001051470,1,CROWN CASTLE INTERNATIONAL CORP,crown castle international corp,1998-01-08T05:00:00.000Z,2022-07-25T04:00:00.000Z,1998-01-08 05:00:00,2022-07-25 04:00:00,1
0001057352,1,"COSTAR GROUP, INC.",costar group inc,2019-07-23T04:00:00.000Z,2026-08-21T04:00:00.000Z,2019-07-23 04:00:00,2026-08-21 04:00:00,1
0001063761,1,SIMON PROPERTY GROUP INC /DE/,simon property group inc de,1998-09-28T00:00:00.000Z,2025-11-03T00:00:00.000Z,1998-09-28 00:00:00,2025-11-03 00:00:00,1
0001065696,1,LKQ CORP,lkq corp,2003-07-28T04:00:00.000Z,2026-08-06T04:00:00.000Z,2003-07-28 04:00:00,2026-08-06 04:00:00,1
0001095073,1,EVEREST RE GROUP LTD,everest re group ltd,2000-04-10T04:00:00.000Z,2023-07-06T04:00:00.000Z,2000-04-10 04:00:00,2023-07-06 04:00:00,1
0001108524,1,"SALESFORCE.COM, INC.",salesforce com inc,2019-06-14T00:00:00.000Z,2022-03-31T00:00:00.000Z,2019-06-14 00:00:00,2022-03-31 00:00:00,1
0001130310,1,CENTERPOINT ENERGY INC,centerpoint energy inc,2001-12-18T05:00:00.000Z,2026-08-18T04:00:00.000Z,2001-12-18 05:00:00,2026-08-18 04:00:00,1
0001137789,1,Seagate Technology plc,seagate technology plc,2010-07-09T00:00:00.000Z,2021-05-19T00:00:00.000Z,2010-07-09 00:00:00,2021-05-19 00:00:00,1
0001140859,1,AMERISOURCEBERGEN CORP,amerisourcebergen corp,2001-10-19T00:00:00.000Z,2023-08-15T00:00:00.000Z,2001-10-19 00:00:00,2023-08-15 00:00:00,1
0001156039,1,"Anthem, Inc.",anthem inc,2014-12-02T05:00:00.000Z,2022-06-24T04:00:00.000Z,2014-12-02 05:00:00,2022-06-24 04:00:00,1
0001175454,1,FLEETCOR TECHNOLOGIES INC,fleetcor technologies inc,2002-06-03T00:00:00.000Z,2024-03-14T00:00:00.000Z,2002-06-03 00:00:00,2024-03-14 00:00:00,1
0001278021,1,MARKETAXESS HOLDINGS INC,marketaxess holdings inc,2004-05-07T04:00:00.000Z,2026-08-14T04:00:00.000Z,2004-05-07 04:00:00,2026-08-14 04:00:00,1
0001280452,1,MONOLITHIC POWER SYSTEMS INC,monolithic power systems inc,2004-07-13T00:00:00.000Z,2026-07-15T00:00:00.000Z,2004-07-13 00:00:00,2026-07-15 00:00:00,1
0001326801,1,Facebook Inc,facebook inc,2005-05-06T04:00:00.000Z,2021-10-27T04:00:00.000Z,2005-05-06 04:00:00,2021-10-27 04:00:00,1
0001327567,1,Palo Alto Networks Inc,palo alto networks inc,2005-05-16T00:00:00.000Z,2026-08-24T00:00:00.000Z,2005-05-16 00:00:00,2026-08-24 00:00:00,1
0001383312,1,"BROADRIDGE FINANCIAL SOLUTIONS, INC.",broadridge financial solutions inc,2007-02-25T05:00:00.000Z,2026-08-14T04:00:00.000Z,2007-02-25 05:00:00,2026-08-14 04:00:00,1
0001385157,1,TE Connectivity Ltd.,te connectivity ltd,2008-02-29T05:00:00.000Z,2024-09-23T04:00:00.000Z,2008-02-29 05:00:00,2024-09-23 04:00:00,1
0001389170,1,Targa Resources Corp.,targa resources corp,2010-10-12T00:00:00.000Z,2026-08-24T00:00:00.000Z,2010-10-12 00:00:00,2026-08-24 00:00:00,1
0001393818,1,Blackstone Inc,blackstone inc,2021-08-06T00:00:00.000Z,2022-04-07T00:00:00.000Z,2021-08-06 00:00:00,2022-04-07 00:00:00,1
0001393818,2,Blackstone Group Inc,blackstone group inc,2019-07-01T00:00:00.000Z,2021-08-05T00:00:00.000Z,2019-07-01 00:00:00,2021-08-05 00:00:00,1
0001437107,1,"Discovery, Inc.",discovery inc,2018-03-06T05:00:00.000Z,2022-04-08T04:00:00.000Z,2018-03-06 05:00:00,2022-04-08 04:00:00,1
0001467373,1,Accenture plc,accenture plc,2009-09-01T00:00:00.000Z,2026-08-24T00:00:00.000Z,2009-09-01 00:00:00,2026-08-24 00:00:00,1
0001501585,1,"HUNTINGTON INGALLS INDUSTRIES, INC.",huntington ingalls industries inc,2010-12-09T05:00:00.000Z,2026-08-11T04:00:00.000Z,2010-12-09 05:00:00,2026-08-11 04:00:00,1
0001512673,1,"Square, Inc.",square inc,2011-03-02T00:00:00.000Z,2021-12-08T00:00:00.000Z,2011-03-02 00:00:00,2021-12-08 00:00:00,1
0001539838,1,"Diamondback Energy, Inc.",diamondback energy inc,2012-02-14T00:00:00.000Z,2026-08-24T00:00:00.000Z,2012-02-14 00:00:00,2026-08-24 00:00:00,1
0001559720,1,"Airbnb, Inc.",airbnb inc,2012-10-24T00:00:00.000Z,2026-08-24T00:00:00.000Z,2012-10-24 00:00:00,2026-08-24 00:00:00,1
0001601712,1,Synchrony Financial,synchrony financial,2014-03-13T04:00:00.000Z,2026-08-19T04:00:00.000Z,2014-03-13 04:00:00,2026-08-19 04:00:00,1
0001739940,1,Cigna Corp,cigna corp,2018-12-26T05:00:00.000Z,2023-02-09T05:00:00.000Z,2018-12-26 05:00:00,2023-02-09 05:00:00,1
0001792789,1,"DoorDash, Inc.",doordash inc,2021-02-25T00:00:00.000Z,2026-08-24T00:00:00.000Z,2021-02-25 00:00:00,2026-08-24 00:00:00,1
0001792789,2,DoorDash Inc,doordash inc,2020-02-13T00:00:00.000Z,2021-02-24T00:00:00.000Z,2020-02-13 00:00:00,2021-02-24 00:00:00,1
0001858681,1,"Tango Holdings, Inc.",tango holdings inc,2021-05-07T00:00:00.000Z,2021-11-05T00:00:00.000Z,2021-05-07 00:00:00,2021-11-05 00:00:00,1
0001868275,1,"Constellation Newholdco, Inc.",constellation newholdco inc,2021-07-26T04:00:00.000Z,2021-11-12T05:00:00.000Z,2021-07-26 04:00:00,2021-11-12 05:00:00,1
0001932393,1,GE Healthcare Holding LLC,ge healthcare holding llc,2022-07-29T04:00:00.000Z,2022-12-14T05:00:00.000Z,2022-07-29 04:00:00,2022-12-14 05:00:00,1
0001944048,1,"JNTL, Inc.",jntl inc,2022-08-30T04:00:00.000Z,2022-08-30T04:00:00.000Z,2022-08-30 04:00:00,2022-08-30 04:00:00,1
0001964738,1,3M Health Care Co,3m health care co,2023-02-14T05:00:00.000Z,2024-02-09T05:00:00.000Z,2023-02-14 05:00:00,2024-02-09 05:00:00,1
0001965040,1,Silver Spinco Inc.,silver spinco inc,2023-02-13T05:00:00.000Z,2023-04-05T04:00:00.000Z,2023-02-13 05:00:00,2023-04-05 04:00:00,1
0001973266,1,New Whale Inc.,new whale inc,2023-05-12T04:00:00.000Z,2023-09-07T04:00:00.000Z,2023-05-12 04:00:00,2023-09-07 04:00:00,1
0001996810,1,GE Vernova LLC,ge vernova llc,2023-10-27T04:00:00.000Z,2024-03-13T04:00:00.000Z,2023-10-27 04:00:00,2024-03-13 04:00:00,1
0002005951,1,Smurfit WestRock Ltd,smurfit westrock ltd,2024-02-14T05:00:00.000Z,2024-06-20T04:00:00.000Z,2024-02-14 05:00:00,2024-06-20 04:00:00,1
0002011286,1,Amazon Holdco Inc.,amazon holdco inc,2024-03-07T05:00:00.000Z,2024-09-18T04:00:00.000Z,2024-03-07 05:00:00,2024-09-18 04:00:00,1
0002012383,1,"BlackRock, Inc.",blackrock inc,2024-10-01T04:00:00.000Z,2026-08-21T04:00:00.000Z,2024-10-01 04:00:00,2026-08-21 04:00:00,1
0002012383,2,"BlackRock Funding, Inc. /DE",blackrock funding inc de,2024-02-20T05:00:00.000Z,2024-10-01T04:00:00.000Z,2024-02-20 05:00:00,2024-10-01 04:00:00,1
0002041610,1,"New Pluto Global, Inc.",new pluto global inc,2024-11-04T05:00:00.000Z,2025-08-01T04:00:00.000Z,2024-11-04 05:00:00,2025-08-01 04:00:00,1
0002058873,1,"Novus SpinCo 1, Inc.",novus spinco 1 inc,2025-04-24T04:00:00.000Z,2025-04-24T04:00:00.000Z,2025-04-24 04:00:00,2025-04-24 04:00:00,1
0002064953,1,"Solstice Advanced Materials, LLC",solstice advanced materials llc,2025-05-01T04:00:00.000Z,2025-08-21T04:00:00.000Z,2025-05-01 04:00:00,2025-08-21 04:00:00,1
