analysis_month_number,ranking_month_end_date,return_period_end_date,gics_sector,winner_sector_return,sector_equal_weight_return,spy_return,winner_active_vs_sector
1,2021-01-29,2021-02-26,Communication Services,0.09191925870302427,0.1099145705321884,0.027805619900065803,-0.017995311829164126
1,2021-01-29,2021-02-26,Consumer Discretionary,0.03461865204930327,0.10531515528732967,0.027805619900065803,-0.0706965032380264
1,2021-01-29,2021-02-26,Consumer Staples,0.006071069607924659,-0.0044732064568394694,0.027805619900065803,0.010544276064764128
1,2021-01-29,2021-02-26,Energy,0.1320389213808325,0.23448457749158655,0.027805619900065803,-0.10244565611075404
1,2021-01-29,2021-02-26,Financials,0.0787106895734605,0.11577283943604427,0.027805619900065803,-0.03706214986258377
1,2021-01-29,2021-02-26,Health Care,-0.02787041882535464,-0.02020706743886483,0.027805619900065803,-0.007663351386489811
1,2021-01-29,2021-02-26,Industrials,0.086839836369475,0.07288080529501936,0.027805619900065803,0.013959031074455633
1,2021-01-29,2021-02-26,Information Technology,0.0387381444438524,0.05014672557420754,0.027805619900065803,-0.011408581130355137
1,2021-01-29,2021-02-26,Materials,0.041662611012939804,0.06225056023235118,0.027805619900065803,-0.02058794921941138
1,2021-01-29,2021-02-26,Real Estate,-0.03245134807070323,0.058010335754127444,0.027805619900065803,-0.09046168382483068
1,2021-01-29,2021-02-26,Utilities,-0.05336587546471525,-0.050463462762601545,0.027805619900065803,-0.0029024127021137075
2,2021-02-26,2021-03-31,Communication Services,-0.09198856346487848,0.006415502968079907,0.04539926399320837,-0.09840406643295839
2,2021-02-26,2021-03-31,Consumer Discretionary,0.04412776082309156,0.0596349932760087,0.04539926399320837,-0.015507232452917137
2,2021-02-26,2021-03-31,Consumer Staples,0.06328562422949183,0.07838087693908546,0.04539926399320837,-0.015095252709593637
2,2021-02-26,2021-03-31,Energy,-0.005203694934159286,0.01170681309889044,0.04539926399320837,-0.016910508033049727
2,2021-02-26,2021-03-31,Financials,0.027317896006254228,0.057516507324282734,0.04539926399320837,-0.030198611318028507
2,2021-02-26,2021-03-31,Health Care,-0.012869349782123415,0.039113441772898314,0.04539926399320837,-0.05198279155502173
2,2021-02-26,2021-03-31,Industrials,0.09122961918739922,0.0936628583558137,0.04539926399320837,-0.0024332391684144805
2,2021-02-26,2021-03-31,Information Technology,-0.026455948117149124,0.03202720885314822,0.04539926399320837,-0.058483156970297344
2,2021-02-26,2021-03-31,Materials,-0.006383209757086569,0.05951234519685741,0.04539926399320837,-0.06589555495394397
2,2021-02-26,2021-03-31,Real Estate,0.06430575105056657,0.05902549937339552,0.04539926399320837,0.005280251677171055
2,2021-02-26,2021-03-31,Utilities,0.0514472719149469,0.11879993825524124,0.04539926399320837,-0.06735266634029434
3,2021-03-31,2021-04-30,Communication Services,-0.05791611753768113,0.02732240755462434,0.052910658612703276,-0.08523852509230548
3,2021-03-31,2021-04-30,Consumer Discretionary,0.05363780445394763,0.05719240142905868,0.052910658612703276,-0.0035545969751110545
3,2021-03-31,2021-04-30,Consumer Staples,0.06903976878706433,0.0233283367238776,0.052910658612703276,0.04571143206318673
3,2021-03-31,2021-04-30,Energy,0.038689290813256005,0.013148962022948574,0.052910658612703276,0.02554032879030743
3,2021-03-31,2021-04-30,Financials,0.09276473656542462,0.0702414681513785,0.052910658612703276,0.02252326841404613
3,2021-03-31,2021-04-30,Health Care,0.06898518888195847,0.04755193928505551,0.052910658612703276,0.02143324959690296
3,2021-03-31,2021-04-30,Industrials,0.025850883216153184,0.04338189962226828,0.052910658612703276,-0.017531016406115096
3,2021-03-31,2021-04-30,Information Technology,-0.004901399805624867,0.030332487576785284,0.052910658612703276,-0.03523388738241015
3,2021-03-31,2021-04-30,Materials,0.09130136506366092,0.06500050077903048,0.052910658612703276,0.026300864284630437
3,2021-03-31,2021-04-30,Real Estate,0.08156948136147926,0.08286292468473308,0.052910658612703276,-0.0012934433232538178
3,2021-03-31,2021-04-30,Utilities,0.031858327644291445,0.0456907844979641,0.052910658612703276,-0.013832456853672653
4,2021-04-30,2021-05-28,Communication Services,0.004804373031527075,0.011590876771792234,0.006565897462389447,-0.006786503740265159
4,2021-04-30,2021-05-28,Consumer Discretionary,0.009551326842844637,-0.005164553930734479,0.006565897462389447,0.014715880773579115
4,2021-04-30,2021-05-28,Consumer Staples,-0.0005106335262143316,0.020530282425186144,0.006565897462389447,-0.021040915951400476
4,2021-04-30,2021-05-28,Energy,0.07018635211055346,0.06892269400429007,0.006565897462389447,0.0012636581062633878
4,2021-04-30,2021-05-28,Financials,0.056309686539826084,0.04174708861758267,0.006565897462389447,0.014562597922243417
4,2021-04-30,2021-05-28,Health Care,0.003124960211409918,0.01487499522528637,0.006565897462389447,-0.011750035013876451
4,2021-04-30,2021-05-28,Industrials,0.031947661533332006,0.02785144556618103,0.006565897462389447,0.004096215967150974
4,2021-04-30,2021-05-28,Information Technology,0.009742265994512686,0.006428508268449728,0.006565897462389447,0.0033137577260629577
4,2021-04-30,2021-05-28,Materials,0.09715931272152262,0.055133574066484045,0.006565897462389447,0.04202573865503857
4,2021-04-30,2021-05-28,Real Estate,0.03711069174275783,0.015291539055869162,0.006565897462389447,0.021819152686888665
4,2021-04-30,2021-05-28,Utilities,-0.02378868477863414,-0.020472429522034784,0.006565897462389447,-0.003316255256599357
5,2021-05-28,2021-06-30,Communication Services,0.026544692524636784,0.0019002121666378824,0.022427529530824053,0.0246444803579989
5,2021-05-28,2021-06-30,Consumer Discretionary,0.0009751783603544903,0.0005286817523262744,0.022427529530824053,0.0004464966080282159
5,2021-05-28,2021-06-30,Consumer Staples,-0.04328612031073463,-0.017309308087935574,0.022427529530824053,-0.025976812222799055
5,2021-05-28,2021-06-30,Energy,0.15353289529074415,0.048651678576625605,0.022427529530824053,0.10488121671411854
5,2021-05-28,2021-06-30,Financials,-0.05643824622569505,-0.03505447242127811,0.022427529530824053,-0.021383773804416938
5,2021-05-28,2021-06-30,Health Care,0.05178454063156782,0.03294193463936275,0.022427529530824053,0.018842605992205073
5,2021-05-28,2021-06-30,Industrials,-0.011755929867825077,-0.017772488846669737,0.022427529530824053,0.00601655897884466
5,2021-05-28,2021-06-30,Information Technology,0.03207043776474477,0.04046089381096964,0.022427529530824053,-0.008390456046224876
5,2021-05-28,2021-06-30,Materials,-0.06805031060592051,-0.04841815390716665,0.022427529530824053,-0.019632156698753858
5,2021-05-28,2021-06-30,Real Estate,-0.025171911029992833,0.021106369092313917,0.022427529530824053,-0.04627828012230675
5,2021-05-28,2021-06-30,Utilities,-0.018800441542679392,-0.01781965610884793,0.022427529530824053,-0.0009807854338314617
6,2021-06-30,2021-07-30,Communication Services,-0.015213007207228848,-0.017014866889049025,0.024412426225533856,0.0018018596818201778
6,2021-06-30,2021-07-30,Consumer Discretionary,-0.05306429794025762,-0.0037822496606735242,0.024412426225533856,-0.049282048279584094
6,2021-06-30,2021-07-30,Consumer Staples,-0.02350328123496916,-0.009716469659536934,0.024412426225533856,-0.013786811575432226
6,2021-06-30,2021-07-30,Energy,-0.1229393139609056,-0.10170465022740562,0.024412426225533856,-0.021234663733499984
6,2021-06-30,2021-07-30,Financials,-0.029879864104945454,-0.005105256366215795,0.024412426225533856,-0.024774607738729658
6,2021-06-30,2021-07-30,Health Care,0.08960131332367512,0.052381826129781234,0.024412426225533856,0.03721948719389388
6,2021-06-30,2021-07-30,Industrials,0.0022596159131531746,0.017036060497042763,0.024412426225533856,-0.01477644458388959
6,2021-06-30,2021-07-30,Information Technology,0.006984145057909691,0.028654739200785668,0.024412426225533856,-0.021670594142875976
6,2021-06-30,2021-07-30,Materials,0.06943208840302836,0.011145440830273119,0.024412426225533856,0.05828664757275524
6,2021-06-30,2021-07-30,Real Estate,0.02846588231273169,0.047722426843713,0.024412426225533856,-0.01925654453098131
6,2021-06-30,2021-07-30,Utilities,0.02463850724648864,0.03643006791290152,0.024412426225533856,-0.011791560666412883
7,2021-07-30,2021-08-31,Communication Services,-0.013279966261963594,0.0165396765869917,0.02975986460992952,-0.029819642848955295
7,2021-07-30,2021-08-31,Consumer Discretionary,0.029849358156668022,0.01646781825921999,0.02975986460992952,0.01338153989744803
7,2021-07-30,2021-08-31,Consumer Staples,0.015535771660344385,0.007564548128957849,0.02975986460992952,0.007971223531386537
7,2021-07-30,2021-08-31,Energy,0.044574858882725055,-0.0025664586015626168,0.02975986460992952,0.047141317484287674
7,2021-07-30,2021-08-31,Financials,0.06070173507897951,0.05531485006922989,0.02975986460992952,0.005386885009749619
7,2021-07-30,2021-08-31,Health Care,0.0433034803789991,0.018968691688984525,0.02975986460992952,0.024334788690014576
7,2021-07-30,2021-08-31,Industrials,0.02396812340725241,0.016171269090726866,0.02975986460992952,0.007796854316525544
7,2021-07-30,2021-08-31,Information Technology,0.0374428227711319,0.0205481347747227,0.02975986460992952,0.016894687996409204
7,2021-07-30,2021-08-31,Materials,0.0675493158213234,0.02939238653310511,0.02975986460992952,0.03815692928821829
7,2021-07-30,2021-08-31,Real Estate,0.04099831662302431,0.02323265549502918,0.02975986460992952,0.017765661127995134
7,2021-07-30,2021-08-31,Utilities,0.027157236836033907,0.03216441120901441,0.02975986460992952,-0.0050071743729805
8,2021-08-31,2021-09-30,Communication Services,-0.03735928229692771,-0.027849263140769347,-0.04660548041251722,-0.009510019156158366
8,2021-08-31,2021-09-30,Consumer Discretionary,-0.028426390048937496,-0.037560169746943026,-0.04660548041251722,0.00913377969800553
8,2021-08-31,2021-09-30,Consumer Staples,-0.049647570308466484,-0.03600185986415472,-0.04660548041251722,-0.013645710444311766
8,2021-08-31,2021-09-30,Energy,0.16054745007995797,0.11697113446363842,-0.04660548041251722,0.04357631561631954
8,2021-08-31,2021-09-30,Financials,0.006091317292488351,-0.016261903852863767,-0.04660548041251722,0.02235322114535212
8,2021-08-31,2021-09-30,Health Care,-0.07060357791199644,-0.054424270932587254,-0.04660548041251722,-0.016179306979409183
8,2021-08-31,2021-09-30,Industrials,-0.05380420880353104,-0.05395533740001293,-0.04660548041251722,0.00015112859648189203
8,2021-08-31,2021-09-30,Information Technology,-0.058980584857519884,-0.05453609506870389,-0.04660548041251722,-0.0044444897888159945
8,2021-08-31,2021-09-30,Materials,-0.1045891791424825,-0.06250983491844839,-0.04660548041251722,-0.042079344224034115
8,2021-08-31,2021-09-30,Real Estate,-0.01820494396915886,-0.0490748436204912,-0.04660548041251722,0.03086989965133234
8,2021-08-31,2021-09-30,Utilities,-0.045626939919221336,-0.06250204929215127,-0.04660548041251722,0.01687510937292993
9,2021-09-30,2021-10-29,Communication Services,0.06010897437605694,-0.012021212546887663,0.07016354038348016,0.0721301869229446
9,2021-09-30,2021-10-29,Consumer Discretionary,0.07294011764185035,0.06154890187952837,0.07016354038348016,0.01139121576232198
9,2021-09-30,2021-10-29,Consumer Staples,-0.002068910968969234,0.012242867990420382,0.07016354038348016,-0.014311778959389617
9,2021-09-30,2021-10-29,Energy,0.14708413397873404,0.10412064814682331,0.07016354038348016,0.04296348583191073
9,2021-09-30,2021-10-29,Financials,0.043461189853015655,0.06603166532848133,0.07016354038348016,-0.022570475475465673
9,2021-09-30,2021-10-29,Health Care,0.02833294549860065,0.03231547751034017,0.07016354038348016,-0.0039825320117395195
9,2021-09-30,2021-10-29,Industrials,0.06415642725398872,0.06711723279606452,0.07016354038348016,-0.002960805542075798
9,2021-09-30,2021-10-29,Information Technology,0.10902828437692985,0.05881935744028795,0.07016354038348016,0.050208926936641904
9,2021-09-30,2021-10-29,Materials,0.1307893125143887,0.06517743280801437,0.07016354038348016,0.06561187970637432
9,2021-09-30,2021-10-29,Real Estate,0.07642507803443954,0.06797064541037189,0.07016354038348016,0.008454432624067656
9,2021-09-30,2021-10-29,Utilities,0.05850034121033172,0.03720939821519319,0.07016354038348016,0.021290942995138534
10,2021-10-29,2021-11-30,Communication Services,-0.07408725256850282,-0.07368317076408665,-0.00803491640988363,-0.00040408180441617314
10,2021-10-29,2021-11-30,Consumer Discretionary,-0.028275133141712715,-0.02173844813417136,-0.00803491640988363,-0.006536685007541357
10,2021-10-29,2021-11-30,Consumer Staples,-0.03881266853795369,-0.007577232802345225,-0.00803491640988363,-0.031235435735608465
10,2021-10-29,2021-11-30,Energy,-0.028434446988687384,-0.05846214870811777,-0.00803491640988363,0.030027701719430387
10,2021-10-29,2021-11-30,Financials,-0.06398257059808878,-0.04846798916494,-0.00803491640988363,-0.015514581433148773
10,2021-10-29,2021-11-30,Health Care,-0.06118722317047839,-0.046256204802859496,-0.00803491640988363,-0.014931018367618891
10,2021-10-29,2021-11-30,Industrials,-0.05491785562624408,-0.029679232151980442,-0.00803491640988363,-0.025238623474263637
10,2021-10-29,2021-11-30,Information Technology,0.06146806425887703,0.018522338149918056,-0.00803491640988363,0.04294572610895897
10,2021-10-29,2021-11-30,Materials,-0.021265770812315465,-0.00606473886950568,-0.00803491640988363,-0.015201031942809785
10,2021-10-29,2021-11-30,Real Estate,-0.008588286850283391,-0.010383679917970347,-0.00803491640988363,0.001795393067686956
10,2021-10-29,2021-11-30,Utilities,-0.03481888338945456,-0.020483007079286613,-0.00803491640988363,-0.014335876310167948
11,2021-11-30,2021-12-31,Communication Services,0.0451211568537853,0.0400485532800261,0.046248007023955484,0.005072603573759202
11,2021-11-30,2021-12-31,Consumer Discretionary,0.02704906722346944,0.046383524877014776,0.046248007023955484,-0.019334457653545335
11,2021-11-30,2021-12-31,Consumer Staples,0.10707052021969608,0.10722949028844572,0.046248007023955484,-0.00015897006874963926
11,2021-11-30,2021-12-31,Energy,0.028966475537904157,0.02937750543472368,0.046248007023955484,-0.0004110298968195217
11,2021-11-30,2021-12-31,Financials,0.024831661457856105,0.040459947727607484,0.046248007023955484,-0.01562828626975138
11,2021-11-30,2021-12-31,Health Care,0.04445735085555952,0.09586811384472892,0.046248007023955484,-0.0514107629891694
11,2021-11-30,2021-12-31,Industrials,0.029227006226213086,0.05136073755841792,0.046248007023955484,-0.022133731332204833
11,2021-11-30,2021-12-31,Information Technology,0.01187632131907985,0.05080675312553508,0.046248007023955484,-0.03893043180645523
11,2021-11-30,2021-12-31,Materials,0.08037203545258871,0.07630483047851702,0.046248007023955484,0.004067204974071689
11,2021-11-30,2021-12-31,Real Estate,0.12215739778902575,0.09852768434415783,0.046248007023955484,0.023629713444867917
11,2021-11-30,2021-12-31,Utilities,0.1037967998046534,0.10278747302130546,0.046248007023955484,0.001009326783347933
12,2021-12-31,2022-01-31,Communication Services,-0.05583766402865349,-0.010570473665255311,-0.05274144621568455,-0.04526719036339818
12,2021-12-31,2022-01-31,Consumer Discretionary,-0.12584931747952208,-0.08241299190687652,-0.05274144621568455,-0.043436325572645554
12,2021-12-31,2022-01-31,Consumer Staples,-0.02230999271191591,-0.006381403696474379,-0.05274144621568455,-0.01592858901544153
12,2021-12-31,2022-01-31,Energy,0.1858383959324414,0.1901763973370844,-0.05274144621568455,-0.0043380014046430215
12,2021-12-31,2022-01-31,Financials,0.002253150478370076,-0.004497191258295708,-0.05274144621568455,0.006750341736665784
12,2021-12-31,2022-01-31,Health Care,-0.1580592433058114,-0.07969115981525875,-0.05274144621568455,-0.07836808349055265
12,2021-12-31,2022-01-31,Industrials,-0.10716586992078017,-0.06023097323679348,-0.05274144621568455,-0.04693489668398669
12,2021-12-31,2022-01-31,Information Technology,-0.14208402431622932,-0.09171892945812148,-0.05274144621568455,-0.05036509485810785
12,2021-12-31,2022-01-31,Materials,-0.056544678471918824,-0.04142103702629178,-0.05274144621568455,-0.015123641445627042
12,2021-12-31,2022-01-31,Real Estate,-0.09389478041248953,-0.06592848859561437,-0.05274144621568455,-0.027966291816875155
12,2021-12-31,2022-01-31,Utilities,-0.03762580146144874,-0.014457504173570715,-0.05274144621568455,-0.023168297287878024
13,2022-01-31,2022-02-28,Communication Services,-0.03744465591835949,-0.010188200072237493,-0.02951691151727054,-0.027256455846121998
13,2022-01-31,2022-02-28,Consumer Discretionary,-0.06265573990020638,-0.027750053603271718,-0.02951691151727054,-0.03490568629693466
13,2022-01-31,2022-02-28,Consumer Staples,0.027901448534255614,-0.0056574178295182055,-0.02951691151727054,0.03355886636377382
13,2022-01-31,2022-02-28,Energy,0.12693537521123976,0.07690642729291465,-0.02951691151727054,0.050028947918325115
13,2022-01-31,2022-02-28,Financials,0.013236633317209381,0.0021850379341485414,-0.02951691151727054,0.01105159538306084
13,2022-01-31,2022-02-28,Health Care,-0.01951426907605379,0.00430434434161828,-0.02951691151727054,-0.02381861341767207
13,2022-01-31,2022-02-28,Industrials,-0.026010918910457512,-0.013891723868071625,-0.02951691151727054,-0.012119195042385887
13,2022-01-31,2022-02-28,Information Technology,-0.05887803059978312,-0.03677143334259001,-0.02951691151727054,-0.022106597257193106
13,2022-01-31,2022-02-28,Materials,0.14157902508577677,0.0031943730583492386,-0.02951691151727054,0.13838465202742753
13,2022-01-31,2022-02-28,Real Estate,-0.04968821277961604,-0.03316259509623221,-0.02951691151727054,-0.016525617683383828
13,2022-01-31,2022-02-28,Utilities,-0.004894762823875154,-0.020525527107589942,-0.02951691151727054,0.015630764283714786
14,2022-02-28,2022-03-31,Communication Services,-0.009897680797488054,-0.005386726999354171,0.0375902351139481,-0.004510953798133883
14,2022-02-28,2022-03-31,Consumer Discretionary,0.02948774794042206,-0.02818947574707505,0.0375902351139481,0.057677223687497114
14,2022-02-28,2022-03-31,Consumer Staples,0.092116649684891,0.013115216544923744,0.0375902351139481,0.07900143313996726
14,2022-02-28,2022-03-31,Energy,0.04152795514817362,0.10252941483492627,0.0375902351139481,-0.06100145968675265
14,2022-02-28,2022-03-31,Financials,-0.014014564031103495,-0.00408468384234027,0.0375902351139481,-0.009929880188763226
14,2022-02-28,2022-03-31,Health Care,0.05930345257138683,0.034587595089722784,0.0375902351139481,0.02471585748166405
14,2022-02-28,2022-03-31,Industrials,0.018763837654587365,0.03129885438690236,0.0375902351139481,-0.012535016732314993
14,2022-02-28,2022-03-31,Information Technology,0.037435267796015304,0.026675957950184848,0.0375902351139481,0.010759309845830456
14,2022-02-28,2022-03-31,Materials,0.16110122217362183,0.05142494821868578,0.0375902351139481,0.10967627395493604
14,2022-02-28,2022-03-31,Real Estate,0.08771763721796742,0.072372324872354,0.0375902351139481,0.015345312345613427
14,2022-02-28,2022-03-31,Utilities,0.10247377157539922,0.10199622253377823,0.0375902351139481,0.0004775490416209921
15,2022-03-31,2022-04-29,Communication Services,-0.1272044077956954,-0.11300663742060722,-0.08776896731547001,-0.014197770375088167
15,2022-03-31,2022-04-29,Consumer Discretionary,-0.07170433536124934,-0.0510432964933178,-0.08776896731547001,-0.020661038867931546
15,2022-03-31,2022-04-29,Consumer Staples,-0.0031089139082464117,0.03137652389043326,-0.08776896731547001,-0.03448543779867967
15,2022-03-31,2022-04-29,Energy,-0.027457733394135597,-0.02259173581917693,-0.08776896731547001,-0.004865997574958668
15,2022-03-31,2022-04-29,Financials,-0.1002181730908851,-0.09274878022731226,-0.08776896731547001,-0.0074693928635728435
15,2022-03-31,2022-04-29,Health Care,-0.07542807881334895,-0.07834180298523491,-0.08776896731547001,0.0029137241718859563
15,2022-03-31,2022-04-29,Industrials,-0.0726404999434839,-0.06060630381835045,-0.08776896731547001,-0.01203419612513345
15,2022-03-31,2022-04-29,Information Technology,-0.13609214103393655,-0.10171929542076981,-0.08776896731547001,-0.03437284561316674
15,2022-03-31,2022-04-29,Materials,-0.06076814981746748,-0.030350841253376153,-0.08776896731547001,-0.03041730856409133
15,2022-03-31,2022-04-29,Real Estate,-0.04354142992532398,-0.04222062338824878,-0.08776896731547001,-0.0013208065370751976
15,2022-03-31,2022-04-29,Utilities,-0.034398647793781,-0.03483540126400113,-0.08776896731547001,0.0004367534702201317
16,2022-04-29,2022-05-31,Communication Services,-0.02735209429219234,0.018978009155668017,0.002257134566683305,-0.04633010344786036
16,2022-04-29,2022-05-31,Consumer Discretionary,-0.03990693669512474,-0.0466815435015533,0.002257134566683305,0.006774606806428558
16,2022-04-29,2022-05-31,Consumer Staples,-0.03654482751018883,-0.025945263727783274,0.002257134566683305,-0.010599563782405556
16,2022-04-29,2022-05-31,Energy,0.2397672105507302,0.17428481103463223,0.002257134566683305,0.06548239951609797
16,2022-04-29,2022-05-31,Financials,-0.0034022448870789646,0.027397605538636984,0.002257134566683305,-0.03079985042571595
16,2022-04-29,2022-05-31,Health Care,-0.001975458638436548,0.0072936565056793395,0.002257134566683305,-0.009269115144115887
16,2022-04-29,2022-05-31,Industrials,-0.0007313876084998252,-0.0015293741456811184,0.002257134566683305,0.0007979865371812932
16,2022-04-29,2022-05-31,Information Technology,0.02623397020040243,0.024147850255322664,0.002257134566683305,0.0020861199450797653
16,2022-04-29,2022-05-31,Materials,-0.03683948878946806,0.013163444494181744,0.002257134566683305,-0.0500029332836498
16,2022-04-29,2022-05-31,Real Estate,-0.0897921660738707,-0.049262529102268166,0.002257134566683305,-0.04052963697160253
16,2022-04-29,2022-05-31,Utilities,0.0413104716420019,0.05035106179204428,0.002257134566683305,-0.009040590150042382
17,2022-05-31,2022-06-30,Communication Services,-0.1089161086527448,-0.10348040722115968,-0.08246019132520566,-0.005435701431585116
17,2022-05-31,2022-06-30,Consumer Discretionary,-0.0521150180117138,-0.12290299103243027,-0.08246019132520566,0.07078797302071646
17,2022-05-31,2022-06-30,Consumer Staples,-0.07468857170397637,-0.0174970982000349,-0.08246019132520566,-0.05719147350394147
17,2022-05-31,2022-06-30,Energy,-0.2358155492985201,-0.19254209125654048,-0.08246019132520566,-0.04327345804197963
17,2022-05-31,2022-06-30,Financials,-0.05538509270845051,-0.09457107191123348,-0.08246019132520566,0.039185979202782974
17,2022-05-31,2022-06-30,Health Care,-0.008889622500047288,-0.05726953955841722,-0.08246019132520566,0.048379917058369935
17,2022-05-31,2022-06-30,Industrials,-0.03482630817659543,-0.08606692852554199,-0.08246019132520566,0.05124062034894655
17,2022-05-31,2022-06-30,Information Technology,-0.08276100145375874,-0.104643965562511,-0.08246019132520566,0.021882964108752262
17,2022-05-31,2022-06-30,Materials,-0.18322683128108086,-0.13827725765372334,-0.08246019132520566,-0.04494957362735752
17,2022-05-31,2022-06-30,Real Estate,-0.05513873642999351,-0.08720812774281302,-0.08246019132520566,0.03206939131281951
17,2022-05-31,2022-06-30,Utilities,-0.07504938355994258,-0.06238968474882405,-0.08246019132520566,-0.012659698811118524
18,2022-06-30,2022-07-29,Communication Services,0.03176006934562059,0.04937022702004396,0.09208731718666319,-0.017610157674423373
18,2022-06-30,2022-07-29,Consumer Discretionary,0.11197606420252557,0.12088348672125022,0.09208731718666319,-0.008907422518724659
18,2022-06-30,2022-07-29,Consumer Staples,0.03333893566604618,0.03534606247589538,0.09208731718666319,-0.0020071268098492065
18,2022-06-30,2022-07-29,Energy,0.1072969213625134,0.07317266292103357,0.09208731718666319,0.03412425844147983
18,2022-06-30,2022-07-29,Financials,0.011311112357300174,0.06391511638529943,0.09208731718666319,-0.05260400402799925
18,2022-06-30,2022-07-29,Health Care,-0.0004939988313125417,0.06489427778367006,0.09208731718666319,-0.0653882766149826
18,2022-06-30,2022-07-29,Industrials,0.07171710782789556,0.11168233897092977,0.09208731718666319,-0.03996523114303421
18,2022-06-30,2022-07-29,Information Technology,0.15225642345309226,0.14118083560220915,0.09208731718666319,0.011075587850883112
18,2022-06-30,2022-07-29,Materials,0.15230015465633923,0.0759929123066904,0.09208731718666319,0.07630724234964882
18,2022-06-30,2022-07-29,Real Estate,0.09525397843322461,0.08618861969322641,0.09208731718666319,0.009065358739998197
18,2022-06-30,2022-07-29,Utilities,0.051687330336618764,0.046961857535196286,0.09208731718666319,0.004725472801422478
19,2022-07-29,2022-08-31,Communication Services,-0.056275915759794695,-0.03851436567513284,-0.04080200397083633,-0.017761550084661855
19,2022-07-29,2022-08-31,Consumer Discretionary,-0.03042931715380754,-0.034025765219925265,-0.04080200397083633,0.0035964480661177245
19,2022-07-29,2022-08-31,Consumer Staples,-0.008030611110163767,-0.017310791106969953,-0.04080200397083633,0.009280179996806186
19,2022-07-29,2022-08-31,Energy,0.07277609887589759,0.047647665206362634,-0.04080200397083633,0.025128433669534954
19,2022-07-29,2022-08-31,Financials,0.018021512098446834,-0.014257954106501476,-0.04080200397083633,0.03227946620494831
19,2022-07-29,2022-08-31,Health Care,-0.03720662576605081,-0.06412747943257979,-0.04080200397083633,0.02692085366652898
19,2022-07-29,2022-08-31,Industrials,0.0191674378239735,-0.0374091465400394,-0.04080200397083633,0.0565765843640129
19,2022-07-29,2022-08-31,Information Technology,-0.049944380292851524,-0.057716181426854994,-0.04080200397083633,0.00777180113400347
19,2022-07-29,2022-08-31,Materials,-0.0017443472718511321,-0.03757558085402391,-0.04080200397083633,0.03583123358217278
19,2022-07-29,2022-08-31,Real Estate,-0.0075855892222138075,-0.056499949453795745,-0.04080200397083633,0.04891436023158194
19,2022-07-29,2022-08-31,Utilities,-0.016978688624919847,0.003270817270703469,-0.04080200397083633,-0.020249505895623316
20,2022-08-31,2022-09-30,Communication Services,-0.09038492081572998,-0.11485992911611789,-0.09244584720277171,0.024475008300387915
20,2022-08-31,2022-09-30,Consumer Discretionary,-0.05889344553144348,-0.09034501754369471,-0.09244584720277171,0.03145157201225123
20,2022-08-31,2022-09-30,Consumer Staples,-0.04365014451929139,-0.08108954798361731,-0.09244584720277171,0.03743940346432592
20,2022-08-31,2022-09-30,Energy,-0.13357525372409476,-0.10804729181519904,-0.09244584720277171,-0.025527961908895724
20,2022-08-31,2022-09-30,Financials,-0.050744750624495204,-0.07611858383369653,-0.09244584720277171,0.02537383320920133
20,2022-08-31,2022-09-30,Health Care,-0.023649289029658495,-0.05454971851986445,-0.09244584720277171,0.030900429490205952
20,2022-08-31,2022-09-30,Industrials,-0.0717629777512243,-0.09249758848761701,-0.09244584720277171,0.02073461073639271
20,2022-08-31,2022-09-30,Information Technology,-0.09359400570107633,-0.1088481414295748,-0.09244584720277171,0.015254135728498472
20,2022-08-31,2022-09-30,Materials,-0.09016724420170422,-0.10696919155103149,-0.09244584720277171,0.016801947349327273
20,2022-08-31,2022-09-30,Real Estate,-0.12905135621829592,-0.11796682062055211,-0.09244584720277171,-0.011084535597743805
20,2022-08-31,2022-09-30,Utilities,-0.12138099550484832,-0.1210141303147951,-0.09244584720277171,-0.00036686519005321716
21,2022-09-30,2022-10-31,Communication Services,0.10369259176835117,0.062483897377440055,0.08127545086509924,0.04120869439091112
21,2022-09-30,2022-10-31,Consumer Discretionary,0.12685554357927503,0.10650967302480038,0.08127545086509924,0.02034587055447465
21,2022-09-30,2022-10-31,Consumer Staples,0.10577880967686511,0.09426317478756552,0.08127545086509924,0.011515634889299589
21,2022-09-30,2022-10-31,Energy,0.28849358250613727,0.25726550171031864,0.08127545086509924,0.031228080795818625
21,2022-09-30,2022-10-31,Financials,0.1301581850442915,0.10541427120744144,0.08127545086509924,0.024743913836850054
21,2022-09-30,2022-10-31,Health Care,0.1287076097577676,0.09698160973940578,0.08127545086509924,0.031726000018361816
21,2022-09-30,2022-10-31,Industrials,0.11231482906751479,0.12382939168873858,0.08127545086509924,-0.011514562621223787
21,2022-09-30,2022-10-31,Information Technology,0.06078525056677017,0.07939574307508197,0.08127545086509924,-0.0186104925083118
21,2022-09-30,2022-10-31,Materials,0.12915345711809254,0.08144870814565774,0.08127545086509924,0.04770474897243479
21,2022-09-30,2022-10-31,Real Estate,0.0618123772446519,0.028476055365001335,0.08127545086509924,0.03333632187965056
21,2022-09-30,2022-10-31,Utilities,0.02477855517287839,0.029774737437990324,0.08127545086509924,-0.004996182265111934
22,2022-10-31,2022-11-30,Communication Services,0.041779359922474085,0.051718549746976115,0.05559167782759267,-0.00993918982450203
22,2022-10-31,2022-11-30,Consumer Discretionary,0.050567201883523205,0.09129643075262317,0.05559167782759267,-0.040729228869099965
22,2022-10-31,2022-11-30,Consumer Staples,0.004531393328338442,0.05117919551236603,0.05559167782759267,-0.04664780218402759
22,2022-10-31,2022-11-30,Energy,-0.015280674275374717,0.017847370719035714,0.05559167782759267,-0.03312804499441043
22,2022-10-31,2022-11-30,Financials,0.03996678040401652,0.05689513985128487,0.05559167782759267,-0.01692835944726835
22,2022-10-31,2022-11-30,Health Care,0.0281938307286509,0.0636106983711716,0.05559167782759267,-0.0354168676425207
22,2022-10-31,2022-11-30,Industrials,0.03201893175474408,0.07120666408947514,0.05559167782759267,-0.03918773233473106
22,2022-10-31,2022-11-30,Information Technology,0.07833611798674801,0.07888245811473069,0.05559167782759267,-0.0005463401279826724
22,2022-10-31,2022-11-30,Materials,0.020313791808906245,0.11182373002661208,0.05559167782759267,-0.09150993821770584
22,2022-10-31,2022-11-30,Real Estate,0.006795961536661845,0.06749340356247052,0.05559167782759267,-0.06069744202580868
22,2022-10-31,2022-11-30,Utilities,0.0997667070104106,0.07566393711624238,0.05559167782759267,0.02410276989416822
23,2022-11-30,2022-12-30,Communication Services,-0.023870028140074284,-0.06621838467636584,-0.05762831673491098,0.042348356536291556
23,2022-11-30,2022-12-30,Consumer Discretionary,-0.033880757307972145,-0.06544185033436109,-0.05762831673491098,0.031561093026388945
23,2022-11-30,2022-12-30,Consumer Staples,-0.002957301248817157,-0.02729825577111265,-0.05762831673491098,0.024340954522295493
23,2022-11-30,2022-12-30,Energy,-0.12325706839378661,-0.04526667548930622,-0.05762831673491098,-0.0779903929044804
23,2022-11-30,2022-12-30,Financials,-0.02835392173831289,-0.05285242970267808,-0.05762831673491098,0.02449850796436519
23,2022-11-30,2022-12-30,Health Care,-0.03699567530183575,-0.014468111786924193,-0.05762831673491098,-0.02252756351491156
23,2022-11-30,2022-12-30,Industrials,-0.0263136683436174,-0.041003876414516485,-0.05762831673491098,0.014690208070899085
23,2022-11-30,2022-12-30,Information Technology,-0.07233337750251351,-0.07547791408686157,-0.05762831673491098,0.0031445365843480594
23,2022-11-30,2022-12-30,Materials,-0.12799297999559864,-0.06049724527054107,-0.05762831673491098,-0.06749573472505757
23,2022-11-30,2022-12-30,Real Estate,-0.059741323250772575,-0.05911249332295255,-0.05762831673491098,-0.0006288299278200266
23,2022-11-30,2022-12-30,Utilities,-0.0746949034872132,-0.01039977478464827,-0.05762831673491098,-0.06429512870256493
24,2022-12-30,2023-01-31,Communication Services,0.059317819843288745,0.14511961215774333,0.06288730808618315,-0.08580179231445459
24,2022-12-30,2023-01-31,Consumer Discretionary,0.03348219582514378,0.13637266027927863,0.06288730808618315,-0.10289046445413486
24,2022-12-30,2023-01-31,Consumer Staples,-0.0229704115064074,-0.005628546752888056,0.06288730808618315,-0.017341864753519346
24,2022-12-30,2023-01-31,Energy,0.03932810234276718,0.02945703837075764,0.06288730808618315,0.009871063972009538
24,2022-12-30,2023-01-31,Financials,0.02577085317998389,0.08557937568175629,0.06288730808618315,-0.059808522501772404
24,2022-12-30,2023-01-31,Health Care,-0.004390423605363821,0.02850879898957594,0.06288730808618315,-0.03289922259493976
24,2022-12-30,2023-01-31,Industrials,-0.0044286705571246615,0.06795262642159783,0.06288730808618315,-0.07238129697872249
24,2022-12-30,2023-01-31,Information Technology,0.0444535127780161,0.10199523352705053,0.06288730808618315,-0.057541720749034436
24,2022-12-30,2023-01-31,Materials,0.1473877522221712,0.10900731702290747,0.06288730808618315,0.038380435199263735
24,2022-12-30,2023-01-31,Real Estate,0.1013465869946342,0.09574046037675232,0.06288730808618315,0.005606126617881874
24,2022-12-30,2023-01-31,Utilities,0.004642653216703409,-0.0019730473877865554,0.06288730808618315,0.006615700604489964
25,2023-01-31,2023-02-28,Communication Services,-0.017415107035059087,-0.07071580699391695,-0.025142419952954298,0.05330069995885787
25,2023-01-31,2023-02-28,Consumer Discretionary,-0.011015917895061735,-0.03321813733593077,-0.025142419952954298,0.022202219440869038
25,2023-01-31,2023-02-28,Consumer Staples,0.004820451116162007,-0.016944995711585586,-0.025142419952954298,0.021765446827747593
25,2023-01-31,2023-02-28,Energy,-0.04019611507825174,-0.06826472369314197,-0.025142419952954298,0.02806860861489023
25,2023-01-31,2023-02-28,Financials,-0.007061627796097844,-0.027791345650421944,-0.025142419952954298,0.0207297178543241
25,2023-01-31,2023-02-28,Health Care,-0.05266903726798802,-0.042423335527227074,-0.025142419952954298,-0.010245701740760949
25,2023-01-31,2023-02-28,Industrials,0.010202995497817217,-0.007769891826585892,-0.025142419952954298,0.01797288732440311
25,2023-01-31,2023-02-28,Information Technology,-0.015326715285855256,-0.020579114337368278,-0.025142419952954298,0.005252399051513023
25,2023-01-31,2023-02-28,Materials,-0.0012670565700451785,-0.039182100619004304,-0.025142419952954298,0.03791504404895912
25,2023-01-31,2023-02-28,Real Estate,-0.0563840049255976,-0.05312958603927466,-0.025142419952954298,-0.0032544188863229406
25,2023-01-31,2023-02-28,Utilities,-0.06122652619851063,-0.056225012041755514,-0.025142419952954298,-0.005001514156755114
26,2023-02-28,2023-03-31,Communication Services,0.04400586574786782,0.01833002455820641,0.03707760987415787,0.025675841189661413
26,2023-02-28,2023-03-31,Consumer Discretionary,0.0019709374931171863,-0.005870247329536859,0.03707760987415787,0.007841184822654045
26,2023-02-28,2023-03-31,Consumer Staples,0.05889320326646548,0.03364362461399584,0.03707760987415787,0.025249578652469643
26,2023-02-28,2023-03-31,Energy,0.03353048419819077,-0.010048558003281874,0.03707760987415787,0.04357904220147264
26,2023-02-28,2023-03-31,Financials,-0.05372785405489426,-0.1260427604751143,0.03707760987415787,0.07231490642022005
26,2023-02-28,2023-03-31,Health Care,0.016574733207548077,0.019400458737959484,0.03707760987415787,-0.002825725530411407
26,2023-02-28,2023-03-31,Industrials,-0.005724009145897586,-0.0024709235621898718,0.03707760987415787,-0.0032530855837077143
26,2023-02-28,2023-03-31,Information Technology,0.046671553935190256,0.052552607041159854,0.03707760987415787,-0.005881053105969598
26,2023-02-28,2023-03-31,Materials,-0.06493858691461499,-0.0256124311964803,0.03707760987415787,-0.03932615571813469
26,2023-02-28,2023-03-31,Real Estate,0.0032511018827501115,-0.036088769971536205,0.03707760987415787,0.039339871854286314
26,2023-02-28,2023-03-31,Utilities,0.030307094915135054,0.042192174769375174,0.03707760987415787,-0.01188507985424012
27,2023-03-31,2023-04-28,Communication Services,-0.03901490144760272,-0.0060124819116029364,0.015974919031681134,-0.033002419535999784
27,2023-03-31,2023-04-28,Consumer Discretionary,0.04341343845830727,0.015565086673555464,0.015974919031681134,0.02784835178475181
27,2023-03-31,2023-04-28,Consumer Staples,0.028483637213291214,0.03328644849233082,0.015974919031681134,-0.0048028112790396045
27,2023-03-31,2023-04-28,Energy,-0.04737334868835613,0.020764248735146987,0.015974919031681134,-0.06813759742350312
27,2023-03-31,2023-04-28,Financials,0.0339761264293885,0.002547072825866588,0.015974919031681134,0.03142905360352191
27,2023-03-31,2023-04-28,Health Care,0.04376611576300993,0.026887848069731428,0.015974919031681134,0.0168782676932785
27,2023-03-31,2023-04-28,Industrials,-0.00459670460957749,-0.009253742812862674,0.015974919031681134,0.0046570382032851835
27,2023-03-31,2023-04-28,Information Technology,-0.0572671921887938,-0.050034427119076665,0.015974919031681134,-0.007232765069717137
27,2023-03-31,2023-04-28,Materials,-0.04359050580478739,-0.011792363915959139,0.015974919031681134,-0.03179814188882825
27,2023-03-31,2023-04-28,Real Estate,0.025025384820398695,0.016275015327581813,0.015974919031681134,0.008750369492816882
27,2023-03-31,2023-04-28,Utilities,0.017764188482200776,0.01890796063126294,0.015974919031681134,-0.0011437721490621632
28,2023-04-28,2023-05-31,Communication Services,0.04157308291473552,-0.015489580221475526,0.004616200902601619,0.05706266313621105
28,2023-04-28,2023-05-31,Consumer Discretionary,-0.087062305543678,-0.05461220066160468,0.004616200902601619,-0.03245010488207332
28,2023-04-28,2023-05-31,Consumer Staples,-0.03004354854815275,-0.05980300479661098,0.004616200902601619,0.02975945624845823
28,2023-04-28,2023-05-31,Energy,-0.11198832758572366,-0.0901561233436838,0.004616200902601619,-0.021832204242039868
28,2023-04-28,2023-05-31,Financials,-0.07022126770495027,-0.06706510024242417,0.004616200902601619,-0.003156167462526102
28,2023-04-28,2023-05-31,Health Care,-0.05804672784672005,-0.06349344806439608,0.004616200902601619,0.005446720217676032
28,2023-04-28,2023-05-31,Industrials,-0.029277674325253536,-0.026886023338418188,0.004616200902601619,-0.002391650986835348
28,2023-04-28,2023-05-31,Information Technology,0.09967022721813427,0.06504216721925754,0.004616200902601619,0.034628059998876734
28,2023-04-28,2023-05-31,Materials,-0.04639041704188944,-0.07542276696058023,0.004616200902601619,0.02903234991869079
28,2023-04-28,2023-05-31,Real Estate,-0.048869412262711964,-0.04922611006262597,0.004616200902601619,0.00035669779991400613
28,2023-04-28,2023-05-31,Utilities,-0.036514032400066634,-0.057338992982480796,0.004616200902601619,0.020824960582414162
29,2023-05-31,2023-06-30,Communication Services,0.08284961375915229,0.06331521300398595,0.06479971566456366,0.01953440075516634
29,2023-05-31,2023-06-30,Consumer Discretionary,0.10028341379360879,0.12870948729210552,0.06479971566456366,-0.028426073498496726
29,2023-05-31,2023-06-30,Consumer Staples,-0.020045117057815864,0.01638045252971014,0.06479971566456366,-0.036425569587526005
29,2023-05-31,2023-06-30,Energy,0.09772706039159301,0.08614466266196062,0.06479971566456366,0.01158239772963239
29,2023-05-31,2023-06-30,Financials,0.06871733430686727,0.06907791615230854,0.06479971566456366,-0.00036058184544127125
29,2023-05-31,2023-06-30,Health Care,0.07742481445448667,0.06442425082617488,0.06479971566456366,0.013000563628311784
29,2023-05-31,2023-06-30,Industrials,0.130310581326769,0.13311712672334816,0.06479971566456366,-0.002806545396579152
29,2023-05-31,2023-06-30,Information Technology,0.02553102171488959,0.054013728188292164,0.06479971566456366,-0.028482706473402574
29,2023-05-31,2023-06-30,Materials,0.1532484940933289,0.09918967680112445,0.06479971566456366,0.054058817292204464
29,2023-05-31,2023-06-30,Real Estate,0.045679506736652886,0.06921089556179653,0.06479971566456366,-0.023531388825143648
29,2023-05-31,2023-06-30,Utilities,0.04209854364898397,0.0226209885741452,0.06479971566456366,0.01947755507483877
30,2023-06-30,2023-07-31,Communication Services,-0.0291722599054981,0.019970772715599917,0.03273347497692103,-0.049143032621098016
30,2023-06-30,2023-07-31,Consumer Discretionary,0.031932983767053114,0.03391664355768717,0.03273347497692103,-0.001983659790634057
30,2023-06-30,2023-07-31,Consumer Staples,-0.008288634379586698,0.01979149894816764,0.03273347497692103,-0.028080133327754338
30,2023-06-30,2023-07-31,Energy,0.11112643642743486,0.109060971392027,0.03273347497692103,0.0020654650354078596
30,2023-06-30,2023-07-31,Financials,0.0342292435589225,0.06657345228600009,0.03273347497692103,-0.03234420872707759
30,2023-06-30,2023-07-31,Health Care,-0.039794553630219304,0.006889575331305624,0.03273347497692103,-0.04668412896152493
30,2023-06-30,2023-07-31,Industrials,0.013278671893066944,0.024698304109987013,0.03273347497692103,-0.01141963221692007
30,2023-06-30,2023-07-31,Information Technology,0.04360581085498532,0.030460389375276193,0.03273347497692103,0.013145421479709127
30,2023-06-30,2023-07-31,Materials,-0.00037019680140584245,0.052852827420906516,0.03273347497692103,-0.05322302422231236
30,2023-06-30,2023-07-31,Real Estate,0.05081407968020594,0.027079312023401633,0.03273347497692103,0.023734767656804306
30,2023-06-30,2023-07-31,Utilities,0.03754702067627176,0.030856787247095136,0.03273347497692103,0.006690233429176625
31,2023-07-31,2023-08-31,Communication Services,-0.04106580799559012,-0.005689916880938755,-0.016252148865584237,-0.035375891114651364
31,2023-07-31,2023-08-31,Consumer Discretionary,-0.07151589003565162,-0.049586321350754796,-0.016252148865584237,-0.021929568684896823
31,2023-07-31,2023-08-31,Consumer Staples,-0.007514079891101264,-0.052922256996800046,-0.016252148865584237,0.045408177105698784
31,2023-07-31,2023-08-31,Energy,0.031132448028458437,0.01591156888192254,-0.016252148865584237,0.015220879146535898
31,2023-07-31,2023-08-31,Financials,-0.010661451735225709,-0.033533390341151575,-0.016252148865584237,0.022871938605925866
31,2023-07-31,2023-08-31,Health Care,-0.01991596254315487,-0.03006763994254434,-0.016252148865584237,0.01015167739938947
31,2023-07-31,2023-08-31,Industrials,0.00478398434078202,-0.02343336278742901,-0.016252148865584237,0.02821734712821103
31,2023-07-31,2023-08-31,Information Technology,0.006058801759778013,-0.015645459529061028,-0.016252148865584237,0.021704261288839042
31,2023-07-31,2023-08-31,Materials,-0.024421744081449436,-0.03935778643706199,-0.016252148865584237,0.014936042355612553
31,2023-07-31,2023-08-31,Real Estate,-0.050227056337082444,-0.03251037042802651,-0.016252148865584237,-0.017716685909055938
31,2023-07-31,2023-08-31,Utilities,-0.024656075229669186,-0.062138903304458544,-0.016252148865584237,0.03748282807478936
32,2023-08-31,2023-09-29,Communication Services,-0.059653168046339716,-0.05234975055049412,-0.047434402017870525,-0.007303417495845593
32,2023-08-31,2023-09-29,Consumer Discretionary,-0.0881171578398112,-0.0632391333725327,-0.047434402017870525,-0.024878024467278492
32,2023-08-31,2023-09-29,Consumer Staples,-0.0388029199991865,-0.06187122276428576,-0.047434402017870525,0.02306830276509926
32,2023-08-31,2023-09-29,Energy,0.020458204043779016,0.002615331151708649,-0.047434402017870525,0.017842872892070368
32,2023-08-31,2023-09-29,Financials,-0.012528568917843184,-0.028774568918741663,-0.047434402017870525,0.01624600000089848
32,2023-08-31,2023-09-29,Health Care,-0.0786769422639815,-0.05326179729962256,-0.047434402017870525,-0.02541514496435894
32,2023-08-31,2023-09-29,Industrials,-0.06661295668631546,-0.06028055018402562,-0.047434402017870525,-0.00633240650228984
32,2023-08-31,2023-09-29,Information Technology,-0.08496129402163714,-0.05470804913341512,-0.047434402017870525,-0.030253244888222022
32,2023-08-31,2023-09-29,Materials,-0.03895141025404933,-0.05494990515188884,-0.047434402017870525,0.015998494897839513
32,2023-08-31,2023-09-29,Real Estate,-0.044298626461207385,-0.071714311611564,-0.047434402017870525,0.02741568515035661
32,2023-08-31,2023-09-29,Utilities,-0.0364528880983627,-0.0496992430540277,-0.047434402017870525,0.013246354955665
33,2023-09-29,2023-10-31,Communication Services,-0.013259035274478609,-0.01645635391265686,-0.02170866129106286,0.003197318638178251
33,2023-09-29,2023-10-31,Consumer Discretionary,-0.07126050022598004,-0.07024210091017047,-0.02170866129106286,-0.001018399315809576
33,2023-09-29,2023-10-31,Consumer Staples,-0.029705336722169413,-0.02889024303529644,-0.02170866129106286,-0.0008150936868729745
33,2023-09-29,2023-10-31,Energy,-0.025000220518153204,-0.01971495777469815,-0.02170866129106286,-0.005285262743455053
33,2023-09-29,2023-10-31,Financials,-0.01616027445928912,-0.02603409488992699,-0.02170866129106286,0.009873820430637871
33,2023-09-29,2023-10-31,Health Care,-0.06955704720135156,-0.07018337369078687,-0.02170866129106286,0.0006263264894353082
33,2023-09-29,2023-10-31,Industrials,-0.06098126340015726,-0.03546754205212762,-0.02170866129106286,-0.025513721348029643
33,2023-09-29,2023-10-31,Information Technology,-0.029326849553206344,-0.052005956135276366,-0.02170866129106286,0.02267910658207002
33,2023-09-29,2023-10-31,Materials,-0.029680900470107897,-0.049923596117911515,-0.02170866129106286,0.020242695647803618
33,2023-09-29,2023-10-31,Real Estate,0.00041857382952048506,-0.036177647795714106,-0.02170866129106286,0.03659622162523459
33,2023-09-29,2023-10-31,Utilities,0.026762543674183827,0.012703384993741733,-0.02170866129106286,0.014059158680442094
34,2023-10-31,2023-11-30,Communication Services,0.05933261220437053,0.07582838099707362,0.09134377913416314,-0.01649576879270309
34,2023-10-31,2023-11-30,Consumer Discretionary,0.16488298949440847,0.10574291733519521,0.09134377913416314,0.059140072159213256
34,2023-10-31,2023-11-30,Consumer Staples,0.05167278104511592,0.04754160249145799,0.09134377913416314,0.004131178553657931
34,2023-10-31,2023-11-30,Energy,0.04999874101757529,-0.007770517386968019,0.09134377913416314,0.057769258404543306
34,2023-10-31,2023-11-30,Financials,0.08192298830774848,0.11668468778652609,0.09134377913416314,-0.03476169947877761
34,2023-10-31,2023-11-30,Health Care,0.1271451203007739,0.08603299745653505,0.09134377913416314,0.04111212284423886
34,2023-10-31,2023-11-30,Industrials,0.13119916874985676,0.09609773083001553,0.09134377913416314,0.03510143791984123
34,2023-10-31,2023-11-30,Information Technology,0.16308832194408654,0.13768034768964985,0.09134377913416314,0.025407974254436694
34,2023-10-31,2023-11-30,Materials,0.08917344556058082,0.085445036769814,0.09134377913416314,0.0037284087907668156
34,2023-10-31,2023-11-30,Real Estate,0.10243546501743594,0.10763839320828192,0.09134377913416314,-0.0052029281908459735
34,2023-10-31,2023-11-30,Utilities,0.04637980242694717,0.05922293197596877,0.09134377913416314,-0.0128431295490216
35,2023-11-30,2023-12-29,Communication Services,0.04472898281853804,0.046342574791881815,0.045655395822552514,-0.0016135919733437712
35,2023-11-30,2023-12-29,Consumer Discretionary,0.13894854499472617,0.105202798523458,0.045655395822552514,0.03374574647126817
35,2023-11-30,2023-12-29,Consumer Staples,0.011774242299846204,0.042381896210782144,0.045655395822552514,-0.03060765391093594
35,2023-11-30,2023-12-29,Energy,-0.0070160893050581485,-0.0023802988604795334,0.045655395822552514,-0.004635790444578615
35,2023-11-30,2023-12-29,Financials,-0.02178887753799527,0.07380491605708558,0.045655395822552514,-0.09559379359508086
35,2023-11-30,2023-12-29,Health Care,0.02948132041323855,0.0861720302988192,0.045655395822552514,-0.056690709885580656
35,2023-11-30,2023-12-29,Industrials,0.05900178991625565,0.07432398954968772,0.045655395822552514,-0.015322199633432072
35,2023-11-30,2023-12-29,Information Technology,0.05503490128077497,0.08234554077982717,0.045655395822552514,-0.0273106394990522
35,2023-11-30,2023-12-29,Materials,0.016761818514865738,0.06120782921616647,0.045655395822552514,-0.044446010701300734
35,2023-11-30,2023-12-29,Real Estate,0.05740561691141475,0.10347411942162471,0.045655395822552514,-0.04606850251020996
35,2023-11-30,2023-12-29,Utilities,0.005333866858675411,0.020235871741088533,0.045655395822552514,-0.014902004882413122
36,2023-12-29,2024-01-31,Communication Services,0.07293470665399221,0.031846204715963146,0.015926387624813243,0.041088501938029064
36,2023-12-29,2024-01-31,Consumer Discretionary,-0.03145585046448939,-0.02235574616860768,0.015926387624813243,-0.009100104295881713
36,2023-12-29,2024-01-31,Consumer Staples,-0.008324353280241375,-0.008862221032019856,0.015926387624813243,0.0005378677517784806
36,2023-12-29,2024-01-31,Energy,0.02486914128579626,-0.02184257704685139,0.015926387624813243,0.046711718332647645
36,2023-12-29,2024-01-31,Financials,0.04041987090533548,0.015108340183857927,0.015926387624813243,0.02531153072147755
36,2023-12-29,2024-01-31,Health Care,0.06662445509923044,0.01094639256306132,0.015926387624813243,0.05567806253616912
36,2023-12-29,2024-01-31,Industrials,0.015582028280107928,-0.007360920924578938,0.015926387624813243,0.022942949204686865
36,2023-12-29,2024-01-31,Information Technology,0.07075451087713827,0.0046632605631207,0.015926387624813243,0.06609125031401757
36,2023-12-29,2024-01-31,Materials,0.010451885051179222,-0.04549891893520191,0.015926387624813243,0.05595080398638113
36,2023-12-29,2024-01-31,Real Estate,-0.008202389298054558,-0.0478425112400008,0.015926387624813243,0.039640121941946244
36,2023-12-29,2024-01-31,Utilities,-0.018595869269543888,-0.032428036977748285,0.015926387624813243,0.013832167708204397
37,2024-01-31,2024-02-29,Communication Services,0.030634242927746913,-0.017039489804007414,0.05218689736756654,0.04767373273175433
37,2024-01-31,2024-02-29,Consumer Discretionary,0.0417467944973123,0.0667147056167668,0.05218689736756654,-0.024967911119454504
37,2024-01-31,2024-02-29,Consumer Staples,0.029323303569675697,0.023314374149171244,0.05218689736756654,0.006008929420504454
37,2024-01-31,2024-02-29,Energy,0.05803475623730653,0.04057932402012154,0.05218689736756654,0.017455432217184985
37,2024-01-31,2024-02-29,Financials,0.04255973115173692,0.027463047284147526,0.05218689736756654,0.015096683867589392
37,2024-01-31,2024-02-29,Health Care,0.033353974915517795,0.0254958564318436,0.05218689736756654,0.007858118483674195
37,2024-01-31,2024-02-29,Industrials,0.12832598870474532,0.07312326660048905,0.05218689736756654,0.055202722104256266
37,2024-01-31,2024-02-29,Information Technology,0.07408145764441484,0.055073709101207395,0.05218689736756654,0.01900774854320745
37,2024-01-31,2024-02-29,Materials,0.10323042325364079,0.05887315314681855,0.05218689736756654,0.04435727010682224
37,2024-01-31,2024-02-29,Real Estate,0.06423552316765169,0.01352093174560388,0.05218689736756654,0.0507145914220478
37,2024-01-31,2024-02-29,Utilities,0.07911513877359147,0.014050126382773028,0.05218689736756654,0.06506501239081844
38,2024-02-29,2024-03-28,Communication Services,0.04434405327900226,0.03135906366001997,0.03270183654877368,0.012984989618982291
38,2024-02-29,2024-03-28,Consumer Discretionary,0.051782084110621046,0.03019551398117708,0.03270183654877368,0.021586570129443965
38,2024-02-29,2024-03-28,Consumer Staples,0.02280923089255214,0.044640270391518466,0.03270183654877368,-0.021831039498966327
38,2024-02-29,2024-03-28,Energy,0.14090147114706036,0.11374575646597979,0.03270183654877368,0.02715571468108058
38,2024-02-29,2024-03-28,Financials,0.033060008661152274,0.05781009818743902,0.03270183654877368,-0.024750089526286746
38,2024-02-29,2024-03-28,Health Care,0.03568300405095638,0.03234799874171821,0.03270183654877368,0.003335005309238172
38,2024-02-29,2024-03-28,Industrials,0.05796805244491259,0.0427033904423159,0.03270183654877368,0.015264662002596692
38,2024-02-29,2024-03-28,Information Technology,-0.0036033593100365255,0.022958486470805603,0.03270183654877368,-0.026561845780842128
38,2024-02-29,2024-03-28,Materials,0.059790367663608596,0.07372974624678966,0.03270183654877368,-0.013939378583181061
38,2024-02-29,2024-03-28,Real Estate,0.006232230726367211,0.03323626076783913,0.03270183654877368,-0.027004030041471918
38,2024-02-29,2024-03-28,Utilities,0.08328468460138705,0.06359502213711139,0.03270183654877368,0.019689662464275656
39,2024-03-28,2024-04-30,Communication Services,-0.09787236297741295,-0.05978045132714722,-0.04031945384304858,-0.03809191165026573
39,2024-03-28,2024-04-30,Consumer Discretionary,-0.0680254528536767,-0.07117989064206284,-0.04031945384304858,0.003154437788386144
39,2024-03-28,2024-04-30,Consumer Staples,-0.023979550244450403,-0.025490747237244905,-0.04031945384304858,0.0015111969927945022
39,2024-03-28,2024-04-30,Energy,-0.045351095289438204,-0.015824613285161767,-0.04031945384304858,-0.029526482004276437
39,2024-03-28,2024-04-30,Financials,-0.046835412467342456,-0.05723759684774571,-0.04031945384304858,0.010402184380403252
39,2024-03-28,2024-04-30,Health Care,-0.037262803231674024,-0.0639411999406651,-0.04031945384304858,0.02667839670899108
39,2024-03-28,2024-04-30,Industrials,-0.04154552577268913,-0.04661235568535253,-0.04031945384304858,0.005066829912663405
39,2024-03-28,2024-04-30,Information Technology,-0.06349363408419201,-0.05828688466397731,-0.04031945384304858,-0.0052067494202147
39,2024-03-28,2024-04-30,Materials,-0.07197192728608423,-0.04836592241592956,-0.04031945384304858,-0.02360600487015467
39,2024-03-28,2024-04-30,Real Estate,-0.048726438280385455,-0.054116953410490956,-0.04031945384304858,0.005390515130105501
39,2024-03-28,2024-04-30,Utilities,0.01939290958028015,0.011044817621412328,-0.04031945384304858,0.008348091958867822
40,2024-04-30,2024-05-31,Communication Services,0.11021922845715815,0.07203371904805832,0.05057947229540938,0.03818550940909983
40,2024-04-30,2024-05-31,Consumer Discretionary,0.06449499553994811,0.019622627119626392,0.05057947229540938,0.04487236842032172
40,2024-04-30,2024-05-31,Consumer Staples,0.017039618128230738,-0.010684198510143383,0.05057947229540938,0.027723816638374123
40,2024-04-30,2024-05-31,Energy,0.000746718500948762,0.0027537237751062596,0.05057947229540938,-0.0020070052741574976
40,2024-04-30,2024-05-31,Financials,0.02384906558563256,0.027276212112315373,0.05057947229540938,-0.0034271465266828144
40,2024-04-30,2024-05-31,Health Care,-0.009404753270740123,0.01844570559784105,0.05057947229540938,-0.027850458868581174
40,2024-04-30,2024-05-31,Industrials,0.030674939376286632,0.00985303297539902,0.05057947229540938,0.020821906400887612
40,2024-04-30,2024-05-31,Information Technology,0.08840117361237007,0.04822558554838114,0.05057947229540938,0.04017558806398893
40,2024-04-30,2024-05-31,Materials,0.007164057575812732,0.05166419923036321,0.05057947229540938,-0.044500141654550476
40,2024-04-30,2024-05-31,Real Estate,0.01824247328740386,0.03588096796721982,0.05057947229540938,-0.017638494679815958
40,2024-04-30,2024-05-31,Utilities,0.08230711291545147,0.06539869630815148,0.05057947229540938,0.016908416607299984
41,2024-05-31,2024-06-28,Communication Services,0.051718987715122344,0.0005007087402307416,0.03528010090612543,0.051218278974891604
41,2024-05-31,2024-06-28,Consumer Discretionary,0.009303553805055351,-0.0009459693994226226,0.03528010090612543,0.010249523204477974
41,2024-05-31,2024-06-28,Consumer Staples,-0.0012247853517451147,-0.030162500790288937,0.03528010090612543,0.028937715438543822
41,2024-05-31,2024-06-28,Energy,0.01739076710913412,-0.008521727449141148,0.03528010090612543,0.025912494558275267
41,2024-05-31,2024-06-28,Financials,-0.018106904557558437,-0.00626186914200764,0.03528010090612543,-0.011845035415550797
41,2024-05-31,2024-06-28,Health Care,0.0024419993757626626,-0.004082880119317162,0.03528010090612543,0.006524879495079824
41,2024-05-31,2024-06-28,Industrials,-0.028306633101757656,-0.01248367069953731,0.03528010090612543,-0.015822962402220343
41,2024-05-31,2024-06-28,Information Technology,0.0863665739200667,0.05300826348832715,0.03528010090612543,0.033358310431739556
41,2024-05-31,2024-06-28,Materials,-0.05404050272668482,-0.0470922751237548,0.03528010090612543,-0.00694822760293002
41,2024-05-31,2024-06-28,Real Estate,0.03967400477778989,0.02559773026694827,0.03528010090612543,0.014076274510841615
41,2024-05-31,2024-06-28,Utilities,-0.057870531751419055,-0.046479773623931804,0.03528010090612543,-0.01139075812748725
42,2024-06-28,2024-07-31,Communication Services,-0.06036849898098595,0.050254438077482796,0.012109347373465695,-0.11062293705846875
42,2024-06-28,2024-07-31,Consumer Discretionary,-0.02507273331283965,0.02116516030258727,0.012109347373465695,-0.04623789361542692
42,2024-06-28,2024-07-31,Consumer Staples,0.02406704939443189,0.019177487400030085,0.012109347373465695,0.0048895619944018046
42,2024-06-28,2024-07-31,Energy,0.02947664760215407,0.018047586426998937,0.012109347373465695,0.011429061175155134
42,2024-06-28,2024-07-31,Financials,0.08831201346407083,0.07850303099252232,0.012109347373465695,0.009808982471548516
42,2024-06-28,2024-07-31,Health Care,0.027486298723294153,0.04901441571206848,0.012109347373465695,-0.021528116988774326
42,2024-06-28,2024-07-31,Industrials,0.04873705204982534,0.06236849199343735,0.012109347373465695,-0.01363143994361201
42,2024-06-28,2024-07-31,Information Technology,-0.0703583782169675,0.0015996826626998506,0.012109347373465695,-0.07195806087966734
42,2024-06-28,2024-07-31,Materials,0.037606809839900814,0.043343017330665354,0.012109347373465695,-0.00573620749076454
42,2024-06-28,2024-07-31,Real Estate,0.0336651665225145,0.06617060359880174,0.012109347373465695,-0.03250543707628724
42,2024-06-28,2024-07-31,Utilities,0.015155622558258697,0.0695528961492136,0.012109347373465695,-0.054397273590954906
43,2024-07-31,2024-08-30,Communication Services,0.06856317224638092,0.012882414204324798,0.023365395566053992,0.05568075804205612
43,2024-07-31,2024-08-30,Consumer Discretionary,0.01625292932224446,0.011626052234657826,0.023365395566053992,0.004626877087586634
43,2024-07-31,2024-08-30,Consumer Staples,0.07538764492954338,0.029212958915651215,0.023365395566053992,0.04617468601389216
43,2024-07-31,2024-08-30,Energy,0.009954892897593853,-0.02184611362677002,0.023365395566053992,0.03180100652436388
43,2024-07-31,2024-08-30,Financials,0.05058198676804147,0.04054892516489898,0.023365395566053992,0.01003306160314249
43,2024-07-31,2024-08-30,Health Care,0.06708275301350607,0.02711293740108538,0.023365395566053992,0.03996981561242069
43,2024-07-31,2024-08-30,Industrials,0.05072062544936089,0.022761168496561113,0.023365395566053992,0.027959456952799774
43,2024-07-31,2024-08-30,Information Technology,-0.014376695967382417,0.009781652211231494,0.023365395566053992,-0.02415834817861391
43,2024-07-31,2024-08-30,Materials,-0.0008988426844287051,0.013406083790023606,0.023365395566053992,-0.014304926474452312
43,2024-07-31,2024-08-30,Real Estate,0.08220180850142907,0.06462378869402201,0.023365395566053992,0.017578019807407058
43,2024-07-31,2024-08-30,Utilities,0.06027788979950144,0.047131037817679036,0.023365395566053992,0.013146851981822402
44,2024-08-30,2024-09-30,Communication Services,0.06359832404519189,0.021673356121321274,0.02100478000185002,0.04192496792387061
44,2024-08-30,2024-09-30,Consumer Discretionary,0.04231559441493062,0.05642028978404748,0.02100478000185002,-0.014104695369116856
44,2024-08-30,2024-09-30,Consumer Staples,0.009826496535210994,0.01243839832984747,0.02100478000185002,-0.0026119017946364762
44,2024-08-30,2024-09-30,Energy,-0.028540049003686035,-0.0396344890286489,0.02100478000185002,0.011094440024962862
44,2024-08-30,2024-09-30,Financials,0.003580025570338224,0.007522317398641569,0.02100478000185002,-0.003942291828303345
44,2024-08-30,2024-09-30,Health Care,-0.02090060910065002,-0.0032459664270184023,0.02100478000185002,-0.017654642673631617
44,2024-08-30,2024-09-30,Industrials,0.04440412447203967,0.0372741524149419,0.02100478000185002,0.007129972057097769
44,2024-08-30,2024-09-30,Information Technology,0.025977693716900254,0.01755033804528695,0.02100478000185002,0.008427355671613304
44,2024-08-30,2024-09-30,Materials,0.019681563230811563,0.028497225819427246,0.02100478000185002,-0.008815662588615682
44,2024-08-30,2024-09-30,Real Estate,0.046712581003737014,0.027666721483471813,0.02100478000185002,0.0190458595202652
44,2024-08-30,2024-09-30,Utilities,0.15542060059246066,0.06709335727496861,0.02100478000185002,0.08832724331749205
45,2024-09-30,2024-10-31,Communication Services,0.040532533634274726,0.016572668064146326,-0.008923538767323325,0.0239598655701284
45,2024-09-30,2024-10-31,Consumer Discretionary,-0.013310882831337568,-0.02024159263841655,-0.008923538767323325,0.006930709807078984
45,2024-09-30,2024-10-31,Consumer Staples,0.0043088947304241254,-0.0426830168296606,-0.008923538767323325,0.046991911560084726
45,2024-09-30,2024-10-31,Energy,0.1165006612645868,0.011090931692390974,-0.008923538767323325,0.10540972957219583
45,2024-09-30,2024-10-31,Financials,0.00905132537934292,0.02463781695789672,-0.008923538767323325,-0.0155864915785538
45,2024-09-30,2024-10-31,Health Care,-0.04767717407113831,-0.05715392103240205,-0.008923538767323325,0.009476746961263736
45,2024-09-30,2024-10-31,Industrials,-0.016885443743173845,-0.0057035882518462686,-0.008923538767323325,-0.011181855491327577
45,2024-09-30,2024-10-31,Information Technology,0.0033141430479002656,-0.03397251133020125,-0.008923538767323325,0.03728665437810152
45,2024-09-30,2024-10-31,Materials,-0.05155708604691405,-0.02325758914580637,-0.008923538767323325,-0.028299496901107682
45,2024-09-30,2024-10-31,Real Estate,0.013692626979499873,-0.02989881186791109,-0.008923538767323325,0.043591438847410964
45,2024-09-30,2024-10-31,Utilities,-0.007941649767799243,-0.009304331269147755,-0.008923538767323325,0.0013626815013485123
46,2024-10-31,2024-11-29,Communication Services,0.0807286655171579,0.08775118057042039,0.059633528495518506,-0.007022515053262485
46,2024-10-31,2024-11-29,Consumer Discretionary,0.09537993534861314,0.08331795387039027,0.059633528495518506,0.012061981478222863
46,2024-10-31,2024-11-29,Consumer Staples,0.032337278850435025,0.028378088462596467,0.059633528495518506,0.003959190387838558
46,2024-10-31,2024-11-29,Energy,0.16979442832820485,0.09201277832344629,0.059633528495518506,0.07778165000475856
46,2024-10-31,2024-11-29,Financials,0.12570406240804244,0.1003126640324214,0.059633528495518506,0.025391398375621044
46,2024-10-31,2024-11-29,Health Care,0.0484922031168909,0.025008105662406056,0.059633528495518506,0.02348409745448484
46,2024-10-31,2024-11-29,Industrials,0.10587534474032309,0.07978190138544543,0.059633528495518506,0.026093443354877663
46,2024-10-31,2024-11-29,Information Technology,0.08613630584866774,0.05734507585044289,0.059633528495518506,0.02879122999822485
46,2024-10-31,2024-11-29,Materials,0.022444337665253576,0.005949342320238966,0.059633528495518506,0.01649499534501461
46,2024-10-31,2024-11-29,Real Estate,0.04606230872221474,0.04699965260178188,0.059633528495518506,-0.0009373438795671346
46,2024-10-31,2024-11-29,Utilities,0.07291884910488916,0.045146531926609994,0.059633528495518506,0.027772317178279167
47,2024-11-29,2024-12-31,Communication Services,-0.024396577946525444,-0.036379967488270416,-0.024060167943021127,0.011983389541744972
47,2024-11-29,2024-12-31,Consumer Discretionary,-0.059828408980350176,-0.04046844727334597,-0.024060167943021127,-0.019359961707004207
47,2024-11-29,2024-12-31,Consumer Staples,-0.049394859528755206,-0.04547355080804686,-0.024060167943021127,-0.0039213087207083455
47,2024-11-29,2024-12-31,Energy,-0.13308526308921337,-0.09288296218682643,-0.024060167943021127,-0.04020230090238694
47,2024-11-29,2024-12-31,Financials,-0.07080840525652753,-0.06612939684898361,-0.024060167943021127,-0.004679008407543914
47,2024-11-29,2024-12-31,Health Care,-0.05917066149447928,-0.05900811860650585,-0.024060167943021127,-0.00016254288797343253
47,2024-11-29,2024-12-31,Industrials,-0.08726122880817078,-0.08403959000671764,-0.024060167943021127,-0.003221638801453139
47,2024-11-29,2024-12-31,Information Technology,0.0044963583940435346,-0.03244887651257343,-0.024060167943021127,0.03694523490661696
47,2024-11-29,2024-12-31,Materials,-0.06982049893676982,-0.10714777700426688,-0.024060167943021127,0.037327278067497055
47,2024-11-29,2024-12-31,Real Estate,-0.08342127872372669,-0.08075418497886046,-0.024060167943021127,-0.0026670937448662335
47,2024-11-29,2024-12-31,Utilities,-0.0896639399078493,-0.07176153275448136,-0.024060167943021127,-0.01790240715336794
48,2024-12-31,2025-01-31,Communication Services,0.09724103967893444,0.03505277716729488,0.026856237114439407,0.06218826251163956
48,2024-12-31,2025-01-31,Consumer Discretionary,0.028220634151830393,0.026554799652650618,0.026856237114439407,0.0016658344991797754
48,2024-12-31,2025-01-31,Consumer Staples,0.035728109719200804,-0.01633563552731549,0.026856237114439407,0.052063745246516295
48,2024-12-31,2025-01-31,Energy,0.06787248867351245,0.03737501640547305,0.026856237114439407,0.0304974722680394
48,2024-12-31,2025-01-31,Financials,0.07095876922090663,0.051075321346990596,0.026856237114439407,0.019883447873916035
48,2024-12-31,2025-01-31,Health Care,0.06986046216336642,0.06654848586352038,0.026856237114439407,0.003311976299846031
48,2024-12-31,2025-01-31,Industrials,0.07470189459104942,0.04083446075388631,0.026856237114439407,0.03386743383716311
48,2024-12-31,2025-01-31,Information Technology,0.013008147563252396,0.032499510019959495,0.026856237114439407,-0.0194913624567071
48,2024-12-31,2025-01-31,Materials,0.032692945000571495,0.04950178167407143,0.026856237114439407,-0.016808836673499937
48,2024-12-31,2025-01-31,Real Estate,0.018547391184733454,0.0062805321805940615,0.026856237114439407,0.012266859004139392
48,2024-12-31,2025-01-31,Utilities,0.12799276216908462,0.018460838983544475,0.026856237114439407,0.10953192318554014
49,2025-01-31,2025-02-28,Communication Services,0.05285987157477398,0.02645023968783689,-0.012694736490194702,0.026409631886937093
49,2025-01-31,2025-02-28,Consumer Discretionary,-0.05650483825961554,-0.008991421303274981,-0.012694736490194702,-0.04751341695634056
49,2025-01-31,2025-02-28,Consumer Staples,0.05635281643353367,0.03525338121413363,-0.012694736490194702,0.02109943521940004
49,2025-01-31,2025-02-28,Energy,0.043012065535213306,0.024015907586810284,-0.012694736490194702,0.018996157948403022
49,2025-01-31,2025-02-28,Financials,-0.04752568481205334,-0.0036086350777197592,-0.012694736490194702,-0.04391704973433358
49,2025-01-31,2025-02-28,Health Care,0.015399875332931613,-0.030611947122841106,-0.012694736490194702,0.04601182245577272
49,2025-01-31,2025-02-28,Industrials,-0.04183645572029488,-0.024138061734711586,-0.012694736490194702,-0.017698393985583295
49,2025-01-31,2025-02-28,Information Technology,-0.05277251135041021,-0.035586723906024326,-0.012694736490194702,-0.017185787444385883
49,2025-01-31,2025-02-28,Materials,0.008337807309941605,-0.0346481124970689,-0.012694736490194702,0.042985919807010504
49,2025-01-31,2025-02-28,Real Estate,0.03284547360689657,0.03785723772816753,-0.012694736490194702,-0.0050117641212709604
49,2025-01-31,2025-02-28,Utilities,-0.029077399104423324,0.04249252652904433,-0.012694736490194702,-0.07156992563346766
50,2025-02-28,2025-03-31,Communication Services,-0.042717840737185236,-0.023678803058250243,-0.055719310915015474,-0.019039037678934993
50,2025-02-28,2025-03-31,Consumer Discretionary,-0.11627571033208055,-0.07695343618458164,-0.055719310915015474,-0.039322274147498906
50,2025-02-28,2025-03-31,Consumer Staples,-0.002540516833866786,0.012134310302005177,-0.055719310915015474,-0.014674827135871963
50,2025-02-28,2025-03-31,Energy,0.0029723138927321147,0.019631188300640864,-0.055719310915015474,-0.01665887440790875
50,2025-02-28,2025-03-31,Financials,-0.10035372554624554,-0.03706898353896722,-0.055719310915015474,-0.06328474200727832
50,2025-02-28,2025-03-31,Health Care,-0.04555403776098779,-0.017967535014129194,-0.055719310915015474,-0.027586502746858598
50,2025-02-28,2025-03-31,Industrials,-0.07674879899199576,-0.03598235124345115,-0.055719310915015474,-0.040766447748544606
50,2025-02-28,2025-03-31,Information Technology,-0.08912209978173058,-0.07803809126369288,-0.055719310915015474,-0.011084008518037702
50,2025-02-28,2025-03-31,Materials,-0.023886255528733025,-0.025517919559377242,-0.055719310915015474,0.0016316640306442177
50,2025-02-28,2025-03-31,Real Estate,-0.03379078978845012,-0.022303017055165762,-0.055719310915015474,-0.011487772733284357
50,2025-02-28,2025-03-31,Utilities,-0.07111650796287028,0.011469923945786461,-0.055719310915015474,-0.08258643190865674
51,2025-03-31,2025-04-30,Communication Services,-0.06276442725835493,-0.015951434139653803,-0.008670167189955835,-0.04681299311870113
51,2025-03-31,2025-04-30,Consumer Discretionary,-0.013108495180844707,-0.01979837632544317,-0.008670167189955835,0.006689881144598462
51,2025-03-31,2025-04-30,Consumer Staples,0.0439284371147171,-0.011789271205467078,-0.008670167189955835,0.055717708320184176
51,2025-03-31,2025-04-30,Energy,-0.06449815567539177,-0.1417190888828072,-0.008670167189955835,0.07722093320741544
51,2025-03-31,2025-04-30,Financials,-0.028483005912408807,-0.0392578470221397,-0.008670167189955835,0.010774841109730891
51,2025-03-31,2025-04-30,Health Care,0.01915528693480962,-0.036736259776407584,-0.008670167189955835,0.0558915467112172
51,2025-03-31,2025-04-30,Industrials,0.007642616184012871,-0.005743837928189317,-0.008670167189955835,0.013386454112202188
51,2025-03-31,2025-04-30,Information Technology,0.0533098159953435,0.010067519009000218,-0.008670167189955835,0.043242296986343284
51,2025-03-31,2025-04-30,Materials,-0.040706126110299584,-0.029859420580377976,-0.008670167189955835,-0.010846705529921608
51,2025-03-31,2025-04-30,Real Estate,-0.03326561109138415,-0.026543552989010136,-0.008670167189955835,-0.006722058102374015
51,2025-03-31,2025-04-30,Utilities,0.032371835446443856,0.0004740896820312309,-0.008670167189955835,0.03189774576441262
52,2025-04-30,2025-05-30,Communication Services,0.06528402229962532,0.04351376909091124,0.06284494004729191,0.021770253208714084
52,2025-04-30,2025-05-30,Consumer Discretionary,0.1127838832215395,0.058030199110827796,0.06284494004729191,0.0547536841107117
52,2025-04-30,2025-05-30,Consumer Staples,0.015923407845056935,-0.0004540471921516672,0.06284494004729191,0.016377455037208603
52,2025-04-30,2025-05-30,Energy,-0.0280658499515804,0.029444746896054207,0.06284494004729191,-0.05751059684763461
52,2025-04-30,2025-05-30,Financials,0.02298645859582265,0.05237418306107002,0.06284494004729191,-0.029387724465247372
52,2025-04-30,2025-05-30,Health Care,0.025001143037144926,-0.0021522571042661438,0.06284494004729191,0.02715340014141107
52,2025-04-30,2025-05-30,Industrials,0.11083725210882352,0.07391376411076579,0.06284494004729191,0.036923487998057725
52,2025-04-30,2025-05-30,Information Technology,0.025738034878266446,0.08466678576959531,0.06284494004729191,-0.05892875089132887
52,2025-04-30,2025-05-30,Materials,0.050403306544341483,0.027988176737304547,0.06284494004729191,0.022415129807036936
52,2025-04-30,2025-05-30,Real Estate,-0.018450060382442734,0.010359560508900566,0.06284494004729191,-0.0288096208913433
52,2025-04-30,2025-05-30,Utilities,0.032487603665700394,0.031049489462302245,0.06284494004729191,0.0014381142033981498
53,2025-05-30,2025-06-30,Communication Services,0.08319075109402568,0.05858388254970487,0.05138634041474788,0.024606868544320815
53,2025-05-30,2025-06-30,Consumer Discretionary,0.05237956384765501,0.03400279447491088,0.05138634041474788,0.018376769372744135
53,2025-05-30,2025-06-30,Consumer Staples,-0.022898858534304213,-0.014692669961657958,0.05138634041474788,-0.008206188572646255
53,2025-05-30,2025-06-30,Energy,0.03677692827985132,0.043692611688850594,0.05138634041474788,-0.006915683408999271
53,2025-05-30,2025-06-30,Financials,-0.0023974738984370364,0.04369417420465093,0.05138634041474788,-0.04609164810308797
53,2025-05-30,2025-06-30,Health Care,0.015585783161430401,0.025058260052144177,0.05138634041474788,-0.009472476890713776
53,2025-05-30,2025-06-30,Industrials,0.014636695972571665,0.02680354564852263,0.05138634041474788,-0.012166849675950964
53,2025-05-30,2025-06-30,Information Technology,0.061378758369921675,0.09057145804826164,0.05138634041474788,-0.029192699678339963
53,2025-05-30,2025-06-30,Materials,0.02814568585026931,0.02526052618797063,0.05138634041474788,0.0028851596622986794
53,2025-05-30,2025-06-30,Real Estate,0.010280099077072485,0.00520052534329737,0.05138634041474788,0.005079573733775115
53,2025-05-30,2025-06-30,Utilities,0.002201765589021262,-0.004023443092448115,0.05138634041474788,0.006225208681469377
54,2025-06-30,2025-07-31,Communication Services,-0.04802631644790256,-0.018518861738636993,0.0230314465165391,-0.02950745470926557
54,2025-06-30,2025-07-31,Consumer Discretionary,0.0594124054344257,0.03265279710232652,0.0230314465165391,0.02675960833209918
54,2025-06-30,2025-07-31,Consumer Staples,-0.013922082167009582,0.0060554818364709625,0.0230314465165391,-0.019977564003480545
54,2025-06-30,2025-07-31,Energy,-0.06073316588044811,0.018755321494018307,0.0230314465165391,-0.07948848737446641
54,2025-06-30,2025-07-31,Financials,0.012008506542619115,0.002965062231393168,0.0230314465165391,0.009043444311225947
54,2025-06-30,2025-07-31,Health Care,-0.043830539608714095,-0.043320079143305164,0.0230314465165391,-0.0005104604654089309
54,2025-06-30,2025-07-31,Industrials,0.03296531953979601,0.030437180048922017,0.0230314465165391,0.0025281394908739964
54,2025-06-30,2025-07-31,Information Technology,0.0160374771332032,0.015113042062694496,0.0230314465165391,0.0009244350705087043
54,2025-06-30,2025-07-31,Materials,-0.0012997936236761147,0.0012388161810542458,0.0230314465165391,-0.0025386098047303603
54,2025-06-30,2025-07-31,Real Estate,0.0325671353204463,-0.007707294294046302,0.0230314465165391,0.0402744296144926
54,2025-06-30,2025-07-31,Utilities,0.06483333573209478,0.05433615086733186,0.0230314465165391,0.01049718486476292
55,2025-07-31,2025-08-29,Communication Services,0.0862348407699704,0.038117540697615936,0.020519484044039027,0.048117300072354464
55,2025-07-31,2025-08-29,Consumer Discretionary,0.04415569186140092,0.06639435856569648,0.020519484044039027,-0.022238666704295557
55,2025-07-31,2025-08-29,Consumer Staples,0.018873104030469903,0.012337254105154443,0.020519484044039027,0.0065358499253154595
55,2025-07-31,2025-08-29,Energy,-0.04192535599762087,0.032212768980416126,0.020519484044039027,-0.074138124978037
55,2025-07-31,2025-08-29,Financials,0.006273532469885124,0.029486063275632957,0.020519484044039027,-0.02321253080574783
55,2025-07-31,2025-08-29,Health Care,0.028679062067140455,0.05763560154169145,0.020519484044039027,-0.028956539474550996
55,2025-07-31,2025-08-29,Industrials,0.0015729557256816476,0.014316305745745855,0.020519484044039027,-0.012743350020064208
55,2025-07-31,2025-08-29,Information Technology,-0.031875058414961244,0.0072390056201423825,0.020519484044039027,-0.039114064035103625
55,2025-07-31,2025-08-29,Materials,0.030247458737529657,0.04389335152007267,0.020519484044039027,-0.013645892782543013
55,2025-07-31,2025-08-29,Real Estate,0.027939566030141246,0.030253757953868827,0.020519484044039027,-0.0023141919237275807
55,2025-07-31,2025-08-29,Utilities,-0.06341332142875983,-0.006826337805949641,0.020519484044039027,-0.056586983622810186
56,2025-08-29,2025-09-30,Communication Services,0.16159408006529746,0.06418787605472935,0.0356204341862445,0.09740620401056811
56,2025-08-29,2025-09-30,Consumer Discretionary,0.053350344827378514,-0.01430409886126842,0.0356204341862445,0.06765444368864694
56,2025-08-29,2025-09-30,Consumer Staples,-0.011595316586732822,-0.03463443919001893,0.0356204341862445,0.023039122603286104
56,2025-08-29,2025-09-30,Energy,0.07520316887083367,0.014999239516691167,0.0356204341862445,0.0602039293541425
56,2025-08-29,2025-09-30,Financials,0.02204721885591612,-0.009742224743915734,0.0356204341862445,0.03178944359983185
56,2025-08-29,2025-09-30,Health Care,6.902711959034559e-05,0.002173090575185001,0.0356204341862445,-0.0021040634555946555
56,2025-08-29,2025-09-30,Industrials,-0.00023314799447977236,0.005250365336097323,0.0356204341862445,-0.005483513330577095
56,2025-08-29,2025-09-30,Information Technology,0.16506257812325142,0.06415362713074728,0.0356204341862445,0.10090895099250415
56,2025-08-29,2025-09-30,Materials,0.037628911293685355,-0.031480268129815386,0.0356204341862445,0.06910917942350074
56,2025-08-29,2025-09-30,Real Estate,0.016371877871416474,-5.716947247685362e-05,0.0356204341862445,0.016429047343893326
56,2025-08-29,2025-09-30,Utilities,0.05489523707008859,0.0385268839205753,0.0356204341862445,0.016368353149513286
57,2025-09-30,2025-10-31,Communication Services,-0.05662619734393878,-0.045300728785972716,0.023837393575153465,-0.011325468557966067
57,2025-09-30,2025-10-31,Consumer Discretionary,-0.05831178158055102,-0.04181263991670787,0.023837393575153465,-0.01649914166384315
57,2025-09-30,2025-10-31,Consumer Staples,-0.04558055148454322,-0.02226610179285659,0.023837393575153465,-0.023314449691686633
57,2025-09-30,2025-10-31,Energy,-0.045841987688543584,-0.024687313575995185,0.023837393575153465,-0.0211546741125484
57,2025-09-30,2025-10-31,Financials,0.004729981054712384,-0.042213896547421165,0.023837393575153465,0.046943877602133546
57,2025-09-30,2025-10-31,Health Care,0.04000210427668604,0.02905274425744398,0.023837393575153465,0.010949360019242058
57,2025-09-30,2025-10-31,Industrials,0.00027800577840809103,-0.003396696542605689,0.023837393575153465,0.00367470232101378
57,2025-09-30,2025-10-31,Information Technology,0.04507689039419261,0.04240327750207127,0.023837393575153465,0.002673612892121341
57,2025-09-30,2025-10-31,Materials,-0.08515649464118677,-0.029651518896805767,0.023837393575153465,-0.055504975744381
57,2025-09-30,2025-10-31,Real Estate,-0.03736033624072904,-0.05120260678340074,0.023837393575153465,0.013842270542671696
57,2025-09-30,2025-10-31,Utilities,0.003948278014003251,0.008536125911255424,0.023837393575153465,-0.004587847897252173
58,2025-10-31,2025-11-28,Communication Services,0.024735431575722944,-0.011428368477095755,0.001950004913093828,0.0361638000528187
58,2025-10-31,2025-11-28,Consumer Discretionary,-0.029417582401850745,0.023244680286315014,0.001950004913093828,-0.05266226268816576
58,2025-10-31,2025-11-28,Consumer Staples,0.07947574255115827,0.040835708798965586,0.001950004913093828,0.03864003375219269
58,2025-10-31,2025-11-28,Energy,0.05728166589990122,0.053398305592623464,0.001950004913093828,0.0038833603072777542
58,2025-10-31,2025-11-28,Financials,-0.006715121089391954,0.024798950664170503,0.001950004913093828,-0.03151407175356246
58,2025-10-31,2025-11-28,Health Care,0.08333329985113413,0.07232761877838877,0.001950004913093828,0.011005681072745369
58,2025-10-31,2025-11-28,Industrials,-0.016763739699322183,0.0010221794420136065,0.001950004913093828,-0.01778591914133579
58,2025-10-31,2025-11-28,Information Technology,-0.049282902234854355,-0.037191084173430304,0.001950004913093828,-0.01209181806142405
58,2025-10-31,2025-11-28,Materials,0.043152858066187565,0.0474825070147671,0.001950004913093828,-0.004329648948579533
58,2025-10-31,2025-11-28,Real Estate,0.05498510093672511,0.016277879090070217,0.001950004913093828,0.03870722184665489
58,2025-10-31,2025-11-28,Utilities,0.0018013600733827757,0.02059321421971396,0.001950004913093828,-0.018791854146331187
59,2025-11-28,2025-12-31,Communication Services,-9.899178339214942e-05,0.026407205029889164,0.000797502958811647,-0.026506196813281313
59,2025-11-28,2025-12-31,Consumer Discretionary,0.05833137526902537,0.012554386069203794,0.000797502958811647,0.04577698919982157
59,2025-11-28,2025-12-31,Consumer Staples,0.06326595851951011,-0.016418721887322348,0.000797502958811647,0.07968468040683246
59,2025-11-28,2025-12-31,Energy,-0.11292128508065402,-0.01773676829872858,0.000797502958811647,-0.09518451678192544
59,2025-11-28,2025-12-31,Financials,0.021477766100282514,0.034076632559157646,0.000797502958811647,-0.012598866458875133
59,2025-11-28,2025-12-31,Health Care,-0.04960261498999676,-0.014319016680347225,0.000797502958811647,-0.035283598309649535
59,2025-11-28,2025-12-31,Industrials,0.01213648358571807,0.012345215246395274,0.000797502958811647,-0.0002087316606772041
59,2025-11-28,2025-12-31,Information Technology,0.023596853704157192,0.012136605550209383,0.000797502958811647,0.011460248153947809
59,2025-11-28,2025-12-31,Materials,0.012591532296073928,0.013790885037075587,0.000797502958811647,-0.0011993527410016584
59,2025-11-28,2025-12-31,Real Estate,-0.026602918115309585,-0.012670138451443706,0.000797502958811647,-0.013932779663865878
59,2025-11-28,2025-12-31,Utilities,-0.04407294245521533,-0.04472091902046923,0.000797502958811647,0.0006479765652539007
