analysis_month_number,ranking_month_end_date,return_period_end_date,security_key,project_ticker,gics_sector,sector_equal_weight,forward_return_1m,spy_return,sector_equal_weight_return,winner_sector_return,alpha_monthly,beta_spy,beta_sector_equal_weight,fitted_sector_winner_return,security_return_minus_sector_fitted,sector_residual_contribution,aggregate_commonality_contribution,absolute_commonality_contribution,within_month_absolute_security_rank
1,2021-01-29,2021-02-26,TWTR,TWTR,Communication Services,0.2,0.5250346328913518,0.0278056199000658,0.1099145705321884,0.0919192587030242,-0.0011326615807789,0.3094308316009315,0.7351573881135401,0.0882757630961429,0.4367588697952088,0.0873517739590417,0.0079410703599128,0.0079410703599128,1
1,2021-01-29,2021-02-26,CTRA,CTRA,Energy,0.25,0.0098199672605585,0.0278056199000658,0.2344845774915865,0.1320389213808325,0.003019347214308,0.1509890622137699,1.023029321771844,0.2471022899644666,-0.237282322703908,-0.059320580675977,-0.0053927800614524,0.0053927800614524,2
1,2021-01-29,2021-02-26,WMB,WMB,Energy,0.25,0.0758359541836593,0.0278056199000658,0.2344845774915865,0.1320389213808325,0.003019347214308,0.1509890622137699,1.023029321771844,0.2471022899644666,-0.1712663357808073,-0.0428165839452018,-0.003892416722291,0.003892416722291,3
1,2021-01-29,2021-02-26,FCX,FCX,Materials,0.2,0.2601263741222137,0.0278056199000658,0.0622505602323511,0.0416626110129398,0.0022780784293218,0.2501318203732707,0.911333598170212,0.0659641757961925,0.1941621983260212,0.0388324396652042,0.0035302217877458,0.0035302217877458,4
1,2021-01-29,2021-02-26,DD,DD,Materials,0.2,-0.1110917938485034,0.0278056199000658,0.0622505602323511,0.0416626110129398,0.0022780784293218,0.2501318203732707,0.911333598170212,0.0659641757961925,-0.1770559696446959,-0.0354111939289392,-0.0032191994480853,0.0032191994480853,5
1,2021-01-29,2021-02-26,EL,EL,Consumer Staples,0.1666666666666666,0.2101229945939664,0.0278056199000658,-0.0044732064568394,0.0060710696079246,0.0054621092043662,0.1027896788907793,0.7371779259503891,0.0050226908870522,0.2051003037069141,0.0341833839511523,0.0031075803591956,0.0031075803591956,6
1,2021-01-29,2021-02-26,TTWO,TTWO,Communication Services,0.2,-0.0797704688324244,0.0278056199000658,0.1099145705321884,0.0919192587030242,-0.0011326615807789,0.3094308316009315,0.7351573881135401,0.0882757630961429,-0.1680462319285674,-0.0336092463857134,-0.0030553860350648,0.0030553860350648,7
1,2021-01-29,2021-02-26,EQIX,EQIX,Real Estate,0.1666666666666666,-0.1200328527018876,0.0278056199000658,0.0580103357541274,-0.0324513480707032,0.0015404288638026,0.2073589863141854,0.7441767435621931,0.0504761167745737,-0.1705089694764614,-0.0284181615794102,-0.0025834692344918,0.0025834692344918,8
1,2021-01-29,2021-02-26,TMUS,TMUS,Communication Services,0.2,-0.0484611717886747,0.0278056199000658,0.1099145705321884,0.0919192587030242,-0.0011326615807789,0.3094308316009315,0.7351573881135401,0.0882757630961429,-0.1367369348848177,-0.0273473869769635,-0.0024861260888148,0.0024861260888148,9
1,2021-01-29,2021-02-26,AES,AES,Utilities,0.2,0.0889706021167797,0.0278056199000658,-0.0504634627626015,-0.0533658754647152,-0.0014223123571198,0.2891936228087799,0.8156062910268472,-0.0345394220999527,0.1235100242167324,0.0247020048433464,0.0022456368039405,0.0022456368039405,10
1,2021-01-29,2021-02-26,CLX,CLX,Consumer Staples,0.1666666666666666,-0.1356345668650893,0.0278056199000658,-0.0044732064568394,0.0060710696079246,0.0054621092043662,0.1027896788907793,0.7371779259503891,0.0050226908870522,-0.1406572577521416,-0.0234428762920236,-0.0021311705720021,0.0021311705720021,11
1,2021-01-29,2021-02-26,BBWI,BBWI,Consumer Discretionary,0.0833333333333333,0.3410201942171329,0.0278056199000658,0.1053151552873296,0.0346186520493032,-0.0041146616731395,0.5208667093579545,0.5893014073301694,0.0724307292898845,0.2685894649272484,0.022382455410604,0.0020347686736912,0.0020347686736912,12
2,2021-02-26,2021-03-31,PSKY,PSKY,Communication Services,0.2,-0.2987160770967028,0.0453992639932083,0.0064155029680799,-0.0919885634648784,-0.0011326615807789,0.3094308316009315,0.7351573881135401,0.017631674836158,-0.3163477519328608,-0.0632695503865721,-0.0057517773078701,0.0057517773078701,1
2,2021-02-26,2021-03-31,DISCA,DISCA,Communication Services,0.2,-0.1804638883650763,0.0453992639932083,0.0064155029680799,-0.0919885634648784,-0.0011326615807789,0.3094308316009315,0.7351573881135401,0.017631674836158,-0.1980955632012343,-0.0396191126402468,-0.0036017375127497,0.0036017375127497,2
2,2021-02-26,2021-03-31,BKR,BKR,Energy,0.25,-0.1172383275949049,0.0453992639932083,0.0117068130988904,-0.0052036949341592,0.003019347214308,0.1509890622137699,1.023029321771844,0.0218505525745054,-0.1390888801694104,-0.0347722200423526,-0.0031611109129411,0.0031611109129411,3
2,2021-02-26,2021-03-31,ALB,ALB,Materials,0.2,-0.0682204209461584,0.0453992639932083,0.0595123451968574,-0.0063832097570865,0.0022780784293218,0.2501318203732707,0.911333598170212,0.0678694786593494,-0.1360898996055078,-0.0272179799211015,-0.0024743618110092,0.0024743618110092,4
2,2021-02-26,2021-03-31,SW,SW,Materials,0.2,-0.0475696175940837,0.0453992639932083,0.0595123451968574,-0.0063832097570865,0.0022780784293218,0.2501318203732707,0.911333598170212,0.0678694786593494,-0.1154390962534332,-0.0230878192506866,-0.0020988926591533,0.0020988926591533,5
2,2021-02-26,2021-03-31,AES,AES,Utilities,0.2,0.0094130700657126,0.0453992639932083,0.1187999382552412,0.0514472719149469,-0.0014223123571198,0.2891936228087799,0.8156062910268472,0.108600842284504,-0.0991877722187913,-0.0198375544437582,-0.0018034140403416,0.0018034140403416,6
2,2021-02-26,2021-03-31,FCX,FCX,Materials,0.2,-0.0288999616615235,0.0453992639932083,0.0595123451968574,-0.0063832097570865,0.0022780784293218,0.2501318203732707,0.911333598170212,0.0678694786593494,-0.096769440320873,-0.0193538880641746,-0.0017594443694704,0.0017594443694704,7
2,2021-02-26,2021-03-31,NEE,NEE,Utilities,0.2,0.0289871790013591,0.0453992639932083,0.1187999382552412,0.0514472719149469,-0.0014223123571198,0.2891936228087799,0.8156062910268472,0.108600842284504,-0.0796136632831448,-0.0159227326566289,-0.0014475211506026,0.0014475211506026,8
2,2021-02-26,2021-03-31,NRG,NRG,Utilities,0.2,0.0334155181843165,0.0453992639932083,0.1187999382552412,0.0514472719149469,-0.0014223123571198,0.2891936228087799,0.8156062910268472,0.108600842284504,-0.0751853241001875,-0.0150370648200374,-0.0013670058927306,0.0013670058927306,9
2,2021-02-26,2021-03-31,NWSA,NWSA,Communication Services,0.2,0.0886043404889966,0.0453992639932083,0.0064155029680799,-0.0919885634648784,-0.0011326615807789,0.3094308316009315,0.7351573881135401,0.017631674836158,0.0709726656528386,0.0141945331305677,0.0012904121027788,0.0012904121027788,10
2,2021-02-26,2021-03-31,TTWO,TTWO,Communication Services,0.2,-0.042068792603004,0.0453992639932083,0.0064155029680799,-0.0919885634648784,-0.0011326615807789,0.3094308316009315,0.7351573881135401,0.017631674836158,-0.059700467439162,-0.0119400934878324,-0.0010854630443484,0.0010854630443484,11
2,2021-02-26,2021-03-31,ETSY,ETSY,Consumer Discretionary,0.0833333333333333,-0.0844418474702157,0.0453992639932083,0.0596349932760087,0.0441277608230915,-0.0041146616731395,0.5208667093579545,0.5893014073301694,0.0546752890339531,-0.1391171365041688,-0.0115930947086807,-0.0010539177007891,0.0010539177007891,12
12,2021-12-31,2022-01-31,NEE,NEE,Utilities,0.2,-0.1632392040771045,-0.0527414462156845,-0.0144575041735707,-0.0376258014614487,-0.0014223123571198,0.2891936228087799,0.8156062910268472,-0.0284664336169191,-0.1347727704601853,-0.026954554092037,-0.002450414008367,0.002450414008367,1
12,2021-12-31,2022-01-31,EL,EL,Consumer Staples,0.1666666666666666,-0.1577794552447065,-0.0527414462156845,-0.0063814036964743,-0.0223099927119159,0.0054621092043662,0.1027896788907793,0.7371779259503891,-0.0046633970579983,-0.1531160581867081,-0.025519343031118,-0.0023199402755561,0.0023199402755561,2
12,2021-12-31,2022-01-31,MRNA,MRNA,Health Care,0.0833333333333333,-0.3332939417309698,-0.0527414462156845,-0.0796911598152587,-0.1580592433058114,-0.0007987918140028,0.01730871467963,0.9265748524482734,-0.0755515031055962,-0.2577424386253736,-0.0214785365521144,-0.0019525942320104,0.0019525942320104,3
12,2021-12-31,2022-01-31,ADM,ADM,Consumer Staples,0.1666666666666666,0.1096316693717056,-0.0527414462156845,-0.0063814036964743,-0.0223099927119159,0.0054621092043662,0.1027896788907793,0.7371779259503891,-0.0046633970579983,0.114295066429704,0.019049177738284,0.001731743430753,0.001731743430753,4
12,2021-12-31,2022-01-31,COST,COST,Consumer Staples,0.1666666666666666,-0.1102167350982066,-0.0527414462156845,-0.0063814036964743,-0.0223099927119159,0.0054621092043662,0.1027896788907793,0.7371779259503891,-0.0046633970579983,-0.1055533380402082,-0.0175922230067013,-0.0015992930006092,0.0015992930006092,5
12,2021-12-31,2022-01-31,ETSY,ETSY,Consumer Discretionary,0.0833333333333333,-0.2825431621463055,-0.0527414462156845,-0.0824129919068765,-0.125849317479522,-0.0041146616731395,0.5208667093579545,0.5893014073301694,-0.0801520173232948,-0.2023911448230106,-0.0168659287352508,-0.0015332662486591,0.0015332662486591,6
12,2021-12-31,2022-01-31,TECH,TECH,Health Care,0.0833333333333333,-0.272412752500912,-0.0527414462156845,-0.0796911598152587,-0.1580592433058114,-0.0007987918140028,0.01730871467963,0.9265748524482734,-0.0755515031055962,-0.1968612493953157,-0.0164051041162763,-0.0014913731014796,0.0014913731014796,7
12,2021-12-31,2022-01-31,EXR,EXR,Real Estate,0.2,-0.1258762196012048,-0.0527414462156845,-0.0659284885956143,-0.0938947804124895,0.0015404288638026,0.2073589863141854,0.7441767435621931,-0.0584584319112873,-0.0674177876899175,-0.0134835575379835,-0.0012257779579985,0.0012257779579985,8
12,2021-12-31,2022-01-31,MOS,MOS,Materials,0.2,0.0167981757916149,-0.0527414462156845,-0.0414210370262917,-0.0565446784719188,0.0022780784293218,0.2501318203732707,0.911333598170212,-0.0486626182348383,0.0654607940264532,0.0130921588052906,0.0011901962550264,0.0011901962550264,9
12,2021-12-31,2022-01-31,IRM,IRM,Real Estate,0.2,-0.1224920670358219,-0.0527414462156845,-0.0659284885956143,-0.0938947804124895,0.0015404288638026,0.2073589863141854,0.7441767435621931,-0.0584584319112873,-0.0640336351245346,-0.0128067270249069,-0.0011642479113551,0.0011642479113551,10
12,2021-12-31,2022-01-31,EPAM,EPAM,Information Technology,0.0666666666666666,-0.2876954058599779,-0.0527414462156845,-0.0917189294581214,-0.1420840243162293,0.0005236624024297,-0.3820552638384731,1.287934649747219,-0.0974541777352498,-0.190241228124728,-0.0126827485416485,-0.0011529771401498,0.0011529771401498,11
12,2021-12-31,2022-01-31,NUE,NUE,Materials,0.2,-0.1116951408847172,-0.0527414462156845,-0.0414210370262917,-0.0565446784719188,0.0022780784293218,0.2501318203732707,0.911333598170212,-0.0486626182348383,-0.0630325226498789,-0.0126065045299757,-0.0011460458663614,0.0011460458663614,12
19,2022-07-29,2022-08-31,CF,CF,Materials,0.2,0.0877142753265618,-0.0408020039708363,-0.0375755808540239,-0.0017443472718511,0.0022780784293218,0.2501318203732707,0.911333598170212,-0.0421716904018142,0.129885965728376,0.0259771931456752,0.0023615630132432,0.0023615630132432,1
19,2022-07-29,2022-08-31,CTVA,CTVA,Materials,0.2,0.0700908602643923,-0.0408020039708363,-0.0375755808540239,-0.0017443472718511,0.0022780784293218,0.2501318203732707,0.911333598170212,-0.0421716904018142,0.1122625506662066,0.0224525101332413,0.0020411372848401,0.0020411372848401,2
19,2022-07-29,2022-08-31,IRM,IRM,Real Estate,0.1666666666666666,0.0849658958522749,-0.0408020039708363,-0.0564999494537957,-0.0075855892222138,0.0015404288638026,0.2073589863141854,0.7441767435621931,-0.0489661817151315,0.1339320775674065,0.022322012927901,0.0020292739025364,0.0020292739025364,3
19,2022-07-29,2022-08-31,TSN,TSN,Consumer Staples,0.1666666666666666,-0.1383415069631471,-0.0408020039708363,-0.0173107911069699,-0.0080306111101637,0.0054621092043662,0.1027896788907793,0.7371779259503891,-0.0114930487666928,-0.1268484581964543,-0.021141409699409,-0.0019219463363099,0.0019219463363099,4
19,2022-07-29,2022-08-31,DVN,DVN,Energy,0.25,0.123627701168903,-0.0408020039708363,0.0476476652063626,0.0727760988758975,0.003019347214308,0.1509890622137699,1.023029321771844,0.0456036495183859,0.0780240516505171,0.0195060129126292,0.0017732739011481,0.0017732739011481,5
19,2022-07-29,2022-08-31,EXR,EXR,Real Estate,0.1666666666666666,0.0485964246524637,-0.0408020039708363,-0.0564999494537957,-0.0075855892222138,0.0015404288638026,0.2073589863141854,0.7441767435621931,-0.0489661817151315,0.0975626063675953,0.0162604343945992,0.0014782213085999,0.0014782213085999,6
19,2022-07-29,2022-08-31,SEE,SEE,Materials,0.2,-0.1196007853414815,-0.0408020039708363,-0.0375755808540239,-0.0017443472718511,0.0022780784293218,0.2501318203732707,0.911333598170212,-0.0421716904018142,-0.0774290949396673,-0.0154858189879334,-0.0014078017261757,0.0014078017261757,7
19,2022-07-29,2022-08-31,NLSN,NLSN,Industrials,0.0714285714285714,0.1649690202548339,-0.0408020039708363,-0.0374091465400394,0.0191674378239735,0.0003748613021942,-0.0838617138372753,1.0302794248650398,-0.0347452866987799,0.1997143069536139,0.0142653076395438,0.0012968461490494,0.0012968461490494,8
19,2022-07-29,2022-08-31,MOS,MOS,Materials,0.2,0.0256607658534908,-0.0408020039708363,-0.0375755808540239,-0.0017443472718511,0.0022780784293218,0.2501318203732707,0.911333598170212,-0.0421716904018142,0.0678324562553051,0.013566491251061,0.00123331738646,0.00123331738646,9
19,2022-07-29,2022-08-31,ADM,ADM,Consumer Staples,0.1666666666666666,0.0668126961507478,-0.0408020039708363,-0.0173107911069699,-0.0080306111101637,0.0054621092043662,0.1027896788907793,0.7371779259503891,-0.0114930487666928,0.0783057449174406,0.0130509574862401,0.0011864506805672,0.0011864506805672,10
19,2022-07-29,2022-08-31,DLTR,DLTR,Consumer Discretionary,0.0909090909090909,-0.1794872268052296,-0.0408020039708363,-0.0340257652199252,-0.0304293171538075,-0.0041146616731395,0.5208667093579545,0.5893014073301694,-0.045418498546227,-0.1340687282590026,-0.0121880662053638,-0.0011080060186694,0.0011080060186694,11
19,2022-07-29,2022-08-31,SEDG,SEDG,Information Technology,0.0666666666666666,-0.233693395498501,-0.0408020039708363,-0.0577161814268549,-0.0499443802928515,0.0005236624024297,-0.3820552638384731,1.287934649747219,-0.0582223871160973,-0.1754710083824036,-0.0116980672254935,-0.001063460656863,0.001063460656863,12
22,2022-10-31,2022-11-30,DVN,DVN,Energy,0.25,-0.1141565854134208,0.0555916778275926,0.0178473707190357,-0.0152806742753747,0.003019347214308,0.1509890622137699,1.023029321771844,0.0296714660784919,-0.1438280514919128,-0.0359570128729782,-0.0032688193520889,0.0032688193520889,1
22,2022-10-31,2022-11-30,MOS,MOS,Materials,0.2,-0.0427510168081486,0.0555916778275926,0.111823730026612,0.0203137918089062,0.0022780784293218,0.2501318203732707,0.911333598170212,0.1180920482479086,-0.1608430650560572,-0.0321686130112114,-0.0029244193646555,0.0029244193646555,2
22,2022-10-31,2022-11-30,EXR,EXR,Real Estate,0.1666666666666666,-0.09439784465535,0.0555916778275926,0.0674934035624705,0.0067959615366618,0.0015404288638026,0.2073589863141854,0.7441767435621931,0.0632948841006851,-0.1576927287560352,-0.0262821214593392,-0.0023892837690308,0.0023892837690308,3
22,2022-10-31,2022-11-30,ALB,ALB,Materials,0.2,-0.0067171880854859,0.0555916778275926,0.111823730026612,0.0203137918089062,0.0022780784293218,0.2501318203732707,0.911333598170212,0.1180920482479086,-0.1248092363333945,-0.0249618472666789,-0.0022692588424253,0.0022692588424253,4
22,2022-10-31,2022-11-30,CF,CF,Materials,0.2,0.0221394175062787,0.0555916778275926,0.111823730026612,0.0203137918089062,0.0022780784293218,0.2501318203732707,0.911333598170212,0.1180920482479086,-0.0959526307416298,-0.0191905261483259,-0.0017445932862114,0.0017445932862114,5
22,2022-10-31,2022-11-30,OXY,OXY,Energy,0.25,-0.0428376659750014,0.0555916778275926,0.0178473707190357,-0.0152806742753747,0.003019347214308,0.1509890622137699,1.023029321771844,0.0296714660784919,-0.0725091320534934,-0.0181272830133733,-0.0016479348193975,0.0016479348193975,6
22,2022-10-31,2022-11-30,CTVA,CTVA,Materials,0.2,0.0301592947809903,0.0555916778275926,0.111823730026612,0.0203137918089062,0.0022780784293218,0.2501318203732707,0.911333598170212,0.1180920482479086,-0.0879327534669182,-0.0175865506933836,-0.0015987773357621,0.0015987773357621,7
22,2022-10-31,2022-11-30,PSA,PSA,Real Estate,0.1666666666666666,-0.0380629762605316,0.0555916778275926,0.0674934035624705,0.0067959615366618,0.0015404288638026,0.2073589863141854,0.7441767435621931,0.0632948841006851,-0.1013578603612168,-0.0168929767268694,-0.0015357251569881,0.0015357251569881,8
22,2022-10-31,2022-11-30,K,K,Consumer Staples,0.1666666666666666,-0.0426972142664865,0.0555916778275926,0.051179195512366,0.0045313933283384,0.0054621092043662,0.1027896788907793,0.7371779259503891,0.0489045331168795,-0.091601747383366,-0.0152669578972276,-0.0013879052633843,0.0013879052633843,9
22,2022-10-31,2022-11-30,LVS,LVS,Consumer Discretionary,0.0909090909090909,0.2323071346867806,0.0555916778275926,0.0912964307526231,0.0505672018835232,-0.0041146616731395,0.5208667093579545,0.5893014073301694,0.0786423077513483,0.1536648269354323,0.0139695297214029,0.0012699572474002,0.0012699572474002,10
22,2022-10-31,2022-11-30,MPC,MPC,Energy,0.25,0.0787952624017509,0.0555916778275926,0.0178473707190357,-0.0152806742753747,0.003019347214308,0.1509890622137699,1.023029321771844,0.0296714660784919,0.0491237963232589,0.0122809490808147,0.0011164499164377,0.0011164499164377,11
22,2022-10-31,2022-11-30,DLTR,DLTR,Consumer Discretionary,0.0909090909090909,-0.0517981496151419,0.0555916778275926,0.0912964307526231,0.0505672018835232,-0.0041146616731395,0.5208667093579545,0.5893014073301694,0.0786423077513483,-0.1304404573664903,-0.0118582233969536,-0.0010780203088139,0.0010780203088139,12
24,2022-12-30,2023-01-31,NUE,NUE,Materials,0.2,0.2823003768973848,0.0628873080861831,0.1090073170229074,0.1473877522221712,0.0022780784293218,0.2501318203732707,0.911333598170212,0.1173502257286606,0.1649501511687241,0.0329900302337448,0.0029990936576131,0.0029990936576131,1
24,2022-12-30,2023-01-31,ATVI,ATVI,Communication Services,0.2,0.0002612671455848,0.0628873080861831,0.1451196121577433,0.0593178198432887,-0.0011326615807789,0.3094308316009315,0.7351573881135401,0.1250123654954092,-0.1247510983498244,-0.0249502196699648,-0.0022682017881786,0.0022682017881786,2
24,2022-12-30,2023-01-31,CF,CF,Materials,0.2,-0.0058686411122622,0.0628873080861831,0.1090073170229074,0.1473877522221712,0.0022780784293218,0.2501318203732707,0.911333598170212,0.1173502257286606,-0.1232188668409229,-0.0246437733681845,-0.0022403430334713,0.0022403430334713,3
24,2022-12-30,2023-01-31,STLD,STLD,Materials,0.2,0.2348003403226157,0.0628873080861831,0.1090073170229074,0.1473877522221712,0.0022780784293218,0.2501318203732707,0.911333598170212,0.1173502257286606,0.117450114593955,0.023490022918791,0.002135456628981,0.002135456628981,4
24,2022-12-30,2023-01-31,ADM,ADM,Consumer Staples,0.1666666666666666,-0.1077004795594377,0.0628873080861831,-0.005628546752888,-0.0229704115064074,0.0054621092043662,0.1027896788907793,0.7371779259503891,0.0077770349874416,-0.1154775145468794,-0.0192462524244799,-0.0017496593113163,0.0017496593113163,5
24,2022-12-30,2023-01-31,EQT,EQT,Energy,0.25,-0.0342891170891053,0.0628873080861831,0.0294570383707576,0.0393281023427671,0.003019347214308,0.1509890622137699,1.023029321771844,0.0426500568732325,-0.0769391739623378,-0.0192347934905844,-0.0017486175900531,0.0017486175900531,6
24,2022-12-30,2023-01-31,LW,LW,Consumer Staples,0.1666666666666666,0.1178378193406015,0.0628873080861831,-0.005628546752888,-0.0229704115064074,0.0054621092043662,0.1027896788907793,0.7371779259503891,0.0077770349874416,0.1100607843531598,0.0183434640588599,0.0016675876417145,0.0016675876417145,7
24,2022-12-30,2023-01-31,ENPH,ENPH,Information Technology,0.0666666666666666,-0.1644776116299109,0.0628873080861831,0.1019952335270505,0.0444535127780161,0.0005236624024297,-0.3820552638384731,1.287934649747219,0.1078604306880192,-0.2723380423179302,-0.018155869487862,-0.0016505335898056,0.0016505335898056,8
24,2022-12-30,2023-01-31,NOC,NOC,Industrials,0.0714285714285714,-0.1788273410646446,0.0628873080861831,0.0679526264215978,-0.0044286705571246,0.0003748613021942,-0.0838617138372753,1.0302794248650398,0.0651112167351868,-0.2439385577998314,-0.0174241826999879,-0.0015840166090898,0.0015840166090898,9
24,2022-12-30,2023-01-31,ORLY,ORLY,Consumer Discretionary,0.0909090909090909,-0.0612300212612497,0.0628873080861831,0.1363726602792786,0.0334821958251437,-0.0041146616731395,0.5208667093579545,0.5893014073301694,0.1090058441740285,-0.1702358654352783,-0.0154759877668434,-0.0014069079788039,0.0014069079788039,10
24,2022-12-30,2023-01-31,MPC,MPC,Energy,0.25,0.1042184715938867,0.0628873080861831,0.0294570383707576,0.0393281023427671,0.003019347214308,0.1509890622137699,1.023029321771844,0.0426500568732325,0.0615684147206542,0.0153921036801635,0.0013992821527421,0.0013992821527421,11
24,2022-12-30,2023-01-31,HST,HST,Real Estate,0.1666666666666666,0.1744549191664512,0.0628873080861831,0.0957404603767523,0.1013465869946342,0.0015404288638026,0.2073589863141854,0.7441767435621931,0.0858285013508981,0.0886264178155531,0.0147710696359255,0.0013428245123568,0.0013428245123568,12
35,2023-11-30,2023-12-29,PKG,PKG,Materials,0.2,-0.023058117794661,0.0456553958225525,0.0612078292161664,0.0167618185148657,0.0022780784293218,0.2501318203732707,0.911333598170212,0.0694786969320358,-0.0925368147266968,-0.0185073629453393,-0.0016824875404853,0.0016824875404853,1
35,2023-11-30,2023-12-29,DLR,DLR,Real Estate,0.1666666666666666,-0.0215294865631614,0.0456553958225525,0.1034741194216247,0.0574056169114147,0.0015404288638026,0.2073589863141854,0.7441767435621931,0.0880105186954901,-0.1095400052586515,-0.0182566675431085,-0.0016596970493735,0.0016596970493735,2
35,2023-11-30,2023-12-29,BG,BG,Consumer Staples,0.1428571428571428,-0.081187053357616,0.0456553958225525,0.0423818962107821,0.0117742422998462,0.0054621092043662,0.1027896788907793,0.7371779259503891,0.0413980110271068,-0.1225850643847228,-0.0175121520549604,-0.0015920138231782,0.0015920138231782,3
35,2023-11-30,2023-12-29,EQIX,EQIX,Real Estate,0.1666666666666666,-0.0118035599510298,0.0456553958225525,0.1034741194216247,0.0574056169114147,0.0015404288638026,0.2073589863141854,0.7441767435621931,0.0880105186954901,-0.09981407864652,-0.01663567977442,-0.0015123345249472,0.0015123345249472,4
35,2023-11-30,2023-12-29,CCL,CCL,Consumer Discretionary,0.1,0.2310758282101854,0.0456553958225525,0.105202798523458,0.1389485449947261,-0.0041146616731395,0.5208667093579545,0.5893014073301694,0.0816618713383344,0.149413956871851,0.0149413956871851,0.001358308698835,0.001358308698835,5
35,2023-11-30,2023-12-29,LIN,LIN,Materials,0.2,-0.0043273016064243,0.0456553958225525,0.0612078292161664,0.0167618185148657,0.0022780784293218,0.2501318203732707,0.911333598170212,0.0694786969320358,-0.0738059985384601,-0.014761199707692,-0.0013419272461538,0.0013419272461538,6
35,2023-11-30,2023-12-29,ESS,ESS,Real Estate,0.1666666666666666,0.1722426576522857,0.0456553958225525,0.1034741194216247,0.0574056169114147,0.0015404288638026,0.2073589863141854,0.7441767435621931,0.0880105186954901,0.0842321389567956,0.0140386898261326,0.0012762445296484,0.0012762445296484,7
35,2023-11-30,2023-12-29,LYB,LYB,Materials,0.2,-0.0002103844314675,0.0456553958225525,0.0612078292161664,0.0167618185148657,0.0022780784293218,0.2501318203732707,0.911333598170212,0.0694786969320358,-0.0696890813635034,-0.0139378162727006,-0.0012670742066091,0.0012670742066091,8
35,2023-11-30,2023-12-29,COST,COST,Consumer Staples,0.1428571428571428,0.1389317671510352,0.0456553958225525,0.0423818962107821,0.0117742422998462,0.0054621092043662,0.1027896788907793,0.7371779259503891,0.0413980110271068,0.0975337561239284,0.0139333937319897,0.0012666721574536,0.0012666721574536,9
35,2023-11-30,2023-12-29,EG,EG,Financials,0.0714285714285714,-0.1387649437242917,0.0456553958225525,0.0738049160570855,-0.0217888775379952,-0.0008204986417915,0.036581610728842,0.7400897536353301,0.0554719114176249,-0.1942368551419166,-0.0138740610815654,-0.0012612782801423,0.0012612782801423,10
35,2023-11-30,2023-12-29,WELL,WELL,Real Estate,0.1666666666666666,0.0120088279048871,0.0456553958225525,0.1034741194216247,0.0574056169114147,0.0015404288638026,0.2073589863141854,0.7441767435621931,0.0880105186954901,-0.076001690790603,-0.0126669484651005,-0.0011515407695545,0.0011515407695545,11
35,2023-11-30,2023-12-29,PG,PG,Consumer Staples,0.1428571428571428,-0.0454660648384571,0.0456553958225525,0.0423818962107821,0.0117742422998462,0.0054621092043662,0.1027896788907793,0.7371779259503891,0.0413980110271068,-0.0868640758655639,-0.0124091536950805,-0.0011281048813709,0.0011281048813709,12
36,2023-12-29,2024-01-31,MPC,MPC,Energy,0.25,0.1162038712994488,0.0159263876248132,-0.0218425770468513,0.0248691412857962,0.003019347214308,0.1509890622137699,1.023029321771844,-0.0169215392357579,0.1331254105352068,0.0332813526338017,0.0030255775121637,0.0030255775121637,1
36,2023-12-29,2024-01-31,NFLX,NFLX,Communication Services,0.25,0.1586222399025125,0.0159263876248132,0.0318462047159631,0.0729347066539922,-0.0011326615807789,0.3094308316009315,0.7351573881135401,0.0272074264666823,0.1314148134358302,0.0328537033589575,0.0029867003053597,0.0029867003053597,2
36,2023-12-29,2024-01-31,PSX,PSX,Energy,0.25,0.0838965037944055,0.0159263876248132,-0.0218425770468513,0.0248691412857962,0.003019347214308,0.1509890622137699,1.023029321771844,-0.0169215392357579,0.1008180430301634,0.0252045107575408,0.0022913191597764,0.0022913191597764,3
36,2023-12-29,2024-01-31,TSLA,TSLA,Consumer Discretionary,0.1,-0.2462572581053244,0.0159263876248132,-0.0223557461686076,-0.0314558504644893,-0.0041146616731395,0.5208667093579545,0.5893014073301694,-0.0089934092381203,-0.237263848867204,-0.0237263848867204,-0.0021569440806109,0.0021569440806109,4
36,2023-12-29,2024-01-31,NUE,NUE,Materials,0.2,0.0740636521422166,0.0159263876248132,-0.0454989189352019,0.0104518850511792,0.0022780784293218,0.2501318203732707,0.911333598170212,-0.0352029187481856,0.1092665708904023,0.0218533141780804,0.00198666492528,0.00198666492528,5
36,2023-12-29,2024-01-31,NVDA,NVDA,Information Technology,0.0833333333333333,0.2424175241948436,0.0159263876248132,0.0046632605631207,0.0707545108771382,0.0005236624024297,-0.3820552638384731,1.287934649747219,0.0004448770364807,0.2419726471583628,0.0201643872631969,0.001833126114836,0.001833126114836,6
36,2023-12-29,2024-01-31,META,META,Communication Services,0.25,0.1022149414739104,0.0159263876248132,0.0318462047159631,0.0729347066539922,-0.0011326615807789,0.3094308316009315,0.7351573881135401,0.0272074264666823,0.075007515007228,0.018751878751807,0.0017047162501642,0.0017047162501642,7
36,2023-12-29,2024-01-31,BG,BG,Consumer Staples,0.1428571428571428,-0.1273898810427468,0.0159263876248132,-0.0088622210320198,-0.0083243532802413,0.0054621092043662,0.1027896788907793,0.7371779259503891,0.0005661437545125,-0.1279560247972594,-0.0182794321138941,-0.0016617665558085,0.0016617665558085,8
36,2023-12-29,2024-01-31,EQT,EQT,Energy,0.25,-0.0843245532531911,0.0159263876248132,-0.0218425770468513,0.0248691412857962,0.003019347214308,0.1509890622137699,1.023029321771844,-0.0169215392357579,-0.0674030140174331,-0.0168507535043582,-0.0015318866822143,0.0015318866822143,9
36,2023-12-29,2024-01-31,DLR,DLR,Real Estate,0.1666666666666666,0.0436917009083688,0.0159263876248132,-0.0478425112400008,-0.0082023892980545,0.0015404288638026,0.2073589863141854,0.7441767435621931,-0.0307603757610907,0.0744520766694595,0.0124086794449099,0.001128061767719,0.001128061767719,10
36,2023-12-29,2024-01-31,PANW,PANW,Information Technology,0.0833333333333333,0.1479585057028845,0.0159263876248132,0.0046632605631207,0.0707545108771382,0.0005236624024297,-0.3820552638384731,1.287934649747219,0.0004448770364807,0.1475136286664037,0.0122928023888669,0.0011175274898969,0.0011175274898969,11
36,2023-12-29,2024-01-31,INTC,INTC,Information Technology,0.0833333333333333,-0.1426865426827352,0.0159263876248132,0.0046632605631207,0.0707545108771382,0.0005236624024297,-0.3820552638384731,1.287934649747219,0.0004448770364807,-0.143131419719216,-0.0119276183099346,-0.0010843289372667,0.0010843289372667,12
37,2024-01-31,2024-02-29,META,META,Communication Services,0.25,0.2576255121074753,0.0521868973675665,-0.0170394898040074,0.0306342429277469,-0.0011326615807789,0.3094308316009315,0.7351573881135401,0.0024888666512382,0.255136645456237,0.0637841613640592,0.0057985601240053,0.0057985601240053,1
37,2024-01-31,2024-02-29,CEG,CEG,Utilities,0.1666666666666666,0.3807375872547325,0.0521868973675665,0.014050126382773,0.0791151387735914,-0.0014223123571198,0.2891936228087799,0.8156062910268472,0.0251291770232686,0.3556084102314638,0.0592680683719106,0.0053880062156282,0.0053880062156282,2
37,2024-01-31,2024-02-29,TTWO,TTWO,Communication Services,0.25,-0.1091372145717635,0.0521868973675665,-0.0170394898040074,0.0306342429277469,-0.0011326615807789,0.3094308316009315,0.7351573881135401,0.0024888666512382,-0.1116260812230018,-0.0279065203057504,-0.0025369563914318,0.0025369563914318,3
37,2024-01-31,2024-02-29,TRGP,TRGP,Energy,0.25,0.1563088936688457,0.0521868973675665,0.0405793240201215,0.0580347562373065,0.003019347214308,0.1509890622137699,1.023029321771844,0.0524128362379479,0.1038960574308977,0.0259740143577244,0.0023612740325204,0.0023612740325204,4
37,2024-01-31,2024-02-29,IRM,IRM,Real Estate,0.1666666666666666,0.1646919258235364,0.0521868973675665,0.0135209317456038,0.0642355231676516,0.0015404288638026,0.2073589863141854,0.7441767435621931,0.0224238139571937,0.1422681118663427,0.0237113519777237,0.0021555774525203,0.0021555774525203,5
37,2024-01-31,2024-02-29,NVDA,NVDA,Information Technology,0.0833333333333333,0.2858095456008982,0.0521868973675665,0.0550737091012073,0.0740814576444148,0.0005236624024297,-0.3820552638384731,1.287934649747219,0.0515167218012964,0.2342928237996018,0.0195244019833001,0.0017749456348454,0.0017749456348454,6
37,2024-01-31,2024-02-29,PSX,PSX,Energy,0.25,-0.0053379022240531,0.0521868973675665,0.0405793240201215,0.0580347562373065,0.003019347214308,0.1509890622137699,1.023029321771844,0.0524128362379479,-0.057750738462001,-0.0144376846155002,-0.0013125167832272,0.0013125167832272,7
37,2024-01-31,2024-02-29,MLM,MLM,Materials,0.2,0.1362851796078035,0.0521868973675665,0.0588731531468185,0.1032304232536407,0.0022780784293218,0.2501318203732707,0.911333598170212,0.0689847645604203,0.0673004150473832,0.0134600830094766,0.0012236439099524,0.0012236439099524,8
37,2024-01-31,2024-02-29,ECL,ECL,Materials,0.2,0.1342952033394837,0.0521868973675665,0.0588731531468185,0.1032304232536407,0.0022780784293218,0.2501318203732707,0.911333598170212,0.0689847645604203,0.0653104387790634,0.0130620877558126,0.0011874625232556,0.0011874625232556,9
37,2024-01-31,2024-02-29,DVA,DVA,Health Care,0.0833333333333333,0.1739089952121419,0.0521868973675665,0.0254958564318436,0.0333539749155177,-0.0007987918140028,0.01730871467963,0.9265748524482734,0.0237283157139253,0.1501806794982166,0.0125150566248513,0.001137732420441,0.001137732420441,10
37,2024-01-31,2024-02-29,LLY,LLY,Health Care,0.0833333333333333,0.1694384597588834,0.0521868973675665,0.0254958564318436,0.0333539749155177,-0.0007987918140028,0.01730871467963,0.9265748524482734,0.0237283157139253,0.145710144044958,0.0121425120037464,0.0011038647276133,0.0011038647276133,11
37,2024-01-31,2024-02-29,AMGN,AMGN,Health Care,0.0833333333333333,-0.1218399014050313,0.0521868973675665,0.0254958564318436,0.0333539749155177,-0.0007987918140028,0.01730871467963,0.9265748524482734,0.0237283157139253,-0.1455682171189567,-0.012130684759913,-0.0011027895236284,0.0011027895236284,12
42,2024-06-28,2024-07-31,CRWD,CRWD,Information Technology,0.0769230769230769,-0.3946605985646719,0.0121093473734656,0.0015996826626998,-0.0703583782169675,0.0005236624024297,-0.3820552638384731,1.287934649747219,-0.0020424907733604,-0.3926181077913115,-0.0302013929070239,-0.0027455811733658,0.0027455811733658,1
42,2024-06-28,2024-07-31,NFLX,NFLX,Communication Services,0.25,-0.0689455895779685,0.0121093473734656,0.0502544380774827,-0.0603684989809859,-0.0011326615807789,0.3094308316009315,0.7351573881135401,0.0395592652852929,-0.1085048548632615,-0.0271262137158153,-0.0024660194287104,0.0024660194287104,2
42,2024-06-28,2024-07-31,META,META,Communication Services,0.25,-0.0582879994293989,0.0121093473734656,0.0502544380774827,-0.0603684989809859,-0.0011326615807789,0.3094308316009315,0.7351573881135401,0.0395592652852929,-0.0978472647146919,-0.0244618161786729,-0.0022238014707884,0.0022238014707884,3
42,2024-06-28,2024-07-31,GOOGL,GOOGL,Communication Services,0.25,-0.0582486636898191,0.0121093473734656,0.0502544380774827,-0.0603684989809859,-0.0011326615807789,0.3094308316009315,0.7351573881135401,0.0395592652852929,-0.0978079289751121,-0.024451982243778,-0.002222907476707,0.002222907476707,4
42,2024-06-28,2024-07-31,GOOG,GOOG,Communication Services,0.25,-0.055991743226757,0.0121093473734656,0.0502544380774827,-0.0603684989809859,-0.0011326615807789,0.3094308316009315,0.7351573881135401,0.0395592652852929,-0.0955510085120499,-0.0238877521280124,-0.0021716138298193,0.0021716138298193,5
42,2024-06-28,2024-07-31,VST,VST,Utilities,0.1666666666666666,-0.0786228857320614,0.0121093473734656,0.0695528961492136,0.0151556225582586,-0.0014223123571198,0.2891936228087799,0.8156062910268472,0.0588074133380982,-0.1374302990701597,-0.0229050498450266,-0.0020822772586387,0.0020822772586387,6
42,2024-06-28,2024-07-31,CEG,CEG,Utilities,0.1666666666666666,-0.0522793976197878,0.0121093473734656,0.0695528961492136,0.0151556225582586,-0.0014223123571198,0.2891936228087799,0.8156062910268472,0.0588074133380982,-0.1110868109578861,-0.018514468492981,-0.0016831334993619,0.0016831334993619,7
42,2024-06-28,2024-07-31,DPZ,DPZ,Consumer Discretionary,0.1,-0.1697169381720532,0.0121093473734656,0.0211651603025872,-0.0250727333128396,-0.0041146616731395,0.5208667093579545,0.5893014073301694,0.0146653529984331,-0.1843822911704864,-0.0184382291170486,-0.0016762026470044,0.0016762026470044,8
42,2024-06-28,2024-07-31,PHM,PHM,Consumer Discretionary,0.1,0.1989102516499337,0.0121093473734656,0.0211651603025872,-0.0250727333128396,-0.0041146616731395,0.5208667093579545,0.5893014073301694,0.0146653529984331,0.1842448986515005,0.01842448986515,0.0016749536241045,0.0016749536241045,9
42,2024-06-28,2024-07-31,NRG,NRG,Utilities,0.1666666666666666,-0.0345490386358731,0.0121093473734656,0.0695528961492136,0.0151556225582586,-0.0014223123571198,0.2891936228087799,0.8156062910268472,0.0588074133380982,-0.0933564519739714,-0.0155594086623285,-0.0014144916965753,0.0014144916965753,10
42,2024-06-28,2024-07-31,IRM,IRM,Real Estate,0.1666666666666666,0.1443874279489838,0.0121093473734656,0.0661706035988017,0.0336651665225145,0.0015404288638026,0.2073589863141854,0.7441767435621931,0.0532940351657917,0.091093392783192,0.015182232130532,0.0013802029209574,0.0013802029209574,11
42,2024-06-28,2024-07-31,CMG,CMG,Consumer Discretionary,0.1,-0.1329609198438137,0.0121093473734656,0.0211651603025872,-0.0250727333128396,-0.0041146616731395,0.5208667093579545,0.5893014073301694,0.0146653529984331,-0.1476262728422469,-0.0147626272842246,-0.0013420570258386,0.0013420570258386,12
43,2024-07-31,2024-08-30,SMCI,SMCI,Information Technology,0.0769230769230769,-0.3761847090900434,0.0233653955660539,0.0097816522112314,-0.0143766959673824,0.0005236624024297,-0.3820552638384731,1.287934649747219,0.0041949188493721,-0.3803796279394155,-0.029259971379955,-0.0026599973981777,0.0026599973981777,1
43,2024-07-31,2024-08-30,TRGP,TRGP,Energy,0.25,0.0858958857983029,0.0233653955660539,-0.02184611362677,0.0099548928975938,0.003019347214308,0.1509890622137699,1.023029321771844,-0.0158019484278648,0.1016978342261678,0.0254244585565419,0.002311314414231,0.002311314414231,2
43,2024-07-31,2024-08-30,NFLX,NFLX,Communication Services,0.25,0.1161773399866372,0.0233653955660539,0.0128824142043247,0.0685631722463809,-0.0011326615807789,0.3094308316009315,0.7351573881135401,0.0155679141789579,0.1006094258076792,0.0251523564519198,0.0022865778592654,0.0022865778592654,3
43,2024-07-31,2024-08-30,STLD,STLD,Materials,0.2,-0.10291237321972,0.0233653955660539,0.0134060837900236,-0.0008988426844287,0.0022780784293218,0.2501318203732707,0.911333598170212,0.0203399219337339,-0.1232522951534539,-0.0246504590306907,-0.0022409508209718,0.0022409508209718,4
43,2024-07-31,2024-08-30,MLM,MLM,Materials,0.2,-0.0997556029083827,0.0233653955660539,0.0134060837900236,-0.0008988426844287,0.0022780784293218,0.2501318203732707,0.911333598170212,0.0203399219337339,-0.1200955248421166,-0.0240191049684233,-0.0021835549971293,0.0021835549971293,5
43,2024-07-31,2024-08-30,META,META,Communication Services,0.25,0.0978877394955453,0.0233653955660539,0.0128824142043247,0.0685631722463809,-0.0011326615807789,0.3094308316009315,0.7351573881135401,0.0155679141789579,0.0823198253165873,0.0205799563291468,0.0018709051208315,0.0018709051208315,6
43,2024-07-31,2024-08-30,NRG,NRG,Utilities,0.1666666666666666,0.137074939315352,0.0233653955660539,0.047131037817679,0.0602778897995014,-0.0014223123571198,0.2891936228087799,0.8156062910268472,0.0437751819817107,0.0932997573336413,0.0155499595556068,0.0014136326868733,0.0014136326868733,7
43,2024-07-31,2024-08-30,ECL,ECL,Materials,0.2,0.0974900887075149,0.0233653955660539,0.0134060837900236,-0.0008988426844287,0.0022780784293218,0.2501318203732707,0.911333598170212,0.0203399219337339,0.077150166773781,0.0154300333547562,0.0014027303049778,0.0014027303049778,8
43,2024-07-31,2024-08-30,CRWD,CRWD,Information Technology,0.0769230769230769,0.195378473674034,0.0233653955660539,0.0097816522112314,-0.0143766959673824,0.0005236624024297,-0.3820552638384731,1.287934649747219,0.0041949188493721,0.1911835548246619,0.0147064272942047,0.0013369479358367,0.0013369479358367,9
43,2024-07-31,2024-08-30,LLY,LLY,Health Care,0.0833333333333333,0.1953217446783575,0.0233653955660539,0.0271129374010853,0.067082753013506,-0.0007987918140028,0.01730871467963,0.9265748524482734,0.0247277991230766,0.1705939455552809,0.0142161621296067,0.0012923783754187,0.0012923783754187,10
43,2024-07-31,2024-08-30,WMT,WMT,Consumer Staples,0.1428571428571428,0.1283527873816845,0.0233653955660539,0.0292129589156512,0.0753876449295433,0.0054621092043662,0.1027896788907793,0.7371779259503891,0.0293989791760706,0.0989538082056139,0.0141362583150877,0.0012851143922807,0.0012851143922807,11
43,2024-07-31,2024-08-30,AXON,AXON,Industrials,0.0666666666666666,0.2165260802653454,0.0233653955660539,0.0227611684965611,0.0507206254493608,0.0003748613021942,-0.0838617138372753,1.0302794248650398,0.0218657627734322,0.1946603174919132,0.0129773544994608,0.0011797594999509,0.0011797594999509,12
46,2024-10-31,2024-11-29,PLTR,PLTR,Information Technology,0.0769230769230769,0.6140519637758048,0.0596335284955185,0.0573450758504428,0.0861363058486677,0.0005236624024297,-0.3820552638384731,1.287934649747219,0.051597069119623,0.5624548946561818,0.0432657611273986,0.0039332510115816,0.0039332510115816,1
46,2024-10-31,2024-11-29,VST,VST,Utilities,0.1666666666666666,0.2791295219097944,0.0596335284955185,0.0451465319266099,0.0729188491048891,-0.0014223123571198,0.2891936228087799,0.8156062910268472,0.0526451192467572,0.2264844026630372,0.0377474004438395,0.0034315818585308,0.0034315818585308,2
46,2024-10-31,2024-11-29,AXON,AXON,Industrials,0.0666666666666666,0.5276505831711926,0.0596335284955185,0.0797819013854454,0.105875344740323,0.0003748613021942,-0.0838617138372753,1.0302794248650398,0.077571542874432,0.4500790402967606,0.0300052693531173,0.0027277517593743,0.0027277517593743,3
46,2024-10-31,2024-11-29,TRGP,TRGP,Energy,0.25,0.2236462426497509,0.0596335284955185,0.0920127783234462,0.1697944283282048,0.003019347214308,0.1509890622137699,1.023029321771844,0.1061551279609226,0.1174911146888283,0.029372778672207,0.0026702526065642,0.0026702526065642,4
46,2024-10-31,2024-11-29,TPR,TPR,Consumer Discretionary,0.1,0.312539663225259,0.0596335284955185,0.0833179538703902,0.0953799353486131,-0.0041146616731395,0.5208667093579545,0.5893014073301694,0.0760458455534161,0.2364938176718429,0.0236493817671842,0.0021499437970167,0.0021499437970167,5
46,2024-10-31,2024-11-29,MPWR,MPWR,Information Technology,0.0769230769230769,-0.25241665681083,0.0596335284955185,0.0573450758504428,0.0861363058486677,0.0005236624024297,-0.3820552638384731,1.287934649747219,0.051597069119623,-0.304013725930453,-0.0233856712254194,-0.0021259701114017,0.0021259701114017,6
46,2024-10-31,2024-11-29,NFLX,NFLX,Communication Services,0.25,0.1729825996152558,0.0596335284955185,0.0877511805704203,0.0807286655171579,-0.0011326615807789,0.3094308316009315,0.7351573881135401,0.081830719444917,0.0911518801703388,0.0227879700425847,0.0020716336402349,0.0020716336402349,7
46,2024-10-31,2024-11-29,IFF,IFF,Materials,0.2,-0.0811625962026098,0.0596335284955185,0.0059493423202389,0.0224443376652535,0.0022780784293218,0.2501318203732707,0.911333598170212,0.0226161570106367,-0.1037787532132465,-0.0207557506426493,-0.001886886422059,0.001886886422059,8
46,2024-10-31,2024-11-29,TGT,TGT,Consumer Staples,0.1428571428571428,-0.1117916012191453,0.0596335284955185,0.0283780884625964,0.032337278850435,0.0054621092043662,0.1027896788907793,0.7371779259503891,0.0325115208448381,-0.1443031220639835,-0.0206147317234262,-0.0018740665203114,0.0018740665203114,9
46,2024-10-31,2024-11-29,OKE,OKE,Energy,0.25,0.1846906965068182,0.0596335284955185,0.0920127783234462,0.1697944283282048,0.003019347214308,0.1509890622137699,1.023029321771844,0.1061551279609226,0.0785355685458955,0.0196338921364738,0.0017848992851339,0.0017848992851339,10
46,2024-10-31,2024-11-29,META,META,Communication Services,0.25,0.0118749280103456,0.0596335284955185,0.0877511805704203,0.0807286655171579,-0.0011326615807789,0.3094308316009315,0.7351573881135401,0.081830719444917,-0.0699557914345714,-0.0174889478586428,-0.0015899043507857,0.0015899043507857,11
46,2024-10-31,2024-11-29,SHW,SHW,Materials,0.2,0.109715969898491,0.0596335284955185,0.0059493423202389,0.0224443376652535,0.0022780784293218,0.2501318203732707,0.911333598170212,0.0226161570106367,0.0870998128878542,0.0174199625775708,0.0015836329615973,0.0015836329615973,12
48,2024-12-31,2025-01-31,CEG,CEG,Utilities,0.1666666666666666,0.340932461854794,0.0268562371144394,0.0184608389835444,0.1279927621690846,-0.0014223123571198,0.2891936228087799,0.8156062910268472,0.021401116561629,0.3195313452931649,0.0532552242155274,0.0048413840195934,0.0048413840195934,1
48,2024-12-31,2025-01-31,META,META,Communication Services,0.25,0.1770591800768783,0.0268562371144394,0.0350527771672948,0.0972410396789344,-0.0011326615807789,0.3094308316009315,0.7351573881135401,0.0329467943116482,0.1441123857652301,0.0360280964413075,0.0032752814946643,0.0032752814946643,2
48,2024-12-31,2025-01-31,VST,VST,Utilities,0.1666666666666666,0.2187566814098704,0.0268562371144394,0.0184608389835444,0.1279927621690846,-0.0014223123571198,0.2891936228087799,0.8156062910268472,0.021401116561629,0.1973555648482414,0.0328925941413735,0.0029902358310339,0.0029902358310339,3
48,2024-12-31,2025-01-31,TPL,TPL,Energy,0.25,0.1728904933764139,0.0268562371144394,0.037375016405473,0.0678724886735124,0.003019347214308,0.1509890622137699,1.023029321771844,0.0453100829553104,0.1275804104211035,0.0318951026052758,0.0028995547822978,0.0028995547822978,4
48,2024-12-31,2025-01-31,PKG,PKG,Materials,0.2,-0.0553901518392073,0.0268562371144394,0.0495017816740714,0.0326929450005714,0.0022780784293218,0.2501318203732707,0.911333598170212,0.0541083147160004,-0.1094984665552078,-0.0218996933110415,-0.0019908812100946,0.0019908812100946,5
48,2024-12-31,2025-01-31,OKE,OKE,Energy,0.25,-0.0321713758515641,0.0268562371144394,0.037375016405473,0.0678724886735124,0.003019347214308,0.1509890622137699,1.023029321771844,0.0453100829553104,-0.0774814588068745,-0.0193703647017186,-0.0017609422456107,0.0017609422456107,6
48,2024-12-31,2025-01-31,NRG,NRG,Utilities,0.1666666666666666,0.1354465364738646,0.0268562371144394,0.0184608389835444,0.1279927621690846,-0.0014223123571198,0.2891936228087799,0.8156062910268472,0.021401116561629,0.1140454199122356,0.0190075699853725,0.0017279609077611,0.0017279609077611,7
48,2024-12-31,2025-01-31,CTVA,CTVA,Materials,0.2,0.1458917837585933,0.0268562371144394,0.0495017816740714,0.0326929450005714,0.0022780784293218,0.2501318203732707,0.911333598170212,0.0541083147160004,0.0917834690425928,0.0183566938085185,0.0016687903462289,0.0016687903462289,8
48,2024-12-31,2025-01-31,NFLX,NFLX,Communication Services,0.25,0.0958578103874576,0.0268562371144394,0.0350527771672948,0.0972410396789344,-0.0011326615807789,0.3094308316009315,0.7351573881135401,0.0329467943116482,0.0629110160758094,0.0157277540189523,0.0014297958199047,0.0014297958199047,9
48,2024-12-31,2025-01-31,TRGP,TRGP,Energy,0.25,0.1065653279611602,0.0268562371144394,0.037375016405473,0.0678724886735124,0.003019347214308,0.1509890622137699,1.023029321771844,0.0453100829553104,0.0612552450058498,0.0153138112514624,0.0013921646592238,0.0013921646592238,10
48,2024-12-31,2025-01-31,DECK,DECK,Consumer Discretionary,0.1,-0.1266925805896314,0.0268562371144394,0.0265547996526506,0.0282206341518303,-0.0041146616731395,0.5208667093579545,0.5893014073301694,0.0255226389850732,-0.1522152195747046,-0.0152215219574704,-0.0013837747234064,0.0013837747234064,11
48,2024-12-31,2025-01-31,CBRE,CBRE,Real Estate,0.1666666666666666,0.1024450673685444,0.0268562371144394,0.006280532180594,0.0185473911847334,0.0015404288638026,0.2073589863141854,0.7441767435621931,0.0117831369540581,0.0906619304144862,0.0151103217357477,0.0013736656123407,0.0013736656123407,12
50,2025-02-28,2025-03-31,NEM,NEM,Materials,0.2,0.1336748751252181,-0.0557193109150154,-0.0255179195593772,-0.023886255528733,0.0022780784293218,0.2501318203732707,0.911333598170212,-0.0349144316896605,0.1685893068148786,0.0337178613629757,0.0030652601239068,0.0030652601239068,1
50,2025-02-28,2025-03-31,CEG,CEG,Utilities,0.1666666666666666,-0.1937279997858907,-0.0557193109150154,0.0114699239457864,-0.0711165079628702,-0.0014223123571198,0.2891936228087799,0.8156062910268472,-0.008181039613259,-0.1855469601726317,-0.0309244933621052,-0.0028113175783732,0.0028113175783732,2
50,2025-02-28,2025-03-31,TPL,TPL,Energy,0.25,-0.0710625065676352,-0.0557193109150154,0.0196311883006408,0.0029723138927321,0.003019347214308,0.1509890622137699,1.023029321771844,0.0146896219648322,-0.0857521285324675,-0.0214380321331168,-0.0019489120121015,0.0019489120121015,3
50,2025-02-28,2025-03-31,SW,SW,Materials,0.2,-0.1346264473768964,-0.0557193109150154,-0.0255179195593772,-0.023886255528733,0.0022780784293218,0.2501318203732707,0.911333598170212,-0.0349144316896605,-0.0997120156872359,-0.0199424031374471,-0.0018129457397679,0.0018129457397679,4
50,2025-02-28,2025-03-31,VST,VST,Utilities,0.1666666666666666,-0.1198342431954039,-0.0557193109150154,0.0114699239457864,-0.0711165079628702,-0.0014223123571198,0.2891936228087799,0.8156062910268472,-0.008181039613259,-0.1116532035821449,-0.0186088672636908,-0.00169171520579,0.00169171520579,5
50,2025-02-28,2025-03-31,WMT,WMT,Consumer Staples,0.1428571428571428,-0.1072804863963917,-0.0557193109150154,0.0121343103020051,-0.0025405168338667,0.0054621092043662,0.1027896788907793,0.7371779259503891,0.0086798848286668,-0.1159603712250585,-0.0165657673178655,-0.0015059788470786,0.0015059788470786,6
50,2025-02-28,2025-03-31,DAL,DAL,Industrials,0.0666666666666666,-0.2747837362057123,-0.0557193109150154,-0.0359823512434511,-0.0767487989919957,0.0003748613021942,-0.0838617138372753,1.0302794248650398,-0.0320242979350352,-0.242759438270677,-0.0161839625513784,-0.0014712693228525,0.0014712693228525,7
50,2025-02-28,2025-03-31,UAL,UAL,Industrials,0.0666666666666666,-0.2639376948212076,-0.0557193109150154,-0.0359823512434511,-0.0767487989919957,0.0003748613021942,-0.0838617138372753,1.0302794248650398,-0.0320242979350352,-0.2319133968861724,-0.0154608931257448,-0.001405535738704,0.001405535738704,8
50,2025-02-28,2025-03-31,COST,COST,Consumer Staples,0.1428571428571428,-0.0980632044419687,-0.0557193109150154,0.0121343103020051,-0.0025405168338667,0.0054621092043662,0.1027896788907793,0.7371779259503891,0.0086798848286668,-0.1067430892706355,-0.0152490127529479,-0.0013862738866316,0.0013862738866316,9
50,2025-02-28,2025-03-31,NRG,NRG,Utilities,0.1666666666666666,-0.0969634070881901,-0.0557193109150154,0.0114699239457864,-0.0711165079628702,-0.0014223123571198,0.2891936228087799,0.8156062910268472,-0.008181039613259,-0.0887823674749311,-0.0147970612458218,-0.0013451873859838,0.0013451873859838,10
50,2025-02-28,2025-03-31,LYV,LYV,Communication Services,0.25,-0.0891461964608035,-0.0557193109150154,-0.0236788030582502,-0.0427178407371852,-0.0011326615807789,0.3094308316009315,0.7351573881135401,-0.0357815813034011,-0.0533646151574024,-0.0133411537893506,-0.0012128321626682,0.0012128321626682,11
50,2025-02-28,2025-03-31,INCY,INCY,Health Care,0.0833333333333333,-0.1761904865700679,-0.0557193109150154,-0.0179675350141291,-0.0455540377609877,-0.0007987918140028,0.01730871467963,0.9265748524482734,-0.0184114875733522,-0.1577789989967157,-0.0131482499163929,-0.0011952954469448,0.0011952954469448,12
56,2025-08-29,2025-09-30,WBD,WBD,Communication Services,0.25,0.6778350610480433,0.0356204341862445,0.0641878760547293,0.1615940800652974,-0.0011326615807789,0.3094308316009315,0.7351573881135401,0.0570775903004074,0.6207574707476359,0.1551893676869089,0.0141081243351735,0.0141081243351735,1
56,2025-08-29,2025-09-30,WDC,WDC,Information Technology,0.0769230769230769,0.4961383998063262,0.0356204341862445,0.0641536271307472,0.1650625781232514,0.0005236624024297,-0.3820552638384731,1.287934649747219,0.0695403673100156,0.4265980324963105,0.0328152332689469,0.0029832030244497,0.0029832030244497,2
56,2025-08-29,2025-09-30,TSLA,TSLA,Consumer Discretionary,0.1,0.3320154782557032,0.0356204341862445,-0.0143040988612684,0.0533503448273785,-0.0041146616731395,0.5208667093579545,0.5893014073301694,0.0060094110778159,0.3260060671778872,0.0326006067177887,0.0029636915197989,0.0029636915197989,3
56,2025-08-29,2025-09-30,NEM,NEM,Materials,0.2,0.13696773492217,0.0356204341862445,-0.0314802681298153,0.0376289112936853,0.0022780784293218,0.2501318203732707,0.911333598170212,-0.0175011435512942,0.1544688784734642,0.0308937756946928,0.0028085250631538,0.0028085250631538,4
56,2025-08-29,2025-09-30,STX,STX,Information Technology,0.0769230769230769,0.4146001910688286,0.0356204341862445,0.0641536271307472,0.1650625781232514,0.0005236624024297,-0.3820552638384731,1.287934649747219,0.0695403673100156,0.3450598237588129,0.0265430633660625,0.0024130057605511,0.0024130057605511,5
56,2025-08-29,2025-09-30,WMB,WMB,Energy,0.25,0.103808133484559,0.0356204341862445,0.0149992395166911,0.0752031688708336,0.003019347214308,0.1509890622137699,1.023029321771844,0.0237423049975903,0.0800658284869687,0.0200164571217421,0.0018196779201583,0.0018196779201583,6
56,2025-08-29,2025-09-30,LYV,LYV,Communication Services,0.25,-0.0185597422971429,0.0356204341862445,0.0641878760547293,0.1615940800652974,-0.0011326615807789,0.3094308316009315,0.7351573881135401,0.0570775903004074,-0.0756373325975503,-0.0189093331493875,-0.0017190302863079,0.0017190302863079,7
56,2025-08-29,2025-09-30,EXE,EXE,Energy,0.25,0.0977475192070087,0.0356204341862445,0.0149992395166911,0.0752031688708336,0.003019347214308,0.1509890622137699,1.023029321771844,0.0237423049975903,0.0740052142094184,0.0185013035523546,0.0016819366865776,0.0016819366865776,8
56,2025-08-29,2025-09-30,DLTR,DLTR,Consumer Staples,0.1428571428571428,-0.1355683399342826,0.0356204341862445,-0.0346344391900189,-0.0115953165867328,0.0054621092043662,0.1027896788907793,0.7371779259503891,-0.0164082218522325,-0.11916011808205,-0.0170228740117214,-0.0015475340010655,0.0015475340010655,9
56,2025-08-29,2025-09-30,NFLX,NFLX,Communication Services,0.25,-0.0077219009357935,0.0356204341862445,0.0641878760547293,0.1615940800652974,-0.0011326615807789,0.3094308316009315,0.7351573881135401,0.0570775903004074,-0.0647994912362009,-0.0161998728090502,-0.0014727157099136,0.0014727157099136,10
56,2025-08-29,2025-09-30,META,META,Communication Services,0.25,-0.0051770975539169,0.0356204341862445,0.0641878760547293,0.1615940800652974,-0.0011326615807789,0.3094308316009315,0.7351573881135401,0.0570775903004074,-0.0622546878543243,-0.015563671963581,-0.0014148792694164,0.0014148792694164,11
56,2025-08-29,2025-09-30,VMC,VMC,Materials,0.2,0.0565325834566505,0.0356204341862445,-0.0314802681298153,0.0376289112936853,0.0022780784293218,0.2501318203732707,0.911333598170212,-0.0175011435512942,0.0740337270079447,0.0148067454015889,0.0013460677637808,0.0013460677637808,12
