analysis_month_number,theme_code,theme_name,active_tagged_winner_count,signed_theme_commonality_contribution,absolute_theme_commonality_contribution,aggregate_commonality_factor,absolute_aggregate_commonality_factor
1,S01,AI / Compute / Digital Infrastructure,4,-0.002029239894125949,0.002029239894125949,-0.026570510089296,0.026570510089296
2,S01,AI / Compute / Digital Infrastructure,5,-0.001404831399088,0.001404831399088,-0.0356121908414631,0.0356121908414631
3,S01,AI / Compute / Digital Infrastructure,2,0.001364387015420874,0.001364387015420874,-0.0010463437925989,0.0010463437925989
4,S01,AI / Compute / Digital Infrastructure,5,0.005808101528435801,0.005808101528435801,0.0057917762034896,0.0057917762034896
5,S01,AI / Compute / Digital Infrastructure,4,-0.0022368122574206997,0.0022368122574206997,-0.0026792784585861,0.0026792784585861
6,S01,AI / Compute / Digital Infrastructure,5,0.0009256766799923134,0.0009256766799923134,-0.0101285285565611,0.0101285285565611
7,S01,AI / Compute / Digital Infrastructure,4,0.0014591661511140996,0.0014591661511140996,0.012173374055108,0.012173374055108
8,S01,AI / Compute / Digital Infrastructure,3,-0.0025230532854746,0.0025230532854746,0.0038951094595815,0.0038951094595815
9,S01,AI / Compute / Digital Infrastructure,4,0.0030627585331068,0.0030627585331068,0.0161165519219697,0.0161165519219697
10,S01,AI / Compute / Digital Infrastructure,5,0.0020069067038535,0.0020069067038535,-0.0089659536708787,0.0089659536708787
11,S01,AI / Compute / Digital Infrastructure,6,0.00100053438452426,0.00100053438452426,-0.0068449511039414,0.0068449511039414
12,S01,AI / Compute / Digital Infrastructure,6,-0.004243160324861101,0.004243160324861101,-0.0289931560266946,0.0289931560266946
13,S01,AI / Compute / Digital Infrastructure,5,0.004969858658842599,0.004969858658842599,0.0119494207845293,0.0119494207845293
14,S01,AI / Compute / Digital Infrastructure,4,0.004444167878254,0.004444167878254,0.0158407516767279,0.0158407516767279
15,S01,AI / Compute / Digital Infrastructure,6,-0.0031543459017618998,0.0031543459017618998,-0.008876295590203,0.008876295590203
16,S01,AI / Compute / Digital Infrastructure,6,-0.0050247255598788,0.0050247255598788,-0.0141747443189113,0.0141747443189113
17,S01,AI / Compute / Digital Infrastructure,5,-0.0015690525877608927,0.0015690525877608927,0.0083588027088511,0.0083588027088511
18,S01,AI / Compute / Digital Infrastructure,4,0.004712677034867,0.004712677034867,-0.009238506382375,0.009238506382375
19,S01,AI / Compute / Digital Infrastructure,3,0.0023273006608749,0.0023273006608749,0.0203271535655298,0.0203271535655298
20,S01,AI / Compute / Digital Infrastructure,3,-0.0004885762528944,0.0004885762528944,0.013974997835212,0.013974997835212
21,S01,AI / Compute / Digital Infrastructure,4,0.0018700347165067242,0.0018700347165067242,0.0175925023717133,0.0175925023717133
22,S01,AI / Compute / Digital Infrastructure,2,0.0007645948756508,0.0007645948756508,-0.0304047667239001,0.0304047667239001
23,S01,AI / Compute / Digital Infrastructure,3,-0.0015123357240484,0.0015123357240484,-0.0072981595634097,0.0072981595634097
24,S01,AI / Compute / Digital Infrastructure,2,0.0031363116055769997,0.0031363116055769997,-0.0312120412597236,0.0312120412597236
25,S01,AI / Compute / Digital Infrastructure,3,-0.0002855295127247,0.0002855295127247,0.0138729690242993,0.0138729690242993
26,S01,AI / Compute / Digital Infrastructure,3,-0.0005749499712060015,0.0005749499712060015,0.004974391368723,0.004974391368723
27,S01,AI / Compute / Digital Infrastructure,3,-0.0007432636052044001,0.0007432636052044001,-0.004284561570165,0.004284561570165
28,S01,AI / Compute / Digital Infrastructure,4,0.0038775563012146247,0.0038775563012146247,-0.0003828212947141,0.0003828212947141
29,S01,AI / Compute / Digital Infrastructure,6,0.0038756506731239997,0.0038756506731239997,0.0005910370618961,0.0005910370618961
30,S01,AI / Compute / Digital Infrastructure,6,0.0029797850375339998,0.0029797850375339998,-0.0164626176104256,0.0164626176104256
31,S01,AI / Compute / Digital Infrastructure,6,0.0027641360720519,0.0027641360720519,0.0067270697611475,0.0067270697611475
32,S01,AI / Compute / Digital Infrastructure,5,0.0026560455163492,0.0026560455163492,-2.9990140570888204e-05,2.9990140570888204e-05
33,S01,AI / Compute / Digital Infrastructure,7,0.0015130040720223192,0.0015130040720223192,0.0048159159545982,0.0048159159545982
34,S01,AI / Compute / Digital Infrastructure,5,-0.0004574850599822509,0.0004574850599822509,0.0126267700200857,0.0126267700200857
35,S01,AI / Compute / Digital Infrastructure,5,-0.0003110762564998001,0.0003110762564998001,-0.0246613613736501,0.0246613613736501
36,S01,AI / Compute / Digital Infrastructure,7,0.005057827627626595,0.005057827627626595,0.0281785759812571,0.0281785759812571
37,S01,AI / Compute / Digital Infrastructure,6,0.0154202207884951,0.0154202207884951,0.0231646645293638,0.0231646645293638
38,S01,AI / Compute / Digital Infrastructure,6,0.00015436396540524725,0.00015436396540524725,6.43981556931439e-05,6.43981556931439e-05
39,S01,AI / Compute / Digital Infrastructure,5,-0.0012136559008186,0.0012136559008186,-0.0047691818457908,0.0047691818457908
40,S01,AI / Compute / Digital Infrastructure,5,0.004400718970976759,0.004400718970976759,0.00553998713446,0.00553998713446
41,S01,AI / Compute / Digital Infrastructure,6,0.0027599068822902,0.0027599068822902,0.0034828197343235,0.0034828197343235
42,S01,AI / Compute / Digital Infrastructure,5,-0.0029456476922687146,0.0029456476922687146,-0.0246093538642911,0.0246093538642911
43,S01,AI / Compute / Digital Infrastructure,5,0.0027626338039625354,0.0027626338039625354,0.0202047024805952,0.0202047024805952
44,S01,AI / Compute / Digital Infrastructure,6,0.007663783680051814,0.007663783680051814,0.0131559473403163,0.0131559473403163
45,S01,AI / Compute / Digital Infrastructure,6,0.0052384552946765,0.0052384552946765,0.0193663611725195,0.0193663611725195
46,S01,AI / Compute / Digital Infrastructure,6,-0.003306536564270755,0.003306536564270755,0.0215465414423573,0.0215465414423573
47,S01,AI / Compute / Digital Infrastructure,6,0.0006312581647764701,0.0006312581647764701,-0.0059751641454837,0.0059751641454837
48,S01,AI / Compute / Digital Infrastructure,7,0.0058409132321424456,0.0058409132321424456,0.0252698003019361,0.0252698003019361
49,S01,AI / Compute / Digital Infrastructure,7,-0.0079428545487539,0.0079428545487539,-2.5337452551444826e-06,2.5337452551444826e-06
50,S01,AI / Compute / Digital Infrastructure,6,-0.0042774041819335995,0.0042774041819335995,-0.0253731270417185,0.0253731270417185
51,S01,AI / Compute / Digital Infrastructure,3,0.003712296834914191,0.003712296834914191,0.018242169448524,0.018242169448524
52,S01,AI / Compute / Digital Infrastructure,2,0.0012845201960222999,0.0012845201960222999,-0.0050563676581227,0.0050563676581227
53,S01,AI / Compute / Digital Infrastructure,2,-0.0013427637750992,0.0013427637750992,-0.0108125408351624,0.0108125408351624
54,S01,AI / Compute / Digital Infrastructure,3,-0.0017073964164239998,0.0017073964164239998,-0.0063128062593659,0.0063128062593659
55,S01,AI / Compute / Digital Infrastructure,3,-0.0030373371214848003,0.0030373371214848003,-0.0175185485725618,0.0175185485725618
56,S01,AI / Compute / Digital Infrastructure,5,0.003807374163588381,0.003807374163588381,0.036804289069262,0.036804289069262
57,S01,AI / Compute / Digital Infrastructure,3,-0.0010149205616584,0.0010149205616584,-0.0147803375173818,0.0147803375173818
58,S01,AI / Compute / Digital Infrastructure,2,-0.0014235912541288001,0.0014235912541288001,0.0031069545891763,0.0031069545891763
59,S01,AI / Compute / Digital Infrastructure,2,0.0005312340017457,0.0005312340017457,-0.0046790653000441,0.0046790653000441
1,S02,Power / Energy Infrastructure,1,-0.003892416722291,0.003892416722291,-0.026570510089296,0.026570510089296
2,S02,Power / Energy Infrastructure,1,0.0007520822943494,0.0007520822943494,-0.0356121908414631,0.0356121908414631
3,S02,Power / Energy Infrastructure,0,0.0,0.0,-0.0010463437925989,0.0010463437925989
4,S02,Power / Energy Infrastructure,0,0.0,0.0,0.0057917762034896,0.0057917762034896
5,S02,Power / Energy Infrastructure,0,0.0,0.0,-0.0026792784585861,0.0026792784585861
6,S02,Power / Energy Infrastructure,0,0.0,0.0,-0.0101285285565611,0.0101285285565611
7,S02,Power / Energy Infrastructure,0,0.0,0.0,0.012173374055108,0.012173374055108
8,S02,Power / Energy Infrastructure,0,0.0,0.0,0.0038951094595815,0.0038951094595815
9,S02,Power / Energy Infrastructure,0,0.0,0.0,0.0161165519219697,0.0161165519219697
10,S02,Power / Energy Infrastructure,0,0.0,0.0,-0.0089659536708787,0.0089659536708787
11,S02,Power / Energy Infrastructure,0,0.0,0.0,-0.0068449511039414,0.0068449511039414
12,S02,Power / Energy Infrastructure,0,0.0,0.0,-0.0289931560266946,0.0289931560266946
13,S02,Power / Energy Infrastructure,0,0.0,0.0,0.0119494207845293,0.0119494207845293
14,S02,Power / Energy Infrastructure,0,0.0,0.0,0.0158407516767279,0.0158407516767279
15,S02,Power / Energy Infrastructure,0,0.0,0.0,-0.008876295590203,0.008876295590203
16,S02,Power / Energy Infrastructure,0,0.0,0.0,-0.0141747443189113,0.0141747443189113
17,S02,Power / Energy Infrastructure,0,0.0,0.0,0.0083588027088511,0.0083588027088511
18,S02,Power / Energy Infrastructure,0,0.0,0.0,-0.009238506382375,0.009238506382375
19,S02,Power / Energy Infrastructure,0,0.0,0.0,0.0203271535655298,0.0203271535655298
20,S02,Power / Energy Infrastructure,0,0.0,0.0,0.013974997835212,0.013974997835212
21,S02,Power / Energy Infrastructure,0,0.0,0.0,0.0175925023717133,0.0175925023717133
22,S02,Power / Energy Infrastructure,1,0.0011164499164377,0.0011164499164377,-0.0304047667239001,0.0304047667239001
23,S02,Power / Energy Infrastructure,0,0.0,0.0,-0.0072981595634097,0.0072981595634097
24,S02,Power / Energy Infrastructure,1,0.0013992821527421,0.0013992821527421,-0.0312120412597236,0.0312120412597236
25,S02,Power / Energy Infrastructure,2,-0.00012143124531260006,0.00012143124531260006,0.0138729690242993,0.0138729690242993
26,S02,Power / Energy Infrastructure,2,0.002170774179879299,0.002170774179879299,0.004974391368723,0.004974391368723
27,S02,Power / Energy Infrastructure,2,-0.0032632947284883997,0.0032632947284883997,-0.004284561570165,0.004284561570165
28,S02,Power / Energy Infrastructure,2,0.0010258279336046998,0.0010258279336046998,-0.0003828212947141,0.0003828212947141
29,S02,Power / Energy Infrastructure,2,0.0010545368293201,0.0010545368293201,0.0005910370618961,0.0005910370618961
30,S02,Power / Energy Infrastructure,2,0.0008246960359775,0.0008246960359775,-0.0164626176104256,0.0164626176104256
31,S02,Power / Energy Infrastructure,2,0.0034884784389921,0.0034884784389921,0.0067270697611475,0.0067270697611475
32,S02,Power / Energy Infrastructure,2,0.0029568295075163,0.0029568295075163,-2.9990140570888204e-05,2.9990140570888204e-05
33,S02,Power / Energy Infrastructure,2,0.0009438187079571,0.0009438187079571,0.0048159159545982,0.0048159159545982
34,S02,Power / Energy Infrastructure,3,0.0012869727894771863,0.0012869727894771863,0.0126267700200857,0.0126267700200857
35,S02,Power / Energy Infrastructure,3,-0.0023139397040495002,0.0023139397040495002,-0.0246613613736501,0.0246613613736501
36,S02,Power / Energy Infrastructure,3,0.004054587972950004,0.004054587972950004,0.0281785759812571,0.0281785759812571
37,S02,Power / Energy Infrastructure,3,0.007169523446408799,0.007169523446408799,0.0231646645293638,0.0231646645293638
38,S02,Power / Energy Infrastructure,3,0.0015236967186815,0.0015236967186815,6.43981556931439e-05,6.43981556931439e-05
39,S02,Power / Energy Infrastructure,3,-0.0006349774181892999,0.0006349774181892999,-0.0047691818457908,0.0047691818457908
40,S02,Power / Energy Infrastructure,3,0.0012544417518149998,0.0012544417518149998,0.00553998713446,0.00553998713446
41,S02,Power / Energy Infrastructure,4,-0.0006284926395111997,0.0006284926395111997,0.0034828197343235,0.0034828197343235
42,S02,Power / Energy Infrastructure,4,-0.0030798652882199433,0.0030798652882199433,-0.0246093538642911,0.0246093538642911
43,S02,Power / Energy Infrastructure,4,0.0032343948062803353,0.0032343948062803353,0.0202047024805952,0.0202047024805952
44,S02,Power / Energy Infrastructure,4,0.0109156171710865,0.0109156171710865,0.0131559473403163,0.0131559473403163
45,S02,Power / Energy Infrastructure,4,0.0071227671039848,0.0071227671039848,0.0193663611725195,0.0193663611725195
46,S02,Power / Energy Infrastructure,4,0.0052149431582256,0.0052149431582256,0.0215465414423573,0.0215465414423573
47,S02,Power / Energy Infrastructure,4,-0.0020232310586719,0.0020232310586719,-0.0059751641454837,0.0059751641454837
48,S02,Power / Energy Infrastructure,4,0.008744135106504099,0.008744135106504099,0.0252698003019361,0.0252698003019361
49,S02,Power / Energy Infrastructure,4,-0.005963107556129558,0.005963107556129558,-2.5337452551444826e-06,2.5337452551444826e-06
50,S02,Power / Energy Infrastructure,4,-0.0044847380986075,0.0044847380986075,-0.0253731270417185,0.0253731270417185
51,S02,Power / Energy Infrastructure,3,0.004443238007834432,0.004443238007834432,0.018242169448524,0.018242169448524
52,S02,Power / Energy Infrastructure,3,6.902681652790001e-05,6.902681652790001e-05,-0.0050563676581227,0.0050563676581227
53,S02,Power / Energy Infrastructure,2,0.0008642704326073001,0.0008642704326073001,-0.0108125408351624,0.0108125408351624
54,S02,Power / Energy Infrastructure,3,-0.0007913748591341,0.0007913748591341,-0.0063128062593659,0.0063128062593659
55,S02,Power / Energy Infrastructure,3,-0.0047725268218548,0.0047725268218548,-0.0175185485725618,0.0175185485725618
56,S02,Power / Energy Infrastructure,3,0.0021984837348379637,0.0021984837348379637,0.036804289069262,0.036804289069262
57,S02,Power / Energy Infrastructure,2,-0.0023200925657432,0.0023200925657432,-0.0147803375173818,0.0147803375173818
58,S02,Power / Energy Infrastructure,3,-0.0030744532583218,0.0030744532583218,0.0031069545891763,0.0031069545891763
59,S02,Power / Energy Infrastructure,2,-0.0031978994356343,0.0031978994356343,-0.0046790653000441,0.0046790653000441
1,S03,Electrification / Energy Transition,3,4.614564752380003e-05,4.614564752380003e-05,-0.026570510089296,0.026570510089296
2,S03,Electrification / Energy Transition,3,-0.0047329111690675,0.0047329111690675,-0.0356121908414631,0.0356121908414631
3,S03,Electrification / Energy Transition,3,0.0027504295150051743,0.0027504295150051743,-0.0010463437925989,0.0010463437925989
4,S03,Electrification / Energy Transition,4,0.0029546731197267005,0.0029546731197267005,0.0057917762034896,0.0057917762034896
5,S03,Electrification / Energy Transition,4,-0.0007186639204968999,0.0007186639204968999,-0.0026792784585861,0.0026792784585861
6,S03,Electrification / Energy Transition,4,0.005137576845737213,0.005137576845737213,-0.0101285285565611,0.0101285285565611
7,S03,Electrification / Energy Transition,4,0.0026434938387281,0.0026434938387281,0.012173374055108,0.012173374055108
8,S03,Electrification / Energy Transition,3,-0.0025355482992656,0.0025355482992656,0.0038951094595815,0.0038951094595815
9,S03,Electrification / Energy Transition,3,0.0036685695082066,0.0036685695082066,0.0161165519219697,0.0161165519219697
10,S03,Electrification / Energy Transition,5,0.0020330470438537003,0.0020330470438537003,-0.0089659536708787,0.0089659536708787
11,S03,Electrification / Energy Transition,5,-0.0024381253169131396,0.0024381253169131396,-0.0068449511039414,0.0068449511039414
12,S03,Electrification / Energy Transition,5,-0.0021602115861082,0.0021602115861082,-0.0289931560266946,0.0289931560266946
13,S03,Electrification / Energy Transition,3,0.013628056659616798,0.013628056659616798,0.0119494207845293,0.0119494207845293
14,S03,Electrification / Energy Transition,4,0.0083239505006711,0.0083239505006711,0.0158407516767279,0.0158407516767279
15,S03,Electrification / Energy Transition,4,-0.0019289587738821998,0.0019289587738821998,-0.008876295590203,0.008876295590203
16,S03,Electrification / Energy Transition,4,-0.0043987170316609,0.0043987170316609,-0.0141747443189113,0.0141747443189113
17,S03,Electrification / Energy Transition,4,-0.001820579659774033,0.001820579659774033,0.0083588027088511,0.0083588027088511
18,S03,Electrification / Energy Transition,4,0.0071763543223172,0.0071763543223172,-0.009238506382375,0.009238506382375
19,S03,Electrification / Energy Transition,2,0.0021378425686488,0.0021378425686488,0.0203271535655298,0.0203271535655298
20,S03,Electrification / Energy Transition,3,0.0001167956787792,0.0001167956787792,0.013974997835212,0.013974997835212
21,S03,Electrification / Energy Transition,4,-0.0001947819938308002,0.0001947819938308002,0.0175925023717133,0.0175925023717133
22,S03,Electrification / Energy Transition,3,-0.002897402212199,0.002897402212199,-0.0304047667239001,0.0304047667239001
23,S03,Electrification / Energy Transition,2,-0.0035559436660963003,0.0035559436660963003,-0.0072981595634097,0.0072981595634097
24,S03,Electrification / Energy Transition,3,0.0021580327768839,0.0021580327768839,-0.0312120412597236,0.0312120412597236
25,S03,Electrification / Energy Transition,4,0.001493682330822,0.001493682330822,0.0138729690242993,0.0138729690242993
26,S03,Electrification / Energy Transition,4,-0.0011007462532189012,0.0011007462532189012,0.004974391368723,0.004974391368723
27,S03,Electrification / Energy Transition,4,-0.0067676662281318,0.0067676662281318,-0.004284561570165,0.004284561570165
28,S03,Electrification / Energy Transition,3,0.0030043022655690003,0.0030043022655690003,-0.0003828212947141,0.0003828212947141
29,S03,Electrification / Energy Transition,3,0.0035412551062938,0.0035412551062938,0.0005910370618961,0.0005910370618961
30,S03,Electrification / Energy Transition,3,0.0006578748813538,0.0006578748813538,-0.0164626176104256,0.0164626176104256
31,S03,Electrification / Energy Transition,3,0.0022429548718415,0.0022429548718415,0.0067270697611475,0.0067270697611475
32,S03,Electrification / Energy Transition,3,0.0028480420625394,0.0028480420625394,-2.9990140570888204e-05,2.9990140570888204e-05
33,S03,Electrification / Energy Transition,4,7.280687682979998e-05,7.280687682979998e-05,0.0048159159545982,0.0048159159545982
34,S03,Electrification / Energy Transition,2,-0.00037090617652761366,0.00037090617652761366,0.0126267700200857,0.0126267700200857
35,S03,Electrification / Energy Transition,2,-0.0012444439557622,0.0012444439557622,-0.0246613613736501,0.0246613613736501
36,S03,Electrification / Energy Transition,4,0.0038701660326582003,0.0038701660326582003,0.0281785759812571,0.0281785759812571
37,S03,Electrification / Energy Transition,3,0.0049493205135055,0.0049493205135055,0.0231646645293638,0.0231646645293638
38,S03,Electrification / Energy Transition,2,0.0021084712545253,0.0021084712545253,6.43981556931439e-05,6.43981556931439e-05
39,S03,Electrification / Energy Transition,2,-0.0016422542435157,0.0016422542435157,-0.0047691818457908,0.0047691818457908
40,S03,Electrification / Energy Transition,2,0.0007297536654907,0.0007297536654907,0.00553998713446,0.00553998713446
41,S03,Electrification / Energy Transition,4,-0.0035105851610477998,0.0035105851610477998,0.0034828197343235,0.0034828197343235
42,S03,Electrification / Energy Transition,3,-0.0038314365306915434,0.0038314365306915434,-0.0246093538642911,0.0246093538642911
43,S03,Electrification / Energy Transition,3,0.0009230803920493354,0.0009230803920493354,0.0202047024805952,0.0202047024805952
44,S03,Electrification / Energy Transition,2,0.0090004834748447,0.0090004834748447,0.0131559473403163,0.0131559473403163
45,S03,Electrification / Energy Transition,2,0.0013431666949002001,0.0013431666949002001,0.0193663611725195,0.0193663611725195
46,S03,Electrification / Energy Transition,2,0.0022883574409796998,0.0022883574409796998,0.0215465414423573,0.0215465414423573
47,S03,Electrification / Energy Transition,2,-0.0019738359238713,0.0019738359238713,-0.0059751641454837,0.0059751641454837
48,S03,Electrification / Energy Transition,3,0.007616704565662099,0.007616704565662099,0.0252698003019361,0.0252698003019361
49,S03,Electrification / Energy Transition,3,-0.0088542366084154,0.0088542366084154,-2.5337452551444826e-06,2.5337452551444826e-06
50,S03,Electrification / Energy Transition,3,-0.004838930577605901,0.004838930577605901,-0.0253731270417185,0.0253731270417185
51,S03,Electrification / Energy Transition,2,0.0026177013566617,0.0026177013566617,0.018242169448524,0.018242169448524
52,S03,Electrification / Energy Transition,2,0.00447946147573,0.00447946147573,-0.0050563676581227,0.0050563676581227
53,S03,Electrification / Energy Transition,1,-0.0011437737551437,0.0011437737551437,-0.0108125408351624,0.0108125408351624
54,S03,Electrification / Energy Transition,4,0.00030925500628895073,0.00030925500628895073,-0.0063128062593659,0.0063128062593659
55,S03,Electrification / Energy Transition,4,-0.0047365837516238005,0.0047365837516238005,-0.0175185485725618,0.0175185485725618
56,S03,Electrification / Energy Transition,4,0.004305028350230564,0.004305028350230564,0.036804289069262,0.036804289069262
57,S03,Electrification / Energy Transition,1,-0.0007776781783122,0.0007776781783122,-0.0147803375173818,0.0147803375173818
58,S03,Electrification / Energy Transition,4,-0.0037653718608428,0.0037653718608428,0.0031069545891763,0.0031069545891763
59,S03,Electrification / Energy Transition,3,-0.0027762017532267,0.0027762017532267,-0.0046790653000441,0.0046790653000441
1,S04,Commodity / Resource Scarcity & Pricing,2,0.0017216848883174001,0.0017216848883174001,-0.026570510089296,0.026570510089296
2,S04,Commodity / Resource Scarcity & Pricing,4,-0.0050356252868913,0.0050356252868913,-0.0356121908414631,0.0356121908414631
3,S04,Commodity / Resource Scarcity & Pricing,5,0.0056461497558747,0.0056461497558747,-0.0010463437925989,0.0010463437925989
4,S04,Commodity / Resource Scarcity & Pricing,5,0.0018185016563421002,0.0018185016563421002,0.0057917762034896,0.0057917762034896
5,S04,Commodity / Resource Scarcity & Pricing,5,-0.0023245560096812994,0.0023245560096812994,-0.0026792784585861,0.0026792784585861
6,S04,Commodity / Resource Scarcity & Pricing,5,0.0025532186324777,0.0025532186324777,-0.0101285285565611,0.0101285285565611
7,S04,Commodity / Resource Scarcity & Pricing,5,0.0035546292980721647,0.0035546292980721647,0.012173374055108,0.012173374055108
8,S04,Commodity / Resource Scarcity & Pricing,4,0.001975992818729,0.001975992818729,0.0038951094595815,0.0038951094595815
9,S04,Commodity / Resource Scarcity & Pricing,4,0.004411513711914601,0.004411513711914601,0.0161165519219697,0.0161165519219697
10,S04,Commodity / Resource Scarcity & Pricing,5,0.0017679362087868,0.0017679362087868,-0.0089659536708787,0.0089659536708787
11,S04,Commodity / Resource Scarcity & Pricing,6,0.0003832204151388329,0.0003832204151388329,-0.0068449511039414,0.0068449511039414
12,S04,Commodity / Resource Scarcity & Pricing,6,0.0012158241106814999,0.0012158241106814999,-0.0289931560266946,0.0289931560266946
13,S04,Commodity / Resource Scarcity & Pricing,4,0.0112573821006146,0.0112573821006146,0.0119494207845293,0.0119494207845293
14,S04,Commodity / Resource Scarcity & Pricing,5,0.0086509792644045,0.0086509792644045,0.0158407516767279,0.0158407516767279
15,S04,Commodity / Resource Scarcity & Pricing,5,-0.0029706810469542,0.0029706810469542,-0.008876295590203,0.008876295590203
16,S04,Commodity / Resource Scarcity & Pricing,5,0.0019336644008078,0.0019336644008078,-0.0141747443189113,0.0141747443189113
17,S04,Commodity / Resource Scarcity & Pricing,5,-0.0055378076194236,0.0055378076194236,0.0083588027088511,0.0083588027088511
18,S04,Commodity / Resource Scarcity & Pricing,5,0.0035703851527962003,0.0035703851527962003,-0.009238506382375,0.009238506382375
19,S04,Commodity / Resource Scarcity & Pricing,4,0.0065546049814185,0.0065546049814185,0.0203271535655298,0.0203271535655298
20,S04,Commodity / Resource Scarcity & Pricing,4,0.0006804970980766999,0.0006804970980766999,0.013974997835212,0.013974997835212
21,S04,Commodity / Resource Scarcity & Pricing,5,0.0017394192843789998,0.0017394192843789998,0.0175925023717133,0.0175925023717133
22,S04,Commodity / Resource Scarcity & Pricing,5,-0.0108019250540582,0.0108019250540582,-0.0304047667239001,0.0304047667239001
23,S04,Commodity / Resource Scarcity & Pricing,4,-0.0051618178225739005,0.0051618178225739005,-0.0072981595634097,0.0072981595634097
24,S04,Commodity / Resource Scarcity & Pricing,3,-0.0037737270252499997,0.0037737270252499997,-0.0312120412597236,0.0312120412597236
25,S04,Commodity / Resource Scarcity & Pricing,2,0.0006939033148514,0.0006939033148514,0.0138729690242993,0.0138729690242993
26,S04,Commodity / Resource Scarcity & Pricing,1,-0.0021347426009994,0.0021347426009994,0.004974391368723,0.004974391368723
27,S04,Commodity / Resource Scarcity & Pricing,1,-0.0028453355658228,0.0028453355658228,-0.004284561570165,0.004284561570165
28,S04,Commodity / Resource Scarcity & Pricing,1,0.0019784743319643,0.0019784743319643,-0.0003828212947141,0.0003828212947141
29,S04,Commodity / Resource Scarcity & Pricing,0,0.0,0.0,0.0005910370618961,0.0005910370618961
30,S04,Commodity / Resource Scarcity & Pricing,0,0.0,0.0,-0.0164626176104256,0.0164626176104256
31,S04,Commodity / Resource Scarcity & Pricing,1,-0.0012455235671506,0.0012455235671506,0.0067270697611475,0.0067270697611475
32,S04,Commodity / Resource Scarcity & Pricing,1,-0.0001087874449769,0.0001087874449769,-2.9990140570888204e-05,2.9990140570888204e-05
33,S04,Commodity / Resource Scarcity & Pricing,1,-0.0007601061611183,0.0007601061611183,0.0048159159545982,0.0048159159545982
34,S04,Commodity / Resource Scarcity & Pricing,0,0.0,0.0,0.0126267700200857,0.0126267700200857
35,S04,Commodity / Resource Scarcity & Pricing,0,0.0,0.0,-0.0246613613736501,0.0246613613736501
36,S04,Commodity / Resource Scarcity & Pricing,0,0.0,0.0,0.0281785759812571,0.0281785759812571
37,S04,Commodity / Resource Scarcity & Pricing,0,0.0,0.0,0.0231646645293638,0.0231646645293638
38,S04,Commodity / Resource Scarcity & Pricing,0,0.0,0.0,6.43981556931439e-05,6.43981556931439e-05
39,S04,Commodity / Resource Scarcity & Pricing,0,0.0,0.0,-0.0047691818457908,0.0047691818457908
40,S04,Commodity / Resource Scarcity & Pricing,0,0.0,0.0,0.00553998713446,0.00553998713446
41,S04,Commodity / Resource Scarcity & Pricing,1,-0.0008456275053799,0.0008456275053799,0.0034828197343235,0.0034828197343235
42,S04,Commodity / Resource Scarcity & Pricing,0,0.0,0.0,-0.0246093538642911,0.0246093538642911
43,S04,Commodity / Resource Scarcity & Pricing,0,0.0,0.0,0.0202047024805952,0.0202047024805952
44,S04,Commodity / Resource Scarcity & Pricing,0,0.0,0.0,0.0131559473403163,0.0131559473403163
45,S04,Commodity / Resource Scarcity & Pricing,1,-0.0023401874710045,0.0023401874710045,0.0193663611725195,0.0193663611725195
46,S04,Commodity / Resource Scarcity & Pricing,0,0.0,0.0,0.0215465414423573,0.0215465414423573
47,S04,Commodity / Resource Scarcity & Pricing,1,-0.0048292415852341,0.0048292415852341,-0.0059751641454837,0.0059751641454837
48,S04,Commodity / Resource Scarcity & Pricing,1,0.0028995547822978,0.0028995547822978,0.0252698003019361,0.0252698003019361
49,S04,Commodity / Resource Scarcity & Pricing,1,0.0017079082391445,0.0017079082391445,-2.5337452551444826e-06,2.5337452551444826e-06
50,S04,Commodity / Resource Scarcity & Pricing,2,0.0011163481118053,0.0011163481118053,-0.0253731270417185,0.0253731270417185
51,S04,Commodity / Resource Scarcity & Pricing,2,0.0047864064362138,0.0047864064362138,0.018242169448524,0.018242169448524
52,S04,Commodity / Resource Scarcity & Pricing,2,-0.0047439172297724,0.0047439172297724,-0.0050563676581227,0.0050563676581227
53,S04,Commodity / Resource Scarcity & Pricing,2,-0.0011888244625035,0.0011888244625035,-0.0108125408351624,0.0108125408351624
54,S04,Commodity / Resource Scarcity & Pricing,4,-0.0018544680790517497,0.0018544680790517497,-0.0063128062593659,0.0063128062593659
55,S04,Commodity / Resource Scarcity & Pricing,3,-0.0014169589682568,0.0014169589682568,-0.0175185485725618,0.0175185485725618
56,S04,Commodity / Resource Scarcity & Pricing,3,0.0049149080452052,0.0049149080452052,0.036804289069262,0.036804289069262
57,S04,Commodity / Resource Scarcity & Pricing,2,-0.003827809972734,0.003827809972734,-0.0147803375173818,0.0147803375173818
58,S04,Commodity / Resource Scarcity & Pricing,2,-0.0013838853830514999,0.0013838853830514999,0.0031069545891763,0.0031069545891763
59,S04,Commodity / Resource Scarcity & Pricing,3,0.0005378243224868999,0.0005378243224868999,-0.0046790653000441,0.0046790653000441
1,S05,Capacity Expansion / Supply-Demand Imbalance,3,-0.007376492862513,0.007376492862513,-0.026570510089296,0.026570510089296
2,S05,Capacity Expansion / Supply-Demand Imbalance,5,-0.0027544788058069996,0.0027544788058069996,-0.0356121908414631,0.0356121908414631
3,S05,Capacity Expansion / Supply-Demand Imbalance,4,0.0012531695928717744,0.0012531695928717744,-0.0010463437925989,0.0010463437925989
4,S05,Capacity Expansion / Supply-Demand Imbalance,5,0.0035626145034258006,0.0035626145034258006,0.0057917762034896,0.0057917762034896
5,S05,Capacity Expansion / Supply-Demand Imbalance,5,0.0002255418239203001,0.0002255418239203001,-0.0026792784585861,0.0026792784585861
6,S05,Capacity Expansion / Supply-Demand Imbalance,6,0.0019816927779652133,0.0019816927779652133,-0.0101285285565611,0.0101285285565611
7,S05,Capacity Expansion / Supply-Demand Imbalance,6,0.006595501555830201,0.006595501555830201,0.012173374055108,0.012173374055108
8,S05,Capacity Expansion / Supply-Demand Imbalance,4,-0.0018140334941754,0.0018140334941754,0.0038951094595815,0.0038951094595815
9,S05,Capacity Expansion / Supply-Demand Imbalance,6,0.0053126997600265995,0.0053126997600265995,0.0161165519219697,0.0161165519219697
10,S05,Capacity Expansion / Supply-Demand Imbalance,6,0.003960002423049,0.003960002423049,-0.0089659536708787,0.0089659536708787
11,S05,Capacity Expansion / Supply-Demand Imbalance,7,-0.00213153494261264,0.00213153494261264,-0.0068449511039414,0.0068449511039414
12,S05,Capacity Expansion / Supply-Demand Imbalance,7,-0.0044209979363376,0.0044209979363376,-0.0289931560266946,0.0289931560266946
13,S05,Capacity Expansion / Supply-Demand Imbalance,4,0.0013898093974437993,0.0013898093974437993,0.0119494207845293,0.0119494207845293
14,S05,Capacity Expansion / Supply-Demand Imbalance,4,0.003893383079938,0.003893383079938,0.0158407516767279,0.0158407516767279
15,S05,Capacity Expansion / Supply-Demand Imbalance,5,0.0018572045021668564,0.0018572045021668564,-0.008876295590203,0.008876295590203
16,S05,Capacity Expansion / Supply-Demand Imbalance,5,-0.0044821491373213005,0.0044821491373213005,-0.0141747443189113,0.0141747443189113
17,S05,Capacity Expansion / Supply-Demand Imbalance,6,-0.0020033257741424934,0.0020033257741424934,0.0083588027088511,0.0083588027088511
18,S05,Capacity Expansion / Supply-Demand Imbalance,6,0.0064999142017695,0.0064999142017695,-0.009238506382375,0.009238506382375
19,S05,Capacity Expansion / Supply-Demand Imbalance,4,0.001698478003497352,0.001698478003497352,0.0203271535655298,0.0203271535655298
20,S05,Capacity Expansion / Supply-Demand Imbalance,4,-0.0006156358013213999,0.0006156358013213999,0.013974997835212,0.013974997835212
21,S05,Capacity Expansion / Supply-Demand Imbalance,6,0.0009811848959091999,0.0009811848959091999,0.0175925023717133,0.0175925023717133
22,S05,Capacity Expansion / Supply-Demand Imbalance,3,-0.0021771735933858,0.0021771735933858,-0.0304047667239001,0.0304047667239001
23,S05,Capacity Expansion / Supply-Demand Imbalance,3,-0.0011757289282747889,0.0011757289282747889,-0.0072981595634097,0.0072981595634097
24,S05,Capacity Expansion / Supply-Demand Imbalance,3,0.0024848469493363996,0.0024848469493363996,-0.0312120412597236,0.0312120412597236
25,S05,Capacity Expansion / Supply-Demand Imbalance,4,-0.0006811107838882,0.0006811107838882,0.0138729690242993,0.0138729690242993
26,S05,Capacity Expansion / Supply-Demand Imbalance,5,-0.0020608683611984015,0.0020608683611984015,0.004974391368723,0.004974391368723
27,S05,Capacity Expansion / Supply-Demand Imbalance,6,-0.002690930957889176,0.002690930957889176,-0.004284561570165,0.004284561570165
28,S05,Capacity Expansion / Supply-Demand Imbalance,5,0.004601221805523624,0.004601221805523624,-0.0003828212947141,0.0003828212947141
29,S05,Capacity Expansion / Supply-Demand Imbalance,6,0.0048632646776092,0.0048632646776092,0.0005910370618961,0.0005910370618961
30,S05,Capacity Expansion / Supply-Demand Imbalance,7,0.0035864779231005997,0.0035864779231005997,-0.0164626176104256,0.0164626176104256
31,S05,Capacity Expansion / Supply-Demand Imbalance,6,0.0020949235556109998,0.0020949235556109998,0.0067270697611475,0.0067270697611475
32,S05,Capacity Expansion / Supply-Demand Imbalance,7,0.004565364192437984,0.004565364192437984,-2.9990140570888204e-05,2.9990140570888204e-05
33,S05,Capacity Expansion / Supply-Demand Imbalance,8,0.0032746308524905995,0.0032746308524905995,0.0048159159545982,0.0048159159545982
34,S05,Capacity Expansion / Supply-Demand Imbalance,8,0.0030425134597263687,0.0030425134597263687,0.0126267700200857,0.0126267700200857
35,S05,Capacity Expansion / Supply-Demand Imbalance,7,-0.0017604065657493998,0.0017604065657493998,-0.0246613613736501,0.0246613613736501
36,S05,Capacity Expansion / Supply-Demand Imbalance,9,0.0030318665758123373,0.0030318665758123373,0.0281785759812571,0.0281785759812571
37,S05,Capacity Expansion / Supply-Demand Imbalance,9,0.0175422540104042,0.0175422540104042,0.0231646645293638,0.0231646645293638
38,S05,Capacity Expansion / Supply-Demand Imbalance,8,0.00016835668263069994,0.00016835668263069994,6.43981556931439e-05,6.43981556931439e-05
39,S05,Capacity Expansion / Supply-Demand Imbalance,8,0.0013995245375506,0.0013995245375506,-0.0047691818457908,0.0047691818457908
40,S05,Capacity Expansion / Supply-Demand Imbalance,8,0.003288516171629758,0.003288516171629758,0.00553998713446,0.00553998713446
41,S05,Capacity Expansion / Supply-Demand Imbalance,9,0.0036616667911009,0.0036616667911009,0.0034828197343235,0.0034828197343235
42,S05,Capacity Expansion / Supply-Demand Imbalance,9,-0.005764828433015799,0.005764828433015799,-0.0246093538642911,0.0246093538642911
43,S05,Capacity Expansion / Supply-Demand Imbalance,9,0.008095309985632234,0.008095309985632234,0.0202047024805952,0.0202047024805952
44,S05,Capacity Expansion / Supply-Demand Imbalance,10,0.013394115601639705,0.013394115601639705,0.0131559473403163,0.0131559473403163
45,S05,Capacity Expansion / Supply-Demand Imbalance,10,0.010813133720792381,0.010813133720792381,0.0193663611725195,0.0193663611725195
46,S05,Capacity Expansion / Supply-Demand Imbalance,9,0.003924429638226701,0.003924429638226701,0.0215465414423573,0.0215465414423573
47,S05,Capacity Expansion / Supply-Demand Imbalance,11,-0.006907837243800999,0.006907837243800999,-0.0059751641454837,0.0059751641454837
48,S05,Capacity Expansion / Supply-Demand Imbalance,12,0.016161641974745282,0.016161641974745282,0.0252698003019361,0.0252698003019361
49,S05,Capacity Expansion / Supply-Demand Imbalance,12,-0.006380390634260357,0.006380390634260357,-2.5337452551444826e-06,2.5337452551444826e-06
50,S05,Capacity Expansion / Supply-Demand Imbalance,10,-0.008999101570077798,0.008999101570077798,-0.0253731270417185,0.0253731270417185
51,S05,Capacity Expansion / Supply-Demand Imbalance,8,0.009851683542775233,0.009851683542775233,0.018242169448524,0.018242169448524
52,S05,Capacity Expansion / Supply-Demand Imbalance,7,-0.001372961979799143,0.001372961979799143,-0.0050563676581227,0.0050563676581227
53,S05,Capacity Expansion / Supply-Demand Imbalance,6,-0.0013523977079772998,0.0013523977079772998,-0.0108125408351624,0.0108125408351624
54,S05,Capacity Expansion / Supply-Demand Imbalance,7,-0.0027896453766259,0.0027896453766259,-0.0063128062593659,0.0063128062593659
55,S05,Capacity Expansion / Supply-Demand Imbalance,8,-0.00034995128209564354,0.00034995128209564354,-0.0175185485725618,0.0175185485725618
56,S05,Capacity Expansion / Supply-Demand Imbalance,9,0.002400387753129364,0.002400387753129364,0.036804289069262,0.036804289069262
57,S05,Capacity Expansion / Supply-Demand Imbalance,6,-0.004274922255011201,0.004274922255011201,-0.0147803375173818,0.0147803375173818
58,S05,Capacity Expansion / Supply-Demand Imbalance,6,-0.00042935816505390014,0.00042935816505390014,0.0031069545891763,0.0031069545891763
59,S05,Capacity Expansion / Supply-Demand Imbalance,4,-0.0007932286850810999,0.0007932286850810999,-0.0046790653000441,0.0046790653000441
1,S06,Digital Platform / Monetization Shift,3,-0.0041238960622662,0.0041238960622662,-0.026570510089296,0.026570510089296
2,S06,Digital Platform / Monetization Shift,2,-0.0016405636176506002,0.0016405636176506002,-0.0356121908414631,0.0356121908414631
3,S06,Digital Platform / Monetization Shift,1,-0.0016945091405573,0.0016945091405573,-0.0010463437925989,0.0010463437925989
4,S06,Digital Platform / Monetization Shift,0,0.0,0.0,0.0057917762034896,0.0057917762034896
5,S06,Digital Platform / Monetization Shift,0,0.0,0.0,-0.0026792784585861,0.0026792784585861
6,S06,Digital Platform / Monetization Shift,0,0.0,0.0,-0.0101285285565611,0.0101285285565611
7,S06,Digital Platform / Monetization Shift,1,0.0013454986753352,0.0013454986753352,0.012173374055108,0.012173374055108
8,S06,Digital Platform / Monetization Shift,0,0.0,0.0,0.0038951094595815,0.0038951094595815
9,S06,Digital Platform / Monetization Shift,1,-0.0011710109137518,0.0011710109137518,0.0161165519219697,0.0161165519219697
10,S06,Digital Platform / Monetization Shift,1,-0.0013920864799202,0.0013920864799202,-0.0089659536708787,0.0089659536708787
11,S06,Digital Platform / Monetization Shift,2,-7.051257295570003e-05,7.051257295570003e-05,-0.0068449511039414,0.0068449511039414
12,S06,Digital Platform / Monetization Shift,0,0.0,0.0,-0.0289931560266946,0.0289931560266946
13,S06,Digital Platform / Monetization Shift,0,0.0,0.0,0.0119494207845293,0.0119494207845293
14,S06,Digital Platform / Monetization Shift,0,0.0,0.0,0.0158407516767279,0.0158407516767279
15,S06,Digital Platform / Monetization Shift,0,0.0,0.0,-0.008876295590203,0.008876295590203
16,S06,Digital Platform / Monetization Shift,0,0.0,0.0,-0.0141747443189113,0.0141747443189113
17,S06,Digital Platform / Monetization Shift,0,0.0,0.0,0.0083588027088511,0.0083588027088511
18,S06,Digital Platform / Monetization Shift,0,0.0,0.0,-0.009238506382375,0.009238506382375
19,S06,Digital Platform / Monetization Shift,0,0.0,0.0,0.0203271535655298,0.0203271535655298
20,S06,Digital Platform / Monetization Shift,0,0.0,0.0,0.013974997835212,0.013974997835212
21,S06,Digital Platform / Monetization Shift,0,0.0,0.0,0.0175925023717133,0.0175925023717133
22,S06,Digital Platform / Monetization Shift,0,0.0,0.0,-0.0304047667239001,0.0304047667239001
23,S06,Digital Platform / Monetization Shift,1,-0.0040698565861551,0.0040698565861551,-0.0072981595634097,0.0072981595634097
24,S06,Digital Platform / Monetization Shift,0,0.0,0.0,-0.0312120412597236,0.0312120412597236
25,S06,Digital Platform / Monetization Shift,0,0.0,0.0,0.0138729690242993,0.0138729690242993
26,S06,Digital Platform / Monetization Shift,0,0.0,0.0,0.004974391368723,0.004974391368723
27,S06,Digital Platform / Monetization Shift,0,0.0,0.0,-0.004284561570165,0.004284561570165
28,S06,Digital Platform / Monetization Shift,1,0.0047502790892312,0.0047502790892312,-0.0003828212947141,0.0003828212947141
29,S06,Digital Platform / Monetization Shift,1,0.0011147866301314,0.0011147866301314,0.0005910370618961,0.0005910370618961
30,S06,Digital Platform / Monetization Shift,2,-0.000699232180401195,0.000699232180401195,-0.0164626176104256,0.0164626176104256
31,S06,Digital Platform / Monetization Shift,3,0.0013741877195145588,0.0013741877195145588,0.0067270697611475,0.0067270697611475
32,S06,Digital Platform / Monetization Shift,2,-0.001334234309647,0.001334234309647,-2.9990140570888204e-05,2.9990140570888204e-05
33,S06,Digital Platform / Monetization Shift,2,0.003022420393729,0.003022420393729,0.0048159159545982,0.0048159159545982
34,S06,Digital Platform / Monetization Shift,1,-0.0012615713474456,0.0012615713474456,0.0126267700200857,0.0126267700200857
35,S06,Digital Platform / Monetization Shift,3,1.8056102231199978e-05,1.8056102231199978e-05,-0.0246613613736501,0.0246613613736501
36,S06,Digital Platform / Monetization Shift,3,0.004468907466279,0.004468907466279,0.0281785759812571,0.0281785759812571
37,S06,Digital Platform / Monetization Shift,2,0.0007382410034903,0.0007382410034903,0.0231646645293638,0.0231646645293638
38,S06,Digital Platform / Monetization Shift,3,0.0017675414999094997,0.0017675414999094997,6.43981556931439e-05,6.43981556931439e-05
39,S06,Digital Platform / Monetization Shift,3,0.0005032947449874834,0.0005032947449874834,-0.0047691818457908,0.0047691818457908
40,S06,Digital Platform / Monetization Shift,3,0.0043664471085923,0.0043664471085923,0.00553998713446,0.00553998713446
41,S06,Digital Platform / Monetization Shift,3,0.0013572242559359,0.0013572242559359,0.0034828197343235,0.0034828197343235
42,S06,Digital Platform / Monetization Shift,3,-0.003972836533266201,0.003972836533266201,-0.0246093538642911,0.0246093538642911
43,S06,Digital Platform / Monetization Shift,3,0.0049853249384194005,0.0049853249384194005,0.0202047024805952,0.0202047024805952
44,S06,Digital Platform / Monetization Shift,3,0.0003322455150997,0.0003322455150997,0.0131559473403163,0.0131559473403163
45,S06,Digital Platform / Monetization Shift,3,0.0019117529318177936,0.0019117529318177936,0.0193663611725195,0.0193663611725195
46,S06,Digital Platform / Monetization Shift,3,0.0044797307779939,0.0044797307779939,0.0215465414423573,0.0215465414423573
47,S06,Digital Platform / Monetization Shift,3,0.0003565152619613,0.0003565152619613,-0.0059751641454837,0.0059751641454837
48,S06,Digital Platform / Monetization Shift,3,0.004329981191937501,0.004329981191937501,0.0252698003019361,0.0252698003019361
49,S06,Digital Platform / Monetization Shift,3,-0.00046728975793400003,0.00046728975793400003,-2.5337452551444826e-06,2.5337452551444826e-06
50,S06,Digital Platform / Monetization Shift,3,-0.0031511809462388,0.0031511809462388,-0.0253731270417185,0.0253731270417185
51,S06,Digital Platform / Monetization Shift,2,0.0037477735670999003,0.0037477735670999003,0.018242169448524,0.018242169448524
52,S06,Digital Platform / Monetization Shift,2,0.0004508466941890947,0.0004508466941890947,-0.0050563676581227,0.0050563676581227
53,S06,Digital Platform / Monetization Shift,3,0.0013470991724127998,0.0013470991724127998,-0.0108125408351624,0.0108125408351624
54,S06,Digital Platform / Monetization Shift,3,-0.0031364231858064,0.0031364231858064,-0.0063128062593659,0.0063128062593659
55,S06,Digital Platform / Monetization Shift,3,-0.0020270112551802,0.0020270112551802,-0.0175185485725618,0.0175185485725618
56,S06,Digital Platform / Monetization Shift,4,0.014758124103077,0.014758124103077,0.036804289069262,0.036804289069262
57,S06,Digital Platform / Monetization Shift,3,-0.00029038919963009994,0.00029038919963009994,-0.0147803375173818,0.0147803375173818
58,S06,Digital Platform / Monetization Shift,3,0.0020931185708862,0.0020931185708862,0.0031069545891763,0.0031069545891763
59,S06,Digital Platform / Monetization Shift,3,0.0040153639186792,0.0040153639186792,-0.0046790653000441,0.0046790653000441
1,S07,Experiential / Consumer Demand,0,0.0,0.0,-0.026570510089296,0.026570510089296
2,S07,Experiential / Consumer Demand,0,0.0,0.0,-0.0356121908414631,0.0356121908414631
3,S07,Experiential / Consumer Demand,1,-0.000314363181547,0.000314363181547,-0.0010463437925989,0.0010463437925989
4,S07,Experiential / Consumer Demand,0,0.0,0.0,0.0057917762034896,0.0057917762034896
5,S07,Experiential / Consumer Demand,0,0.0,0.0,-0.0026792784585861,0.0026792784585861
6,S07,Experiential / Consumer Demand,1,-0.0016952557654998,0.0016952557654998,-0.0101285285565611,0.0101285285565611
7,S07,Experiential / Consumer Demand,1,0.0014320609447054,0.0014320609447054,0.012173374055108,0.012173374055108
8,S07,Experiential / Consumer Demand,0,0.0,0.0,0.0038951094595815,0.0038951094595815
9,S07,Experiential / Consumer Demand,1,0.0017856772183406,0.0017856772183406,0.0161165519219697,0.0161165519219697
10,S07,Experiential / Consumer Demand,1,0.0020393150917591,0.0020393150917591,-0.0089659536708787,0.0089659536708787
11,S07,Experiential / Consumer Demand,1,0.0014481677065084,0.0014481677065084,-0.0068449511039414,0.0068449511039414
12,S07,Experiential / Consumer Demand,1,-0.0010878109378501,0.0010878109378501,-0.0289931560266946,0.0289931560266946
13,S07,Experiential / Consumer Demand,1,0.0022006227225105,0.0022006227225105,0.0119494207845293,0.0119494207845293
14,S07,Experiential / Consumer Demand,1,-0.0005974358589342,0.0005974358589342,0.0158407516767279,0.0158407516767279
15,S07,Experiential / Consumer Demand,1,5.276770569245627e-05,5.276770569245627e-05,-0.008876295590203,0.008876295590203
16,S07,Experiential / Consumer Demand,1,-0.0019498854452159,0.0019498854452159,-0.0141747443189113,0.0141747443189113
17,S07,Experiential / Consumer Demand,1,-0.0005176607989872,0.0005176607989872,0.0083588027088511,0.0083588027088511
18,S07,Experiential / Consumer Demand,1,0.0013547657524956,0.0013547657524956,-0.009238506382375,0.009238506382375
19,S07,Experiential / Consumer Demand,1,6.274688203785199e-05,6.274688203785199e-05,0.0203271535655298,0.0203271535655298
20,S07,Experiential / Consumer Demand,1,-0.0008054330074212,0.0008054330074212,0.013974997835212,0.013974997835212
21,S07,Experiential / Consumer Demand,1,-0.0004182363257786,0.0004182363257786,0.0175925023717133,0.0175925023717133
22,S07,Experiential / Consumer Demand,0,0.0,0.0,-0.0304047667239001,0.0304047667239001
23,S07,Experiential / Consumer Demand,0,0.0,0.0,-0.0072981595634097,0.0072981595634097
24,S07,Experiential / Consumer Demand,0,0.0,0.0,-0.0312120412597236,0.0312120412597236
25,S07,Experiential / Consumer Demand,0,0.0,0.0,0.0138729690242993,0.0138729690242993
26,S07,Experiential / Consumer Demand,0,0.0,0.0,0.004974391368723,0.004974391368723
27,S07,Experiential / Consumer Demand,0,0.0,0.0,-0.004284561570165,0.004284561570165
28,S07,Experiential / Consumer Demand,0,0.0,0.0,-0.0003828212947141,0.0003828212947141
29,S07,Experiential / Consumer Demand,0,0.0,0.0,0.0005910370618961,0.0005910370618961
30,S07,Experiential / Consumer Demand,1,0.000171289388109,0.000171289388109,-0.0164626176104256,0.0164626176104256
31,S07,Experiential / Consumer Demand,1,-0.0004673420804472,0.0004673420804472,0.0067270697611475,0.0067270697611475
32,S07,Experiential / Consumer Demand,1,-2.3999297953416285e-05,2.3999297953416285e-05,-2.9990140570888204e-05,2.9990140570888204e-05
33,S07,Experiential / Consumer Demand,1,-0.0002145924974705,0.0002145924974705,0.0048159159545982,0.0048159159545982
34,S07,Experiential / Consumer Demand,1,0.0014771443467803,0.0014771443467803,0.0126267700200857,0.0126267700200857
35,S07,Experiential / Consumer Demand,1,0.001121317591505,0.001121317591505,-0.0246613613736501,0.0246613613736501
36,S07,Experiential / Consumer Demand,1,-5.795203588966151e-05,5.795203588966151e-05,0.0281785759812571,0.0281785759812571
37,S07,Experiential / Consumer Demand,1,-0.0008630173385917,0.0008630173385917,0.0231646645293638,0.0231646645293638
38,S07,Experiential / Consumer Demand,1,0.0008749352497711,0.0008749352497711,6.43981556931439e-05,6.43981556931439e-05
39,S07,Experiential / Consumer Demand,1,0.0006502040968441,0.0006502040968441,-0.0047691818457908,0.0047691818457908
40,S07,Experiential / Consumer Demand,2,-8.196758017190003e-05,8.196758017190003e-05,0.00553998713446,0.00553998713446
41,S07,Experiential / Consumer Demand,1,0.0005987254476338,0.0005987254476338,0.0034828197343235,0.0034828197343235
42,S07,Experiential / Consumer Demand,1,-0.0002878481534147,0.0002878481534147,-0.0246093538642911,0.0246093538642911
43,S07,Experiential / Consumer Demand,1,0.0003227411769328,0.0003227411769328,0.0202047024805952,0.0202047024805952
44,S07,Experiential / Consumer Demand,1,0.0003621239563228,0.0003621239563228,0.0131559473403163,0.0131559473403163
45,S07,Experiential / Consumer Demand,1,0.0016740355324835,0.0016740355324835,0.0193663611725195,0.0193663611725195
46,S07,Experiential / Consumer Demand,1,0.0009700185261777,0.0009700185261777,0.0215465414423573,0.0215465414423573
47,S07,Experiential / Consumer Demand,1,-0.0001099563858836,0.0001099563858836,-0.0059751641454837,0.0059751641454837
48,S07,Experiential / Consumer Demand,1,0.0011830991185868,0.0011830991185868,0.0252698003019361,0.0252698003019361
49,S07,Experiential / Consumer Demand,1,-0.0005533514261413,0.0005533514261413,-2.5337452551444826e-06,2.5337452551444826e-06
50,S07,Experiential / Consumer Demand,2,-0.0019748022904793,0.0019748022904793,-0.0253731270417185,0.0253731270417185
51,S07,Experiential / Consumer Demand,1,0.0006035812743303,0.0006035812743303,0.018242169448524,0.018242169448524
52,S07,Experiential / Consumer Demand,1,0.0012081221628678,0.0012081221628678,-0.0050563676581227,0.0050563676581227
53,S07,Experiential / Consumer Demand,1,0.0016302982596812,0.0016302982596812,-0.0108125408351624,0.0108125408351624
54,S07,Experiential / Consumer Demand,1,-0.0001092622248263,0.0001092622248263,-0.0063128062593659,0.0063128062593659
55,S07,Experiential / Consumer Demand,2,0.0030174041910896,0.0030174041910896,-0.0175185485725618,0.0175185485725618
56,S07,Experiential / Consumer Demand,2,-0.0027409565769490997,0.0027409565769490997,0.036804289069262,0.036804289069262
57,S07,Experiential / Consumer Demand,2,-0.0021981278054355002,0.0021981278054355002,-0.0147803375173818,0.0147803375173818
58,S07,Experiential / Consumer Demand,1,-0.0008318068814059,0.0008318068814059,0.0031069545891763,0.0031069545891763
59,S07,Experiential / Consumer Demand,0,0.0,0.0,-0.0046790653000441,0.0046790653000441
1,S08,Real-Asset Occupancy / Demographic Demand,0,0.0,0.0,-0.026570510089296,0.026570510089296
2,S08,Real-Asset Occupancy / Demographic Demand,0,0.0,0.0,-0.0356121908414631,0.0356121908414631
3,S08,Real-Asset Occupancy / Demographic Demand,2,0.00019461548084249563,0.00019461548084249563,-0.0010463437925989,0.0010463437925989
4,S08,Real-Asset Occupancy / Demographic Demand,2,0.001039356103915,0.001039356103915,0.0057917762034896,0.0057917762034896
5,S08,Real-Asset Occupancy / Demographic Demand,2,-0.0009393085934575001,0.0009393085934575001,-0.0026792784585861,0.0026792784585861
6,S08,Real-Asset Occupancy / Demographic Demand,2,0.0003835401928212001,0.0003835401928212001,-0.0101285285565611,0.0101285285565611
7,S08,Real-Asset Occupancy / Demographic Demand,2,0.00020032544276160007,0.00020032544276160007,0.012173374055108,0.012173374055108
8,S08,Real-Asset Occupancy / Demographic Demand,2,0.0014158226624549999,0.0014158226624549999,0.0038951094595815,0.0038951094595815
9,S08,Real-Asset Occupancy / Demographic Demand,2,0.0011541403874021326,0.0011541403874021326,0.0161165519219697,0.0161165519219697
10,S08,Real-Asset Occupancy / Demographic Demand,2,-0.0004245671361686001,0.0004245671361686001,-0.0089659536708787,0.0089659536708787
11,S08,Real-Asset Occupancy / Demographic Demand,2,0.00041646251248279994,0.00041646251248279994,-0.0068449511039414,0.0068449511039414
12,S08,Real-Asset Occupancy / Demographic Demand,1,-0.0003675782050493,0.0003675782050493,-0.0289931560266946,0.0289931560266946
13,S08,Real-Asset Occupancy / Demographic Demand,2,-0.0009323192410948,0.0009323192410948,0.0119494207845293,0.0119494207845293
14,S08,Real-Asset Occupancy / Demographic Demand,0,0.0,0.0,0.0158407516767279,0.0158407516767279
15,S08,Real-Asset Occupancy / Demographic Demand,0,0.0,0.0,-0.008876295590203,0.008876295590203
16,S08,Real-Asset Occupancy / Demographic Demand,0,0.0,0.0,-0.0141747443189113,0.0141747443189113
17,S08,Real-Asset Occupancy / Demographic Demand,0,0.0,0.0,0.0083588027088511,0.0083588027088511
18,S08,Real-Asset Occupancy / Demographic Demand,0,0.0,0.0,-0.009238506382375,0.009238506382375
19,S08,Real-Asset Occupancy / Demographic Demand,0,0.0,0.0,0.0203271535655298,0.0203271535655298
20,S08,Real-Asset Occupancy / Demographic Demand,0,0.0,0.0,0.013974997835212,0.013974997835212
21,S08,Real-Asset Occupancy / Demographic Demand,0,0.0,0.0,0.0175925023717133,0.0175925023717133
22,S08,Real-Asset Occupancy / Demographic Demand,0,0.0,0.0,-0.0304047667239001,0.0304047667239001
23,S08,Real-Asset Occupancy / Demographic Demand,0,0.0,0.0,-0.0072981595634097,0.0072981595634097
24,S08,Real-Asset Occupancy / Demographic Demand,0,0.0,0.0,-0.0312120412597236,0.0312120412597236
25,S08,Real-Asset Occupancy / Demographic Demand,0,0.0,0.0,0.0138729690242993,0.0138729690242993
26,S08,Real-Asset Occupancy / Demographic Demand,0,0.0,0.0,0.004974391368723,0.004974391368723
27,S08,Real-Asset Occupancy / Demographic Demand,2,0.0004697759975127243,0.0004697759975127243,-0.004284561570165,0.004284561570165
28,S08,Real-Asset Occupancy / Demographic Demand,1,-0.0005751753270101,0.0005751753270101,-0.0003828212947141,0.0003828212947141
29,S08,Real-Asset Occupancy / Demographic Demand,1,0.0007588949542674,0.0007588949542674,0.0005910370618961,0.0005910370618961
30,S08,Real-Asset Occupancy / Demographic Demand,1,0.0007650756626666,0.0007650756626666,-0.0164626176104256,0.0164626176104256
31,S08,Real-Asset Occupancy / Demographic Demand,1,-0.0009567031594918,0.0009567031594918,0.0067270697611475,0.0067270697611475
32,S08,Real-Asset Occupancy / Demographic Demand,2,0.001204849366882,0.001204849366882,-2.9990140570888204e-05,2.9990140570888204e-05
33,S08,Real-Asset Occupancy / Demographic Demand,3,0.0010045680383259001,0.0010045680383259001,0.0048159159545982,0.0048159159545982
34,S08,Real-Asset Occupancy / Demographic Demand,2,0.00013045514957590003,0.00013045514957590003,0.0126267700200857,0.0126267700200857
35,S08,Real-Asset Occupancy / Demographic Demand,1,-0.0011515407695545,0.0011515407695545,-0.0246613613736501,0.0246613613736501
36,S08,Real-Asset Occupancy / Demographic Demand,1,-0.0001489333364451,0.0001489333364451,0.0281785759812571,0.0281785759812571
37,S08,Real-Asset Occupancy / Demographic Demand,2,0.0014569176970913,0.0014569176970913,0.0231646645293638,0.0231646645293638
38,S08,Real-Asset Occupancy / Demographic Demand,2,0.0002703520298955,0.0002703520298955,6.43981556931439e-05,6.43981556931439e-05
39,S08,Real-Asset Occupancy / Demographic Demand,2,0.00018015105304729998,0.00018015105304729998,-0.0047691818457908,0.0047691818457908
40,S08,Real-Asset Occupancy / Demographic Demand,2,0.0001943856093968,0.0001943856093968,0.00553998713446,0.00553998713446
41,S08,Real-Asset Occupancy / Demographic Demand,2,-0.0005114841063347,0.0005114841063347,0.0034828197343235,0.0034828197343235
42,S08,Real-Asset Occupancy / Demographic Demand,2,-0.00043391213541190007,0.00043391213541190007,-0.0246093538642911,0.0246093538642911
43,S08,Real-Asset Occupancy / Demographic Demand,2,0.0011013755018771999,0.0011013755018771999,0.0202047024805952,0.0202047024805952
44,S08,Real-Asset Occupancy / Demographic Demand,3,0.001292320684755307,0.001292320684755307,0.0131559473403163,0.0131559473403163
45,S08,Real-Asset Occupancy / Demographic Demand,3,0.0026350206617308,0.0026350206617308,0.0193663611725195,0.0193663611725195
46,S08,Real-Asset Occupancy / Demographic Demand,2,0.0008594913475626,0.0008594913475626,0.0215465414423573,0.0215465414423573
47,S08,Real-Asset Occupancy / Demographic Demand,3,-0.0001612563468825976,0.0001612563468825976,-0.0059751641454837,0.0059751641454837
48,S08,Real-Asset Occupancy / Demographic Demand,3,0.002418082492585101,0.002418082492585101,0.0252698003019361,0.0252698003019361
49,S08,Real-Asset Occupancy / Demographic Demand,3,0.0015085235854130998,0.0015085235854130998,-2.5337452551444826e-06,2.5337452551444826e-06
50,S08,Real-Asset Occupancy / Demographic Demand,2,-0.0004145033776143,0.0004145033776143,-0.0253731270417185,0.0253731270417185
51,S08,Real-Asset Occupancy / Demographic Demand,2,-0.00045128860495139995,0.00045128860495139995,0.018242169448524,0.018242169448524
52,S08,Real-Asset Occupancy / Demographic Demand,2,-8.421443419367741e-05,8.421443419367741e-05,-0.0050563676581227,0.0050563676581227
53,S08,Real-Asset Occupancy / Demographic Demand,2,0.0012891476068062,0.0012891476068062,-0.0108125408351624,0.0108125408351624
54,S08,Real-Asset Occupancy / Demographic Demand,2,0.0027890969036704003,0.0027890969036704003,-0.0063128062593659,0.0063128062593659
55,S08,Real-Asset Occupancy / Demographic Demand,3,0.0012574355034167563,0.0012574355034167563,-0.0175185485725618,0.0175185485725618
56,S08,Real-Asset Occupancy / Demographic Demand,3,0.0008332695466376001,0.0008332695466376001,0.036804289069262,0.036804289069262
57,S08,Real-Asset Occupancy / Demographic Demand,3,0.00022907699369743135,0.00022907699369743135,-0.0147803375173818,0.0147803375173818
58,S08,Real-Asset Occupancy / Demographic Demand,3,0.0035484600638429,0.0035484600638429,0.0031069545891763,0.0031069545891763
59,S08,Real-Asset Occupancy / Demographic Demand,3,-0.0013048191348039623,0.0013048191348039623,-0.0046790653000441,0.0046790653000441
1,S09,Strategic Consolidation / Portfolio Scale,1,-0.001523447226594,0.001523447226594,-0.026570510089296,0.026570510089296
2,S09,Strategic Consolidation / Portfolio Scale,2,-0.0012523669865914001,0.0012523669865914001,-0.0356121908414631,0.0356121908414631
3,S09,Strategic Consolidation / Portfolio Scale,2,-0.0006589893439498001,0.0006589893439498001,-0.0010463437925989,0.0010463437925989
4,S09,Strategic Consolidation / Portfolio Scale,2,0.0048952030371821,0.0048952030371821,0.0057917762034896,0.0057917762034896
5,S09,Strategic Consolidation / Portfolio Scale,2,0.0008256021774554,0.0008256021774554,-0.0026792784585861,0.0026792784585861
6,S09,Strategic Consolidation / Portfolio Scale,2,0.0008001979616049999,0.0008001979616049999,-0.0101285285565611,0.0101285285565611
7,S09,Strategic Consolidation / Portfolio Scale,3,0.0062003989830795,0.0062003989830795,0.012173374055108,0.012173374055108
8,S09,Strategic Consolidation / Portfolio Scale,2,0.0007513144748081001,0.0007513144748081001,0.0038951094595815,0.0038951094595815
9,S09,Strategic Consolidation / Portfolio Scale,3,1.2562843698700048e-05,1.2562843698700048e-05,0.0161165519219697,0.0161165519219697
10,S09,Strategic Consolidation / Portfolio Scale,3,0.00026677599989759996,0.00026677599989759996,-0.0089659536708787,0.0089659536708787
11,S09,Strategic Consolidation / Portfolio Scale,3,0.00236002490664486,0.00236002490664486,-0.0068449511039414,0.0068449511039414
12,S09,Strategic Consolidation / Portfolio Scale,2,-0.0020914601221507,0.0020914601221507,-0.0289931560266946,0.0289931560266946
13,S09,Strategic Consolidation / Portfolio Scale,2,0.007738931855464299,0.007738931855464299,0.0119494207845293,0.0119494207845293
14,S09,Strategic Consolidation / Portfolio Scale,2,-0.0010064767673813998,0.0010064767673813998,0.0158407516767279,0.0158407516767279
15,S09,Strategic Consolidation / Portfolio Scale,2,0.001999272227812,0.001999272227812,-0.008876295590203,0.008876295590203
16,S09,Strategic Consolidation / Portfolio Scale,2,-0.0004838171390875003,0.0004838171390875003,-0.0141747443189113,0.0141747443189113
17,S09,Strategic Consolidation / Portfolio Scale,2,-0.0021953125310347,0.0021953125310347,0.0083588027088511,0.0083588027088511
18,S09,Strategic Consolidation / Portfolio Scale,2,0.0048528401743415,0.0048528401743415,-0.009238506382375,0.009238506382375
19,S09,Strategic Consolidation / Portfolio Scale,1,0.0017732739011481,0.0017732739011481,0.0203271535655298,0.0203271535655298
20,S09,Strategic Consolidation / Portfolio Scale,2,-0.001498768610104,0.001498768610104,0.013974997835212,0.013974997835212
21,S09,Strategic Consolidation / Portfolio Scale,2,0.0025637004751145,0.0025637004751145,0.0175925023717133,0.0175925023717133
22,S09,Strategic Consolidation / Portfolio Scale,1,-0.0032688193520889,0.0032688193520889,-0.0304047667239001,0.0304047667239001
23,S09,Strategic Consolidation / Portfolio Scale,3,-0.005685666386722001,0.005685666386722001,-0.0072981595634097,0.0072981595634097
24,S09,Strategic Consolidation / Portfolio Scale,1,0.0029990936576131,0.0029990936576131,-0.0312120412597236,0.0312120412597236
25,S09,Strategic Consolidation / Portfolio Scale,2,-0.00043222474338570004,0.00043222474338570004,0.0138729690242993,0.0138729690242993
26,S09,Strategic Consolidation / Portfolio Scale,2,-0.0010687266953710015,0.0010687266953710015,0.004974391368723,0.004974391368723
27,S09,Strategic Consolidation / Portfolio Scale,2,-0.0011534533351182001,0.0011534533351182001,-0.004284561570165,0.004284561570165
28,S09,Strategic Consolidation / Portfolio Scale,1,0.002064385081982,0.002064385081982,-0.0003828212947141,0.0003828212947141
29,S09,Strategic Consolidation / Portfolio Scale,2,0.0033026926558415,0.0033026926558415,0.0005910370618961,0.0005910370618961
30,S09,Strategic Consolidation / Portfolio Scale,2,0.0001740304920845,0.0001740304920845,-0.0164626176104256,0.0164626176104256
31,S09,Strategic Consolidation / Portfolio Scale,2,0.002766821208001,0.002766821208001,0.0067270697611475,0.0067270697611475
32,S09,Strategic Consolidation / Portfolio Scale,1,0.0015592426564832,0.0015592426564832,-2.9990140570888204e-05,2.9990140570888204e-05
33,S09,Strategic Consolidation / Portfolio Scale,2,0.0003821679982803,0.0003821679982803,0.0048159159545982,0.0048159159545982
34,S09,Strategic Consolidation / Portfolio Scale,1,1.6615913150786383e-05,1.6615913150786383e-05,0.0126267700200857,0.0126267700200857
35,S09,Strategic Consolidation / Portfolio Scale,2,-0.00015411372460490006,0.00015411372460490006,-0.0246613613736501,0.0246613613736501
36,S09,Strategic Consolidation / Portfolio Scale,3,0.0038650131884282,0.0038650131884282,0.0281785759812571,0.0281785759812571
37,S09,Strategic Consolidation / Portfolio Scale,2,0.0056585717757603,0.0056585717757603,0.0231646645293638,0.0231646645293638
38,S09,Strategic Consolidation / Portfolio Scale,2,0.0030805504592043,0.0030805504592043,6.43981556931439e-05,6.43981556931439e-05
39,S09,Strategic Consolidation / Portfolio Scale,2,0.001417748031365,0.001417748031365,-0.0047691818457908,0.0047691818457908
40,S09,Strategic Consolidation / Portfolio Scale,2,0.0022986818497847,0.0022986818497847,0.00553998713446,0.00553998713446
41,S09,Strategic Consolidation / Portfolio Scale,3,-0.0024166319134008,0.0024166319134008,0.0034828197343235,0.0034828197343235
42,S09,Strategic Consolidation / Portfolio Scale,3,-0.0051799024545759,0.0051799024545759,-0.0246093538642911,0.0246093538642911
43,S09,Strategic Consolidation / Portfolio Scale,3,0.0018548906830499353,0.0018548906830499353,0.0202047024805952,0.0202047024805952
44,S09,Strategic Consolidation / Portfolio Scale,3,0.009186312362027299,0.009186312362027299,0.0131559473403163,0.0131559473403163
45,S09,Strategic Consolidation / Portfolio Scale,4,-0.0009378114904661059,0.0009378114904661059,0.0193663611725195,0.0193663611725195
46,S09,Strategic Consolidation / Portfolio Scale,3,0.0034467698452187,0.0034467698452187,0.0215465414423573,0.0215465414423573
47,S09,Strategic Consolidation / Portfolio Scale,3,-0.0026584679172908,0.0026584679172908,-0.0059751641454837,0.0059751641454837
48,S09,Strategic Consolidation / Portfolio Scale,3,0.0095595807583884,0.0095595807583884,0.0252698003019361,0.0252698003019361
49,S09,Strategic Consolidation / Portfolio Scale,3,-0.0063887815215836,0.0063887815215836,-2.5337452551444826e-06,2.5337452551444826e-06
50,S09,Strategic Consolidation / Portfolio Scale,4,-0.0027829600462402,0.0027829600462402,-0.0253731270417185,0.0253731270417185
51,S09,Strategic Consolidation / Portfolio Scale,3,0.006070969892198,0.006070969892198,0.018242169448524,0.018242169448524
52,S09,Strategic Consolidation / Portfolio Scale,2,0.0022868479291962,0.0022868479291962,-0.0050563676581227,0.0050563676581227
53,S09,Strategic Consolidation / Portfolio Scale,2,0.0015178757099233,0.0015178757099233,-0.0108125408351624,0.0108125408351624
54,S09,Strategic Consolidation / Portfolio Scale,4,0.0017327181565221,0.0017327181565221,-0.0063128062593659,0.0063128062593659
55,S09,Strategic Consolidation / Portfolio Scale,4,-0.0022707817787553,0.0022707817787553,-0.0175185485725618,0.0175185485725618
56,S09,Strategic Consolidation / Portfolio Scale,5,0.018390877672022365,0.018390877672022365,0.036804289069262,0.036804289069262
57,S09,Strategic Consolidation / Portfolio Scale,3,-0.0004177160519863,0.0004177160519863,-0.0147803375173818,0.0147803375173818
58,S09,Strategic Consolidation / Portfolio Scale,5,0.0010400751024802,0.0010400751024802,0.0031069545891763,0.0031069545891763
59,S09,Strategic Consolidation / Portfolio Scale,4,0.0054612983887612,0.0054612983887612,-0.0046790653000441,0.0046790653000441
1,S10,Recurring Membership / Customer-Loyalty Economics,2,-0.0021853642580585,0.0021853642580585,-0.026570510089296,0.026570510089296
2,S10,Recurring Membership / Customer-Loyalty Economics,1,-0.00027355772492,0.00027355772492,-0.0356121908414631,0.0356121908414631
3,S10,Recurring Membership / Customer-Loyalty Economics,0,0.0,0.0,-0.0010463437925989,0.0010463437925989
4,S10,Recurring Membership / Customer-Loyalty Economics,0,0.0,0.0,0.0057917762034896,0.0057917762034896
5,S10,Recurring Membership / Customer-Loyalty Economics,0,0.0,0.0,-0.0026792784585861,0.0026792784585861
6,S10,Recurring Membership / Customer-Loyalty Economics,0,0.0,0.0,-0.0101285285565611,0.0101285285565611
7,S10,Recurring Membership / Customer-Loyalty Economics,0,0.0,0.0,0.012173374055108,0.012173374055108
8,S10,Recurring Membership / Customer-Loyalty Economics,1,0.0001876989954628,0.0001876989954628,0.0038951094595815,0.0038951094595815
9,S10,Recurring Membership / Customer-Loyalty Economics,0,0.0,0.0,0.0161165519219697,0.0161165519219697
10,S10,Recurring Membership / Customer-Loyalty Economics,0,0.0,0.0,-0.0089659536708787,0.0089659536708787
11,S10,Recurring Membership / Customer-Loyalty Economics,1,-0.0005569401964652,0.0005569401964652,-0.0068449511039414,0.0068449511039414
12,S10,Recurring Membership / Customer-Loyalty Economics,1,-0.0015992930006092,0.0015992930006092,-0.0289931560266946,0.0289931560266946
13,S10,Recurring Membership / Customer-Loyalty Economics,1,0.0004735394171642,0.0004735394171642,0.0119494207845293,0.0119494207845293
14,S10,Recurring Membership / Customer-Loyalty Economics,1,0.0013637742555459,0.0013637742555459,0.0158407516767279,0.0158407516767279
15,S10,Recurring Membership / Customer-Loyalty Economics,1,-0.0014348904584302,0.0014348904584302,-0.008876295590203,0.008876295590203
16,S10,Recurring Membership / Customer-Loyalty Economics,1,-0.0016629219493311,0.0016629219493311,-0.0141747443189113,0.0141747443189113
17,S10,Recurring Membership / Customer-Loyalty Economics,1,0.0006655313556478,0.0006655313556478,0.0083588027088511,0.0083588027088511
18,S10,Recurring Membership / Customer-Loyalty Economics,0,0.0,0.0,-0.009238506382375,0.009238506382375
19,S10,Recurring Membership / Customer-Loyalty Economics,0,0.0,0.0,0.0203271535655298,0.0203271535655298
20,S10,Recurring Membership / Customer-Loyalty Economics,0,0.0,0.0,0.013974997835212,0.013974997835212
21,S10,Recurring Membership / Customer-Loyalty Economics,0,0.0,0.0,0.0175925023717133,0.0175925023717133
22,S10,Recurring Membership / Customer-Loyalty Economics,0,0.0,0.0,-0.0304047667239001,0.0304047667239001
23,S10,Recurring Membership / Customer-Loyalty Economics,0,0.0,0.0,-0.0072981595634097,0.0072981595634097
24,S10,Recurring Membership / Customer-Loyalty Economics,0,0.0,0.0,-0.0312120412597236,0.0312120412597236
25,S10,Recurring Membership / Customer-Loyalty Economics,0,0.0,0.0,0.0138729690242993,0.0138729690242993
26,S10,Recurring Membership / Customer-Loyalty Economics,0,0.0,0.0,0.004974391368723,0.004974391368723
27,S10,Recurring Membership / Customer-Loyalty Economics,0,0.0,0.0,-0.004284561570165,0.004284561570165
28,S10,Recurring Membership / Customer-Loyalty Economics,0,0.0,0.0,-0.0003828212947141,0.0003828212947141
29,S10,Recurring Membership / Customer-Loyalty Economics,0,0.0,0.0,0.0005910370618961,0.0005910370618961
30,S10,Recurring Membership / Customer-Loyalty Economics,1,-8.2676310977595e-05,8.2676310977595e-05,-0.0164626176104256,0.0164626176104256
31,S10,Recurring Membership / Customer-Loyalty Economics,1,0.0007277955803715,0.0007277955803715,0.0067270697611475,0.0067270697611475
32,S10,Recurring Membership / Customer-Loyalty Economics,1,0.0003706825189113,0.0003706825189113,-2.9990140570888204e-05,2.9990140570888204e-05
33,S10,Recurring Membership / Customer-Loyalty Economics,1,0.0005172218546855,0.0005172218546855,0.0048159159545982,0.0048159159545982
34,S10,Recurring Membership / Customer-Loyalty Economics,2,-0.000936632275832,0.000936632275832,0.0126267700200857,0.0126267700200857
35,S10,Recurring Membership / Customer-Loyalty Economics,2,0.0009413690834544,0.0009413690834544,-0.0246613613736501,0.0246613613736501
36,S10,Recurring Membership / Customer-Loyalty Economics,2,0.0012960593590397,0.0012960593590397,0.0281785759812571,0.0281785759812571
37,S10,Recurring Membership / Customer-Loyalty Economics,2,0.0010402803223103,0.0010402803223103,0.0231646645293638,0.0231646645293638
38,S10,Recurring Membership / Customer-Loyalty Economics,2,-0.000889427273478,0.000889427273478,6.43981556931439e-05,6.43981556931439e-05
39,S10,Recurring Membership / Customer-Loyalty Economics,2,0.00012495773751450566,0.00012495773751450566,-0.0047691818457908,0.0047691818457908
40,S10,Recurring Membership / Customer-Loyalty Economics,2,0.0029429016666762,0.0029429016666762,0.00553998713446,0.00553998713446
41,S10,Recurring Membership / Customer-Loyalty Economics,2,0.0013696024313693,0.0013696024313693,0.0034828197343235,0.0034828197343235
42,S10,Recurring Membership / Customer-Loyalty Economics,2,-0.0007728062753564006,0.0007728062753564006,-0.0246093538642911,0.0246093538642911
43,S10,Recurring Membership / Customer-Loyalty Economics,2,0.0020152622508381,0.0020152622508381,0.0202047024805952,0.0202047024805952
44,S10,Recurring Membership / Customer-Loyalty Economics,2,7.052462423899999e-05,7.052462423899999e-05,0.0131559473403163,0.0131559473403163
45,S10,Recurring Membership / Customer-Loyalty Economics,2,0.0007114451232912,0.0007114451232912,0.0193663611725195,0.0193663611725195
46,S10,Recurring Membership / Customer-Loyalty Economics,2,0.0022980940548134,0.0022980940548134,0.0215465414423573,0.0215465414423573
47,S10,Recurring Membership / Customer-Loyalty Economics,2,-0.00022379338703309998,0.00022379338703309998,-0.0059751641454837,0.0059751641454837
48,S10,Recurring Membership / Customer-Loyalty Economics,2,0.0021234247815455,0.0021234247815455,0.0252698003019361,0.0252698003019361
49,S10,Recurring Membership / Customer-Loyalty Economics,2,0.00020282692539229998,0.00020282692539229998,-2.5337452551444826e-06,2.5337452551444826e-06
50,S10,Recurring Membership / Customer-Loyalty Economics,2,-0.0028922527337102,0.0028922527337102,-0.0253731270417185,0.0253731270417185
51,S10,Recurring Membership / Customer-Loyalty Economics,2,0.0021754548283461003,0.0021754548283461003,0.018242169448524,0.018242169448524
52,S10,Recurring Membership / Customer-Loyalty Economics,2,0.0005414414384502947,0.0005414414384502947,-0.0050563676581227,0.0050563676581227
53,S10,Recurring Membership / Customer-Loyalty Economics,2,-0.0007486646386507,0.0007486646386507,-0.0108125408351624,0.0108125408351624
54,S10,Recurring Membership / Customer-Loyalty Economics,1,-0.0001330907575335,0.0001330907575335,-0.0063128062593659,0.0063128062593659
55,S10,Recurring Membership / Customer-Loyalty Economics,2,-0.000466485914756,0.000466485914756,-0.0175185485725618,0.0175185485725618
56,S10,Recurring Membership / Customer-Loyalty Economics,1,0.0010272930188017,0.0010272930188017,0.036804289069262,0.036804289069262
57,S10,Recurring Membership / Customer-Loyalty Economics,1,-0.000126493472152,0.000126493472152,-0.0147803375173818,0.0147803375173818
58,S10,Recurring Membership / Customer-Loyalty Economics,1,0.0007330664045858,0.0007330664045858,0.0031069545891763,0.0031069545891763
59,S10,Recurring Membership / Customer-Loyalty Economics,1,0.0002176443452634,0.0002176443452634,-0.0046790653000441,0.0046790653000441
